model,label,lam,seed,params,val_auc,auc,ap,delta_muscle,retrieval_muscle,delta_type,retrieval_type,silhouette_type,per_relation
jaccard,Jaccard on target-muscle sets (no learning),,0,0,,,,,1.0,,0.5427262313860252,,{}
mf,Free embeddings (matrix factorization),0.0,0,59008,0.8910219853610366,0.8584299687825183,0.8180227914607784,0.25646859407424927,0.4357388316151203,0.39079374074935913,0.9294387170675831,0.18754027783870697,"{""hasForce"": {""auc"": 0.9412110726643599, ""ap"": 0.9210007867587586, ""neg_fail"": 0.0, ""n_test"": 170}, ""hasIntensity"": {""auc"": 0.8358204081632653, ""ap"": 0.7969196787401747, ""neg_fail"": 0.0, ""n_test"": 175}, ""hasMechanic"": {""auc"": 0.9150777119051434, ""ap"": 0.9117197213020399, ""neg_fail"": 0.0, ""n_test"": 158}, ""isVariationOf"": {""auc"": 0.8446745562130178, ""ap"": 0.8450527471036298, ""neg_fail"": 0.0, ""n_test"": 26}, ""recruits"": {""auc"": 0.8249671055460479, ""ap"": 0.7921301406340474, ""neg_fail"": 0.0, ""n_test"": 341}, ""requires"": {""auc"": 0.750530612244898, ""ap"": 0.7555866792756165, ""neg_fail"": 0.0, ""n_test"": 175}, ""supportsGoal"": {""auc"": 0.9538751147842056, ""ap"": 0.938957877634042, ""neg_fail"": 0.0, ""n_test"": 330}, ""targets"": {""auc"": 0.7684244897959183, ""ap"": 0.678232563677521, ""neg_fail"": 0.0, ""n_test"": 175}}"
mf,Free embeddings (matrix factorization),0.0,1,59008,0.8916006803030074,0.853029760665973,0.8151889769129607,0.31183284521102905,0.43871706758304696,0.5247092247009277,0.9315005727376862,0.24141405522823334,"{""hasForce"": {""auc"": 0.9430795847750866, ""ap"": 0.9374743525169186, ""neg_fail"": 0.0, ""n_test"": 170}, ""hasIntensity"": {""auc"": 0.8512653061224489, ""ap"": 0.7989251544414646, ""neg_fail"": 0.0, ""n_test"": 175}, ""hasMechanic"": {""auc"": 0.9040618490626503, ""ap"": 0.9012158016539739, ""neg_fail"": 0.0, ""n_test"": 158}, ""isVariationOf"": {""auc"": 0.9393491124260355, ""ap"": 0.9376967607546396, ""neg_fail"": 0.0, ""n_test"": 26}, ""recruits"": {""auc"": 0.8425452137494518, ""ap"": 0.8155155629450828, ""neg_fail"": 0.0, ""n_test"": 341}, ""requires"": {""auc"": 0.7233959183673468, ""ap"": 0.7018092544577134, ""neg_fail"": 0.0, ""n_test"": 175}, ""supportsGoal"": {""auc"": 0.9125803489439852, ""ap"": 0.8779366147648963, ""neg_fail"": 0.0, ""n_test"": 330}, ""targets"": {""auc"": 0.7731591836734694, ""ap"": 0.7100131238474676, ""neg_fail"": 0.0, ""n_test"": 175}}"
mf,Free embeddings (matrix factorization),0.0,2,59008,0.8743945992958091,0.8722790842872008,0.8401933053103234,0.280446320772171,0.4263459335624284,0.48120731115341187,0.938602520045819,0.21642908453941345,"{""hasForce"": {""auc"": 0.9224567474048443, ""ap"": 0.9149606672480527, ""neg_fail"": 0.0, ""n_test"": 170}, ""hasIntensity"": {""auc"": 0.8023510204081632, ""ap"": 0.7712872867491918, ""neg_fail"": 0.0, ""n_test"": 175}, ""hasMechanic"": {""auc"": 0.9008572344175613, ""ap"": 0.8943980174311357, ""neg_fail"": 0.0, ""n_test"": 158}, ""isVariationOf"": {""auc"": 0.9423076923076923, ""ap"": 0.9296876188131948, ""neg_fail"": 0.0, ""n_test"": 26}, ""recruits"": {""auc"": 0.8402232522940118, ""ap"": 0.8023579486930413, ""neg_fail"": 0.0, ""n_test"": 341}, ""requires"": {""auc"": 0.8118530612244899, ""ap"": 0.80113381280705, ""neg_fail"": 0.0, ""n_test"": 175}, ""supportsGoal"": {""auc"": 0.9530027548209365, ""ap"": 0.9328607012349466, ""neg_fail"": 0.0, ""n_test"": 330}, ""targets"": {""auc"": 0.8060081632653062, ""ap"": 0.7505758603322192, ""neg_fail"": 0.0, ""n_test"": 175}}"
mf,Free embeddings (matrix factorization),0.0,3,59008,0.8806458504712832,0.8659279916753382,0.832911361925619,0.17583206295967102,0.3958762886597938,0.2973737418651581,0.9081328751431844,0.13551340997219086,"{""hasForce"": {""auc"": 0.9436678200692042, ""ap"": 0.9343595925067816, ""neg_fail"": 0.0, ""n_test"": 170}, ""hasIntensity"": {""auc"": 0.8751020408163265, ""ap"": 0.8293665128806373, ""neg_fail"": 0.0, ""n_test"": 175}, ""hasMechanic"": {""auc"": 0.9472039737221599, ""ap"": 0.9443203481368614, ""neg_fail"": 0.0, ""n_test"": 158}, ""isVariationOf"": {""auc"": 0.8150887573964497, ""ap"": 0.7879210932607112, ""neg_fail"": 0.0, ""n_test"": 26}, ""recruits"": {""auc"": 0.83078060904189, ""ap"": 0.7672476557133412, ""neg_fail"": 0.0, ""n_test"": 341}, ""requires"": {""auc"": 0.7295346938775511, ""ap"": 0.7316697809789956, ""neg_fail"": 0.0, ""n_test"": 175}, ""supportsGoal"": {""auc"": 0.9465381083562902, ""ap"": 0.9343697161276707, ""neg_fail"": 0.0, ""n_test"": 330}, ""targets"": {""auc"": 0.7782857142857142, ""ap"": 0.7401552612198685, ""neg_fail"": 0.0, ""n_test"": 175}}"
mf,Free embeddings (matrix factorization),0.0,4,59008,0.858075906608057,0.8530326742976068,0.8204137133742163,0.23698563873767853,0.4329896907216495,0.40475302934646606,0.9129438717067583,0.1772335022687912,"{""hasForce"": {""auc"": 0.9037716262975778, ""ap"": 0.9013691532591066, ""neg_fail"": 0.0, ""n_test"": 170}, ""hasIntensity"": {""auc"": 0.8240979591836735, ""ap"": 0.7989521567833138, ""neg_fail"": 0.0, ""n_test"": 175}, ""hasMechanic"": {""auc"": 0.9051834641884313, ""ap"": 0.8981476330766931, ""neg_fail"": 0.0, ""n_test"": 158}, ""isVariationOf"": {""auc"": 0.8372781065088758, ""ap"": 0.8550883213960175, ""neg_fail"": 0.0, ""n_test"": 26}, ""recruits"": {""auc"": 0.8581625545015952, ""ap"": 0.8083824864897547, ""neg_fail"": 0.0, ""n_test"": 341}, ""requires"": {""auc"": 0.7231673469387756, ""ap"": 0.7286062424147904, ""neg_fail"": 0.0, ""n_test"": 175}, ""supportsGoal"": {""auc"": 0.9251423324150596, ""ap"": 0.9063887492738711, ""neg_fail"": 0.0030303029343485832, ""n_test"": 330}, ""targets"": {""auc"": 0.7932081632653061, ""ap"": 0.73332662907795, ""neg_fail"": 0.0, ""n_test"": 175}}"
mf,Free embeddings (matrix factorization),0.0,5,59008,0.8735072109763627,0.8616545265348596,0.8299553786173463,0.3184391260147095,0.44581901489117987,0.5235029458999634,0.93631156930126,0.23328867554664612,"{""hasForce"": {""auc"": 0.9166089965397924, ""ap"": 0.8997898501567575, ""neg_fail"": 0.0, ""n_test"": 170}, ""hasIntensity"": {""auc"": 0.8269387755102041, ""ap"": 0.773790700301169, ""neg_fail"": 0.0, ""n_test"": 175}, ""hasMechanic"": {""auc"": 0.9522912994712386, ""ap"": 0.9528198643492664, ""neg_fail"": 0.0, ""n_test"": 158}, ""isVariationOf"": {""auc"": 0.8831360946745562, ""ap"": 0.8911486838388161, ""neg_fail"": 0.0, ""n_test"": 26}, ""recruits"": {""auc"": 0.8459335575029454, ""ap"": 0.8006198093783203, ""neg_fail"": 0.0, ""n_test"": 341}, ""requires"": {""auc"": 0.7655183673469387, ""ap"": 0.7772070679255925, ""neg_fail"": 0.0, ""n_test"": 175}, ""supportsGoal"": {""auc"": 0.913957759412305, ""ap"": 0.8871493032952269, ""neg_fail"": 0.0, ""n_test"": 330}, ""targets"": {""auc"": 0.8043755102040817, ""ap"": 0.7683336218326484, ""neg_fail"": 0.0, ""n_test"": 175}}"
mf,Free embeddings (matrix factorization),0.0,6,59008,0.8648032353084663,0.8504260145681583,0.8097801920900585,0.152339369058609,0.3660939289805269,0.2832249402999878,0.9104238258877434,0.13765104115009308,"{""hasForce"": {""auc"": 0.924636678200692, ""ap"": 0.9034388877194718, ""neg_fail"": 0.0, ""n_test"": 170}, ""hasIntensity"": {""auc"": 0.8537795918367347, ""ap"": 0.8005524263744802, ""neg_fail"": 0.0, ""n_test"": 175}, ""hasMechanic"": {""auc"": 0.9393927255247556, ""ap"": 0.9352808465865391, ""neg_fail"": 0.0, ""n_test"": 158}, ""isVariationOf"": {""auc"": 0.8609467455621302, ""ap"": 0.8571894223260619, ""neg_fail"": 0.0, ""n_test"": 26}, ""recruits"": {""auc"": 0.8057550244665939, ""ap"": 0.7591119776610824, ""neg_fail"": 0.0, ""n_test"": 341}, ""requires"": {""auc"": 0.7245714285714285, ""ap"": 0.7292369005534425, ""neg_fail"": 0.0, ""n_test"": 175}, ""supportsGoal"": {""auc"": 0.9457759412304867, ""ap"": 0.9310138634681114, ""neg_fail"": 0.0, ""n_test"": 330}, ""targets"": {""auc"": 0.7530448979591837, ""ap"": 0.6758389277376715, ""neg_fail"": 0.0, ""n_test"": 175}}"
mf,Free embeddings (matrix factorization),0.0,7,59008,0.8702495285486701,0.8687448491155045,0.8372886300470008,0.2175271064043045,0.3928980526918671,0.3804047703742981,0.9195876288659793,0.19195374846458435,"{""hasForce"": {""auc"": 0.9369204152249134, ""ap"": 0.9286452511394622, ""neg_fail"": 0.0, ""n_test"": 170}, ""hasIntensity"": {""auc"": 0.8756571428571428, ""ap"": 0.8192625082851175, ""neg_fail"": 0.0, ""n_test"": 175}, ""hasMechanic"": {""auc"": 0.9196442877743952, ""ap"": 0.9171186784564944, ""neg_fail"": 0.0, ""n_test"": 158}, ""isVariationOf"": {""auc"": 0.893491124260355, ""ap"": 0.8836837227140889, ""neg_fail"": 0.0, ""n_test"": 26}, ""recruits"": {""auc"": 0.838623678846931, ""ap"": 0.7958675346282881, ""neg_fail"": 0.0, ""n_test"": 341}, ""requires"": {""auc"": 0.7359020408163266, ""ap"": 0.7341701144168048, ""neg_fail"": 0.0, ""n_test"": 175}, ""supportsGoal"": {""auc"": 0.9547658402203857, ""ap"": 0.950411675147073, ""neg_fail"": 0.0, ""n_test"": 330}, ""targets"": {""auc"": 0.7805061224489795, ""ap"": 0.7152126997521, ""neg_fail"": 0.0, ""n_test"": 175}}"
mf,Free embeddings (matrix factorization),0.0,8,59008,0.8774857387024112,0.857471383975026,0.8221191230284606,0.2276477813720703,0.4036655211912944,0.3863612413406372,0.9246277205040092,0.20022715628147125,"{""hasForce"": {""auc"": 0.9490311418685122, ""ap"": 0.9511196564525521, ""neg_fail"": 0.0, ""n_test"": 170}, ""hasIntensity"": {""auc"": 0.8439183673469388, ""ap"": 0.8129469816729611, ""neg_fail"": 0.0, ""n_test"": 175}, ""hasMechanic"": {""auc"": 0.9194840570421408, ""ap"": 0.9202427155722896, ""neg_fail"": 0.0, ""n_test"": 158}, ""isVariationOf"": {""auc"": 0.8357988165680473, ""ap"": 0.7455000377792461, ""neg_fail"": 0.0, ""n_test"": 26}, ""recruits"": {""auc"": 0.8050412363154772, ""ap"": 0.7583843504819565, ""neg_fail"": 0.0, ""n_test"": 341}, ""requires"": {""auc"": 0.7802448979591837, ""ap"": 0.7896441083388619, ""neg_fail"": 0.0, ""n_test"": 175}, ""supportsGoal"": {""auc"": 0.9553259871441689, ""ap"": 0.9409364956930206, ""neg_fail"": 0.0, ""n_test"": 330}, ""targets"": {""auc"": 0.721730612244898, ""ap"": 0.6545728807248958, ""neg_fail"": 0.0, ""n_test"": 175}}"
mf,Free embeddings (matrix factorization),0.0,9,59008,0.8782789208685136,0.8639642039542145,0.8195397012198306,0.3396446406841278,0.44192439862542954,0.5410671830177307,0.9276059564719359,0.23129931092262268,"{""hasForce"": {""auc"": 0.9110034602076125, ""ap"": 0.8918632070383633, ""neg_fail"": 0.0, ""n_test"": 170}, ""hasIntensity"": {""auc"": 0.8682775510204082, ""ap"": 0.8191002593884068, ""neg_fail"": 0.0, ""n_test"": 175}, ""hasMechanic"": {""auc"": 0.9405944560166639, ""ap"": 0.9401799227185064, ""neg_fail"": 0.0, ""n_test"": 158}, ""isVariationOf"": {""auc"": 0.8535502958579881, ""ap"": 0.8292564035102417, ""neg_fail"": 0.0, ""n_test"": 26}, ""recruits"": {""auc"": 0.8436287957619905, ""ap"": 0.777031902573814, ""neg_fail"": 0.0, ""n_test"": 341}, ""requires"": {""auc"": 0.7578775510204081, ""ap"": 0.7606799687763622, ""neg_fail"": 0.0, ""n_test"": 175}, ""supportsGoal"": {""auc"": 0.9315243342516071, ""ap"": 0.8956793403283818, ""neg_fail"": 0.0, ""n_test"": 330}, ""targets"": {""auc"": 0.8135836734693879, ""ap"": 0.7698337606099444, ""neg_fail"": 0.0, ""n_test"": 175}}"
mf,Free embeddings (matrix factorization),0.0,10,59008,0.8813086580501681,0.8666834547346514,0.8273737532749423,0.29254934191703796,0.44719358533791526,0.470755934715271,0.9312714776632303,0.22150732576847076,"{""hasForce"": {""auc"": 0.9251557093425604, ""ap"": 0.8999626452734822, ""neg_fail"": 0.0, ""n_test"": 170}, ""hasIntensity"": {""auc"": 0.8342204081632654, ""ap"": 0.7844352622373143, ""neg_fail"": 0.0, ""n_test"": 175}, ""hasMechanic"": {""auc"": 0.953372856913956, ""ap"": 0.9543348500764303, ""neg_fail"": 0.0, ""n_test"": 158}, ""isVariationOf"": {""auc"": 0.8624260355029586, ""ap"": 0.8066054035589657, ""neg_fail"": 0.0, ""n_test"": 26}, ""recruits"": {""auc"": 0.839621262287046, ""ap"": 0.8033103534211241, ""neg_fail"": 0.0, ""n_test"": 341}, ""requires"": {""auc"": 0.7255183673469388, ""ap"": 0.7119640258038313, ""neg_fail"": 0.0, ""n_test"": 175}, ""supportsGoal"": {""auc"": 0.9606978879706152, ""ap"": 0.9461286399516067, ""neg_fail"": 0.0, ""n_test"": 330}, ""targets"": {""auc"": 0.776130612244898, ""ap"": 0.7061226031259611, ""neg_fail"": 0.0, ""n_test"": 175}}"
mf,Free embeddings (matrix factorization),0.0,11,59008,0.8884279516385982,0.8693712799167534,0.830191314974413,0.2970457673072815,0.44742268041237115,0.4998050034046173,0.9326460481099657,0.21479614078998566,"{""hasForce"": {""auc"": 0.9262629757785468, ""ap"": 0.9007171628406682, ""neg_fail"": 0.0, ""n_test"": 170}, ""hasIntensity"": {""auc"": 0.8243918367346939, ""ap"": 0.7766819414527737, ""neg_fail"": 0.0, ""n_test"": 175}, ""hasMechanic"": {""auc"": 0.9320621695241147, ""ap"": 0.9267094545666714, ""neg_fail"": 0.0, ""n_test"": 158}, ""isVariationOf"": {""auc"": 0.8476331360946745, ""ap"": 0.8067827312858961, ""neg_fail"": 0.0, ""n_test"": 26}, ""recruits"": {""auc"": 0.8478169262390243, ""ap"": 0.8093485060688292, ""neg_fail"": 0.0, ""n_test"": 341}, ""requires"": {""auc"": 0.7733877551020409, ""ap"": 0.7923203692429797, ""neg_fail"": 0.0, ""n_test"": 175}, ""supportsGoal"": {""auc"": 0.958613406795225, ""ap"": 0.936928457901914, ""neg_fail"": 0.0, ""n_test"": 330}, ""targets"": {""auc"": 0.811265306122449, ""ap"": 0.7498281247809986, ""neg_fail"": 0.0, ""n_test"": 175}}"
mf,Free embeddings (matrix factorization),0.0,12,59008,0.8856034492910146,0.8642183142559833,0.8338826236867974,0.27255624532699585,0.4231386025200458,0.44963526725769043,0.9305841924398626,0.22364340722560883,"{""hasForce"": {""auc"": 0.897750865051903, ""ap"": 0.8931096839516537, ""neg_fail"": 0.0, ""n_test"": 170}, ""hasIntensity"": {""auc"": 0.7909224489795919, ""ap"": 0.7787213928134047, ""neg_fail"": 0.0, ""n_test"": 175}, ""hasMechanic"": {""auc"": 0.9154782887357795, ""ap"": 0.9166598816053683, ""neg_fail"": 0.0, ""n_test"": 158}, ""isVariationOf"": {""auc"": 0.8816568047337278, ""ap"": 0.8836876781355932, ""neg_fail"": 0.0, ""n_test"": 26}, ""recruits"": {""auc"": 0.8275126632897895, ""ap"": 0.7736604241029321, ""neg_fail"": 0.0, ""n_test"": 341}, ""requires"": {""auc"": 0.7938285714285713, ""ap"": 0.7985797723843442, ""neg_fail"": 0.0, ""n_test"": 175}, ""supportsGoal"": {""auc"": 0.9549219467401285, ""ap"": 0.94443308392604, ""neg_fail"": 0.0, ""n_test"": 330}, ""targets"": {""auc"": 0.8074122448979593, ""ap"": 0.7566124123434913, ""neg_fail"": 0.0, ""n_test"": 175}}"
mf,Free embeddings (matrix factorization),0.0,13,59008,0.8821178216172841,0.8729810613943809,0.8338752546272105,0.1887943297624588,0.404581901489118,0.3100428879261017,0.922794959908362,0.14986276626586914,"{""hasForce"": {""auc"": 0.9488581314878892, ""ap"": 0.9436060527484303, ""neg_fail"": 0.0, ""n_test"": 170}, ""hasIntensity"": {""auc"": 0.8298122448979592, ""ap"": 0.7788215747208551, ""neg_fail"": 0.0, ""n_test"": 175}, ""hasMechanic"": {""auc"": 0.9410350905303637, ""ap"": 0.9418857219373793, ""neg_fail"": 0.0, ""n_test"": 158}, ""isVariationOf"": {""auc"": 0.900887573964497, ""ap"": 0.8836103080520259, ""neg_fail"": 0.0, ""n_test"": 26}, ""recruits"": {""auc"": 0.8409800397313405, ""ap"": 0.7904523259473081, ""neg_fail"": 0.0, ""n_test"": 341}, ""requires"": {""auc"": 0.7712, ""ap"": 0.7673097066848944, ""neg_fail"": 0.0, ""n_test"": 175}, ""supportsGoal"": {""auc"": 0.9524885215794308, ""ap"": 0.933163544748202, ""neg_fail"": 0.0, ""n_test"": 330}, ""targets"": {""auc"": 0.7880489795918368, ""ap"": 0.7158924003828585, ""neg_fail"": 0.0, ""n_test"": 175}}"
mf,Free embeddings (matrix factorization),0.0,14,59008,0.8735063698499935,0.8645138397502602,0.8313734614668347,0.19153840839862823,0.3924398625429553,0.31118983030319214,0.9076746849942726,0.15137934684753418,"{""hasForce"": {""auc"": 0.8978892733564013, ""ap"": 0.901866637885699, ""neg_fail"": 0.0, ""n_test"": 170}, ""hasIntensity"": {""auc"": 0.8621714285714286, ""ap"": 0.8294294833689864, ""neg_fail"": 0.0, ""n_test"": 175}, ""hasMechanic"": {""auc"": 0.9346659189232495, ""ap"": 0.9303375967733785, ""neg_fail"": 0.0, ""n_test"": 158}, ""isVariationOf"": {""auc"": 0.7633136094674556, ""ap"": 0.7675551912089802, ""neg_fail"": 0.0, ""n_test"": 26}, ""recruits"": {""auc"": 0.8450477722069814, ""ap"": 0.7827873608008891, ""neg_fail"": 0.0, ""n_test"": 341}, ""requires"": {""auc"": 0.7576163265306123, ""ap"": 0.7773130394605593, ""neg_fail"": 0.0, ""n_test"": 175}, ""supportsGoal"": {""auc"": 0.9582920110192837, ""ap"": 0.9501734114471723, ""neg_fail"": 0.0, ""n_test"": 330}, ""targets"": {""auc"": 0.7413877551020408, ""ap"": 0.6813055066093053, ""neg_fail"": 0.0, ""n_test"": 175}}"
mf,Free embeddings (matrix factorization),0.0,15,59008,0.8814280979945865,0.859880124869927,0.8265314353716244,0.29239392280578613,0.44238258877434133,0.4841693639755249,0.9376861397479954,0.2324223667383194,"{""hasForce"": {""auc"": 0.9391349480968858, ""ap"": 0.9444826184758409, ""neg_fail"": 0.0, ""n_test"": 170}, ""hasIntensity"": {""auc"": 0.8376163265306121, ""ap"": 0.7828022621135503, ""neg_fail"": 0.0, ""n_test"": 175}, ""hasMechanic"": {""auc"": 0.9323025156224964, ""ap"": 0.9297771824377848, ""neg_fail"": 0.0, ""n_test"": 158}, ""isVariationOf"": {""auc"": 0.9023668639053255, ""ap"": 0.8953153706688495, ""neg_fail"": 0.0, ""n_test"": 26}, ""recruits"": {""auc"": 0.8177174258907303, ""ap"": 0.7718022074295265, ""neg_fail"": 0.0, ""n_test"": 341}, ""requires"": {""auc"": 0.7196734693877551, ""ap"": 0.7319648703637278, ""neg_fail"": 0.0, ""n_test"": 175}, ""supportsGoal"": {""auc"": 0.9500826446280991, ""ap"": 0.93865252381919, ""neg_fail"": 0.0, ""n_test"": 330}, ""targets"": {""auc"": 0.8017959183673469, ""ap"": 0.721947893118932, ""neg_fail"": 0.0, ""n_test"": 175}}"
mf,Free embeddings (matrix factorization),0.0,16,59008,0.8738327268812212,0.8599173777315297,0.8308668692012853,0.2199353575706482,0.44077892325315005,0.3687029480934143,0.931958762886598,0.16980555653572083,"{""hasForce"": {""auc"": 0.9246712802768166, ""ap"": 0.9348597219469224, ""neg_fail"": 0.0, ""n_test"": 170}, ""hasIntensity"": {""auc"": 0.7902040816326531, ""ap"": 0.7698972375126139, ""neg_fail"": 0.0, ""n_test"": 175}, ""hasMechanic"": {""auc"": 0.948125300432623, ""ap"": 0.9487754613037052, ""neg_fail"": 0.0, ""n_test"": 158}, ""isVariationOf"": {""auc"": 0.9230769230769231, ""ap"": 0.9113834112064733, ""neg_fail"": 0.0, ""n_test"": 26}, ""recruits"": {""auc"": 0.8366543115384284, ""ap"": 0.8053984618367115, ""neg_fail"": 0.0, ""n_test"": 341}, ""requires"": {""auc"": 0.7492897959183674, ""ap"": 0.7507280001701772, ""neg_fail"": 0.0, ""n_test"": 175}, ""supportsGoal"": {""auc"": 0.9372451790633609, ""ap"": 0.9060281174754194, ""neg_fail"": 0.0, ""n_test"": 330}, ""targets"": {""auc"": 0.7776000000000001, ""ap"": 0.7265054616980166, ""neg_fail"": 0.0, ""n_test"": 175}}"
mf,Free embeddings (matrix factorization),0.0,17,59008,0.8697238245679555,0.8573929240374609,0.8198808192648169,0.3214467167854309,0.4449026345933562,0.5394089818000793,0.9418098510882016,0.24718523025512695,"{""hasForce"": {""auc"": 0.9267820069204151, ""ap"": 0.9135339054523083, ""neg_fail"": 0.0, ""n_test"": 170}, ""hasIntensity"": {""auc"": 0.8138775510204083, ""ap"": 0.7555534878458072, ""neg_fail"": 0.0, ""n_test"": 175}, ""hasMechanic"": {""auc"": 0.9228088447364204, ""ap"": 0.9219825261777195, ""neg_fail"": 0.0, ""n_test"": 158}, ""isVariationOf"": {""auc"": 0.8431952662721894, ""ap"": 0.8767167898803794, ""neg_fail"": 0.0, ""n_test"": 26}, ""recruits"": {""auc"": 0.8200651869178971, ""ap"": 0.7761880939200403, ""neg_fail"": 0.0, ""n_test"": 341}, ""requires"": {""auc"": 0.741191836734694, ""ap"": 0.7242285945265121, ""neg_fail"": 0.0, ""n_test"": 175}, ""supportsGoal"": {""auc"": 0.9581267217630853, ""ap"": 0.9424540457982268, ""neg_fail"": 0.0, ""n_test"": 330}, ""targets"": {""auc"": 0.7953306122448981, ""ap"": 0.7257598713525957, ""neg_fail"": 0.0, ""n_test"": 175}}"
mf,Free embeddings (matrix factorization),0.0,18,59008,0.8738226333647916,0.869146722164412,0.8330296193838411,0.30368778109550476,0.4444444444444444,0.4935508370399475,0.9315005727376862,0.23772981762886047,"{""hasForce"": {""auc"": 0.9074394463667819, ""ap"": 0.9031558953196616, ""neg_fail"": 0.0, ""n_test"": 170}, ""hasIntensity"": {""auc"": 0.855673469387755, ""ap"": 0.7976735857527104, ""neg_fail"": 0.0, ""n_test"": 175}, ""hasMechanic"": {""auc"": 0.9537734337445922, ""ap"": 0.9554195315807777, ""neg_fail"": 0.0, ""n_test"": 158}, ""isVariationOf"": {""auc"": 0.8550295857988166, ""ap"": 0.8098308697089719, ""neg_fail"": 0.0, ""n_test"": 26}, ""recruits"": {""auc"": 0.8341431532236565, ""ap"": 0.7960918021533723, ""neg_fail"": 0.0, ""n_test"": 341}, ""requires"": {""auc"": 0.7423673469387755, ""ap"": 0.7147615691321598, ""neg_fail"": 0.0, ""n_test"": 175}, ""supportsGoal"": {""auc"": 0.9448301193755739, ""ap"": 0.9250767073558249, ""neg_fail"": 0.0, ""n_test"": 330}, ""targets"": {""auc"": 0.8539428571428571, ""ap"": 0.8277522364253376, ""neg_fail"": 0.0, ""n_test"": 175}}"
mf,Free embeddings (matrix factorization),0.0,19,59008,0.887980472410214,0.8665519250780438,0.8342540744073279,0.3282448649406433,0.44604810996563576,0.5382570028305054,0.9264604810996564,0.24854175746440887,"{""hasForce"": {""auc"": 0.9390311418685121, ""ap"": 0.9273884936326361, ""neg_fail"": 0.0, ""n_test"": 170}, ""hasIntensity"": {""auc"": 0.8327836734693876, ""ap"": 0.7752860783598066, ""neg_fail"": 0.0, ""n_test"": 175}, ""hasMechanic"": {""auc"": 0.9454814933504245, ""ap"": 0.9463598035311311, ""neg_fail"": 0.0, ""n_test"": 158}, ""isVariationOf"": {""auc"": 0.9068047337278107, ""ap"": 0.9437743469233237, ""neg_fail"": 0.0, ""n_test"": 26}, ""recruits"": {""auc"": 0.8452111694945864, ""ap"": 0.8036974483712422, ""neg_fail"": 0.0, ""n_test"": 341}, ""requires"": {""auc"": 0.7483755102040817, ""ap"": 0.7555644842841513, ""neg_fail"": 0.0, ""n_test"": 175}, ""supportsGoal"": {""auc"": 0.9481083562901745, ""ap"": 0.9380988617585456, ""neg_fail"": 0.0, ""n_test"": 330}, ""targets"": {""auc"": 0.7907591836734693, ""ap"": 0.7337405939081637, ""neg_fail"": 0.0, ""n_test"": 175}}"
mf,Free embeddings (matrix factorization),0.0,20,59008,0.8871115888708888,0.8552936524453695,0.8181658050605527,0.24792788922786713,0.4148911798396335,0.41245216131210327,0.9315005727376862,0.2084490954875946,"{""hasForce"": {""auc"": 0.888235294117647, ""ap"": 0.84892231899207, ""neg_fail"": 0.0, ""n_test"": 170}, ""hasIntensity"": {""auc"": 0.7919020408163264, ""ap"": 0.7513492166325849, ""neg_fail"": 0.0, ""n_test"": 175}, ""hasMechanic"": {""auc"": 0.9389520910110559, ""ap"": 0.9439462807244263, ""neg_fail"": 0.0, ""n_test"": 158}, ""isVariationOf"": {""auc"": 0.8269230769230769, ""ap"": 0.7926465668863418, ""neg_fail"": 0.0, ""n_test"": 26}, ""recruits"": {""auc"": 0.8419776231714553, ""ap"": 0.8094126369267574, ""neg_fail"": 0.0, ""n_test"": 341}, ""requires"": {""auc"": 0.7328000000000001, ""ap"": 0.7427181849910783, ""neg_fail"": 0.0, ""n_test"": 175}, ""supportsGoal"": {""auc"": 0.9501010101010101, ""ap"": 0.937303374859283, ""neg_fail"": 0.0, ""n_test"": 330}, ""targets"": {""auc"": 0.7748244897959184, ""ap"": 0.6950882166204893, ""neg_fail"": 0.0, ""n_test"": 175}}"
mf,Free embeddings (matrix factorization),0.0,21,59008,0.8803590263794053,0.8640143600416235,0.824507908960962,0.2262687087059021,0.43184421534937,0.4067855477333069,0.9260022909507446,0.1901964396238327,"{""hasForce"": {""auc"": 0.9485467128027683, ""ap"": 0.9463558684157879, ""neg_fail"": 0.0, ""n_test"": 170}, ""hasIntensity"": {""auc"": 0.841469387755102, ""ap"": 0.7942991128417951, ""neg_fail"": 0.0, ""n_test"": 175}, ""hasMechanic"": {""auc"": 0.9586604710783528, ""ap"": 0.9584035465574454, ""neg_fail"": 0.0, ""n_test"": 158}, ""isVariationOf"": {""auc"": 0.9038461538461539, ""ap"": 0.8987992337540566, ""neg_fail"": 0.0, ""n_test"": 26}, ""recruits"": {""auc"": 0.8532434361589597, ""ap"": 0.7904543598410259, ""neg_fail"": 0.0, ""n_test"": 341}, ""requires"": {""auc"": 0.7243428571428572, ""ap"": 0.7391539122269177, ""neg_fail"": 0.0, ""n_test"": 175}, ""supportsGoal"": {""auc"": 0.9391551882460973, ""ap"": 0.924301840624126, ""neg_fail"": 0.0, ""n_test"": 330}, ""targets"": {""auc"": 0.7527836734693877, ""ap"": 0.6766429404275555, ""neg_fail"": 0.0, ""n_test"": 175}}"
mf,Free embeddings (matrix factorization),0.0,22,59008,0.8766740517561877,0.8581498439125911,0.8202550143226901,0.30505600571632385,0.44146620847651774,0.4980660080909729,0.9315005727376862,0.23697997629642487,"{""hasForce"": {""auc"": 0.9571280276816609, ""ap"": 0.9589337602847128, ""neg_fail"": 0.0, ""n_test"": 170}, ""hasIntensity"": {""auc"": 0.8304, ""ap"": 0.755115690438574, ""neg_fail"": 0.0, ""n_test"": 175}, ""hasMechanic"": {""auc"": 0.9298589969556161, ""ap"": 0.931191349419981, ""neg_fail"": 0.0, ""n_test"": 158}, ""isVariationOf"": {""auc"": 0.8920118343195266, ""ap"": 0.8787271796682161, ""neg_fail"": 0.0, ""n_test"": 26}, ""recruits"": {""auc"": 0.823548129101057, ""ap"": 0.7747490892598373, ""neg_fail"": 0.0, ""n_test"": 341}, ""requires"": {""auc"": 0.785861224489796, ""ap"": 0.7651905158645718, ""neg_fail"": 0.0, ""n_test"": 175}, ""supportsGoal"": {""auc"": 0.9369605142332416, ""ap"": 0.924967238928753, ""neg_fail"": 0.0, ""n_test"": 330}, ""targets"": {""auc"": 0.7656489795918366, ""ap"": 0.7026110225440927, ""neg_fail"": 0.0, ""n_test"": 175}}"
mf,Free embeddings (matrix factorization),0.0,23,59008,0.8666352085404607,0.8486888657648284,0.821531186784076,0.25915366411209106,0.4229095074455899,0.40952929854393005,0.9232531500572738,0.18650875985622406,"{""hasForce"": {""auc"": 0.9465397923875433, ""ap"": 0.9457744639888976, ""neg_fail"": 0.0, ""n_test"": 170}, ""hasIntensity"": {""auc"": 0.7849795918367346, ""ap"": 0.729378642064516, ""neg_fail"": 0.0, ""n_test"": 175}, ""hasMechanic"": {""auc"": 0.9091892324947926, ""ap"": 0.904426721052401, ""neg_fail"": 0.0, ""n_test"": 158}, ""isVariationOf"": {""auc"": 0.8505917159763314, ""ap"": 0.855411118387233, ""neg_fail"": 0.0, ""n_test"": 26}, ""recruits"": {""auc"": 0.8456153627849777, ""ap"": 0.8147436602964879, ""neg_fail"": 0.0, ""n_test"": 341}, ""requires"": {""auc"": 0.6969795918367347, ""ap"": 0.711193019611843, ""neg_fail"": 0.0, ""n_test"": 175}, ""supportsGoal"": {""auc"": 0.9295592286501377, ""ap"": 0.911033284394348, ""neg_fail"": 0.0, ""n_test"": 330}, ""targets"": {""auc"": 0.7713959183673469, ""ap"": 0.7222020645291679, ""neg_fail"": 0.0, ""n_test"": 175}}"
mf,Free embeddings (matrix factorization),0.0,24,59008,0.8741372146268512,0.8716162330905308,0.832813587967726,0.2588232457637787,0.4281786941580756,0.43506577610969543,0.9310423825887744,0.20123837888240814,"{""hasForce"": {""auc"": 0.9311764705882354, ""ap"": 0.9157958076010353, ""neg_fail"": 0.0, ""n_test"": 170}, ""hasIntensity"": {""auc"": 0.8506122448979592, ""ap"": 0.8167329421569425, ""neg_fail"": 0.0, ""n_test"": 175}, ""hasMechanic"": {""auc"": 0.964108315975004, ""ap"": 0.9653393156145611, ""neg_fail"": 0.0, ""n_test"": 158}, ""isVariationOf"": {""auc"": 0.856508875739645, ""ap"": 0.8627279360592341, ""neg_fail"": 0.0, ""n_test"": 26}, ""recruits"": {""auc"": 0.8524092500064497, ""ap"": 0.8191608388837187, ""neg_fail"": 0.0, ""n_test"": 341}, ""requires"": {""auc"": 0.7220244897959184, ""ap"": 0.722653399801165, ""neg_fail"": 0.0, ""n_test"": 175}, ""supportsGoal"": {""auc"": 0.9450872359963268, ""ap"": 0.9269189707251339, ""neg_fail"": 0.0, ""n_test"": 330}, ""targets"": {""auc"": 0.8170448979591838, ""ap"": 0.7354318413147649, ""neg_fail"": 0.0, ""n_test"": 175}}"
mf,Free embeddings (matrix factorization),0.0,25,59008,0.8816518376087787,0.8543040582726327,0.8300543430095109,0.254416823387146,0.41947308132875144,0.4166455864906311,0.9186712485681557,0.1872503012418747,"{""hasForce"": {""auc"": 0.9243598615916954, ""ap"": 0.9192222802128763, ""neg_fail"": 0.0, ""n_test"": 170}, ""hasIntensity"": {""auc"": 0.8093061224489797, ""ap"": 0.7940084283145907, ""neg_fail"": 0.0, ""n_test"": 175}, ""hasMechanic"": {""auc"": 0.9014580996635154, ""ap"": 0.8991387964588693, ""neg_fail"": 0.0, ""n_test"": 158}, ""isVariationOf"": {""auc"": 0.9659763313609467, ""ap"": 0.9686948961043983, ""neg_fail"": 0.0, ""n_test"": 26}, ""recruits"": {""auc"": 0.844084588195836, ""ap"": 0.8292229050264224, ""neg_fail"": 0.0, ""n_test"": 341}, ""requires"": {""auc"": 0.7365551020408163, ""ap"": 0.7237367667158408, ""neg_fail"": 0.0, ""n_test"": 175}, ""supportsGoal"": {""auc"": 0.9064279155188246, ""ap"": 0.8707054276338387, ""neg_fail"": 0.0, ""n_test"": 330}, ""targets"": {""auc"": 0.8205714285714285, ""ap"": 0.7911213525374718, ""neg_fail"": 0.0, ""n_test"": 175}}"
mf,Free embeddings (matrix factorization),0.0,26,59008,0.8815853886256164,0.8660828303850157,0.8294231725477197,0.33948206901550293,0.4584192439862543,0.5410442352294922,0.9287514318442154,0.23120298981666565,"{""hasForce"": {""auc"": 0.9230795847750864, ""ap"": 0.9256545717613537, ""neg_fail"": 0.0, ""n_test"": 170}, ""hasIntensity"": {""auc"": 0.8514612244897959, ""ap"": 0.7858799364037516, ""neg_fail"": 0.0, ""n_test"": 175}, ""hasMechanic"": {""auc"": 0.9286973241467714, ""ap"": 0.9326124264322924, ""neg_fail"": 0.0, ""n_test"": 158}, ""isVariationOf"": {""auc"": 0.8875739644970414, ""ap"": 0.857575526200762, ""neg_fail"": 0.0, ""n_test"": 26}, ""recruits"": {""auc"": 0.8362329185335523, ""ap"": 0.8050709124002166, ""neg_fail"": 0.0, ""n_test"": 341}, ""requires"": {""auc"": 0.7935020408163266, ""ap"": 0.7716147917854743, ""neg_fail"": 0.0, ""n_test"": 175}, ""supportsGoal"": {""auc"": 0.9430027548209367, ""ap"": 0.9165111975496839, ""neg_fail"": 0.0, ""n_test"": 330}, ""targets"": {""auc"": 0.7754448979591837, ""ap"": 0.717644158395909, ""neg_fail"": 0.0, ""n_test"": 175}}"
mf,Free embeddings (matrix factorization),0.0,27,59008,0.8864008370889627,0.8705381893860561,0.8319137308972211,0.2832191288471222,0.44215349369988544,0.48502618074417114,0.9230240549828179,0.22451740503311157,"{""hasForce"": {""auc"": 0.9485467128027681, ""ap"": 0.9530733571069636, ""neg_fail"": 0.0, ""n_test"": 170}, ""hasIntensity"": {""auc"": 0.8488489795918367, ""ap"": 0.7837520137086854, ""neg_fail"": 0.0, ""n_test"": 175}, ""hasMechanic"": {""auc"": 0.9641483736580676, ""ap"": 0.967050678546017, ""neg_fail"": 0.0, ""n_test"": 158}, ""isVariationOf"": {""auc"": 0.8816568047337278, ""ap"": 0.8408282702133766, ""neg_fail"": 0.0, ""n_test"": 26}, ""recruits"": {""auc"": 0.8484447158177174, ""ap"": 0.8019368722435056, ""neg_fail"": 0.0, ""n_test"": 341}, ""requires"": {""auc"": 0.7244081632653061, ""ap"": 0.72766832230338, ""neg_fail"": 0.0, ""n_test"": 175}, ""supportsGoal"": {""auc"": 0.9477869605142333, ""ap"": 0.9339113625227381, ""neg_fail"": 0.0, ""n_test"": 330}, ""targets"": {""auc"": 0.8059755102040816, ""ap"": 0.7401417065963432, ""neg_fail"": 0.0, ""n_test"": 175}}"
mf,Free embeddings (matrix factorization),0.0,28,59008,0.8863730799187809,0.87654505723205,0.8386568952720628,0.2575938403606415,0.4311569301260023,0.4289795458316803,0.917983963344788,0.2121037393808365,"{""hasForce"": {""auc"": 0.9331487889273357, ""ap"": 0.9360661255553437, ""neg_fail"": 0.0, ""n_test"": 170}, ""hasIntensity"": {""auc"": 0.8839836734693877, ""ap"": 0.8376034495287172, ""neg_fail"": 0.0, ""n_test"": 175}, ""hasMechanic"": {""auc"": 0.9329033808684505, ""ap"": 0.9318102771852502, ""neg_fail"": 0.0, ""n_test"": 158}, ""isVariationOf"": {""auc"": 0.8683431952662721, ""ap"": 0.8832660228595463, ""neg_fail"": 0.0, ""n_test"": 26}, ""recruits"": {""auc"": 0.8567607777710888, ""ap"": 0.8077228321383383, ""neg_fail"": 0.0, ""n_test"": 341}, ""requires"": {""auc"": 0.7591510204081633, ""ap"": 0.7476013669910344, ""neg_fail"": 0.0, ""n_test"": 175}, ""supportsGoal"": {""auc"": 0.9417906336088153, ""ap"": 0.9222408891904398, ""neg_fail"": 0.0, ""n_test"": 330}, ""targets"": {""auc"": 0.8154775510204081, ""ap"": 0.7386476071255464, ""neg_fail"": 0.0, ""n_test"": 175}}"
mf,Free embeddings (matrix factorization),0.0,29,59008,0.8676319432878956,0.8469827263267431,0.8151034822915576,0.19929827749729156,0.3956471935853379,0.3028727173805237,0.9035509736540664,0.15792223811149597,"{""hasForce"": {""auc"": 0.9047058823529412, ""ap"": 0.8872704082394116, ""neg_fail"": 0.0, ""n_test"": 170}, ""hasIntensity"": {""auc"": 0.7928489795918366, ""ap"": 0.748354408607723, ""neg_fail"": 0.0, ""n_test"": 175}, ""hasMechanic"": {""auc"": 0.9315414196442878, ""ap"": 0.9268319543043466, ""neg_fail"": 0.0, ""n_test"": 158}, ""isVariationOf"": {""auc"": 0.8150887573964497, ""ap"": 0.7883862852117973, ""neg_fail"": 0.0, ""n_test"": 26}, ""recruits"": {""auc"": 0.8132455001246979, ""ap"": 0.7573970071458828, ""neg_fail"": 0.0, ""n_test"": 341}, ""requires"": {""auc"": 0.7258448979591836, ""ap"": 0.7593988507740914, ""neg_fail"": 0.0, ""n_test"": 175}, ""supportsGoal"": {""auc"": 0.9316620752984389, ""ap"": 0.9223424334152207, ""neg_fail"": 0.0, ""n_test"": 330}, ""targets"": {""auc"": 0.790073469387755, ""ap"": 0.7398299984948081, ""neg_fail"": 0.0, ""n_test"": 175}}"
distmult,"DistMult (relation types, no propagation)",0.0,0,59520,0.8846933505596014,0.8476199791883454,0.8243829388177406,0.29679030179977417,0.4959908361970218,0.5141223669052124,0.9335624284077892,0.22853229939937592,"{""hasForce"": {""auc"": 0.9375778546712803, ""ap"": 0.9196260436445192, ""neg_fail"": 0.0, ""n_test"": 170}, ""hasIntensity"": {""auc"": 0.7828571428571428, ""ap"": 0.71819183251526, ""neg_fail"": 0.0, ""n_test"": 175}, ""hasMechanic"": {""auc"": 0.8929658708540299, ""ap"": 0.8899592015844333, ""neg_fail"": 0.0, ""n_test"": 158}, ""isVariationOf"": {""auc"": 0.6390532544378698, ""ap"": 0.6052895369838291, ""neg_fail"": 0.0, ""n_test"": 26}, ""recruits"": {""auc"": 0.8267300762807337, ""ap"": 0.821498891705148, ""neg_fail"": 0.0, ""n_test"": 341}, ""requires"": {""auc"": 0.7421061224489796, ""ap"": 0.7511325224168094, ""neg_fail"": 0.0, ""n_test"": 175}, ""supportsGoal"": {""auc"": 0.940376492194674, ""ap"": 0.9096150420297479, ""neg_fail"": 0.0, ""n_test"": 330}, ""targets"": {""auc"": 0.7655836734693877, ""ap"": 0.748229874579637, ""neg_fail"": 0.0, ""n_test"": 175}}"
distmult,"DistMult (relation types, no propagation)",0.0,1,59520,0.8894659015781213,0.8499775234131113,0.8389366984871854,0.22645363211631775,0.4879725085910653,0.3877790868282318,0.900114547537228,0.17198841273784637,"{""hasForce"": {""auc"": 0.8967128027681661, ""ap"": 0.8986879442760916, ""neg_fail"": 0.0, ""n_test"": 170}, ""hasIntensity"": {""auc"": 0.8510367346938776, ""ap"": 0.8178850198359424, ""neg_fail"": 0.0, ""n_test"": 175}, ""hasMechanic"": {""auc"": 0.944920685787534, ""ap"": 0.9450334290967491, ""neg_fail"": 0.0, ""n_test"": 158}, ""isVariationOf"": {""auc"": 0.7278106508875739, ""ap"": 0.6786195147159926, ""neg_fail"": 0.0, ""n_test"": 26}, ""recruits"": {""auc"": 0.8146558767124465, ""ap"": 0.8281996388914005, ""neg_fail"": 0.0, ""n_test"": 341}, ""requires"": {""auc"": 0.6740897959183674, ""ap"": 0.689641716981992, ""neg_fail"": 0.0, ""n_test"": 175}, ""supportsGoal"": {""auc"": 0.9220661157024793, ""ap"": 0.8967071418844753, ""neg_fail"": 0.0030303029343485832, ""n_test"": 330}, ""targets"": {""auc"": 0.8035918367346939, ""ap"": 0.8069726086446667, ""neg_fail"": 0.0, ""n_test"": 175}}"
distmult,"DistMult (relation types, no propagation)",0.0,2,59520,0.8948709796262371,0.8791783558792924,0.8482420351670743,0.24302905797958374,0.46781214203894617,0.48154371976852417,0.934020618556701,0.23391063511371613,"{""hasForce"": {""auc"": 0.9478200692041523, ""ap"": 0.9297684880666581, ""neg_fail"": 0.0, ""n_test"": 170}, ""hasIntensity"": {""auc"": 0.8462693877551021, ""ap"": 0.7778617360505041, ""neg_fail"": 0.0, ""n_test"": 175}, ""hasMechanic"": {""auc"": 0.9462826470116968, ""ap"": 0.9470219397146191, ""neg_fail"": 0.0, ""n_test"": 158}, ""isVariationOf"": {""auc"": 0.8653846153846154, ""ap"": 0.8802673116495247, ""neg_fail"": 0.0, ""n_test"": 26}, ""recruits"": {""auc"": 0.8543356180287407, ""ap"": 0.8456862419042108, ""neg_fail"": 0.0, ""n_test"": 341}, ""requires"": {""auc"": 0.7479183673469387, ""ap"": 0.696386978644325, ""neg_fail"": 0.0, ""n_test"": 175}, ""supportsGoal"": {""auc"": 0.9439669421487604, ""ap"": 0.9010684773030516, ""neg_fail"": 0.0, ""n_test"": 330}, ""targets"": {""auc"": 0.7812897959183672, ""ap"": 0.7826515569722705, ""neg_fail"": 0.0, ""n_test"": 175}}"
distmult,"DistMult (relation types, no propagation)",0.0,3,59520,0.8777826563107188,0.8645319458896982,0.8484249742402972,0.30065664649009705,0.5202749140893471,0.5755844116210938,0.9239404352806415,0.2696073651313782,"{""hasForce"": {""auc"": 0.8853287197231834, ""ap"": 0.8814705398283387, ""neg_fail"": 0.0, ""n_test"": 170}, ""hasIntensity"": {""auc"": 0.8392489795918368, ""ap"": 0.7465593342074976, ""neg_fail"": 0.0, ""n_test"": 175}, ""hasMechanic"": {""auc"": 0.9520910110559205, ""ap"": 0.9512382109167322, ""neg_fail"": 0.0, ""n_test"": 158}, ""isVariationOf"": {""auc"": 0.7825443786982249, ""ap"": 0.7471703031141993, ""neg_fail"": 0.0, ""n_test"": 26}, ""recruits"": {""auc"": 0.8349515398044394, ""ap"": 0.8586681239485519, ""neg_fail"": 0.0, ""n_test"": 341}, ""requires"": {""auc"": 0.7564408163265306, ""ap"": 0.7493126573846577, ""neg_fail"": 0.0, ""n_test"": 175}, ""supportsGoal"": {""auc"": 0.9334159779614325, ""ap"": 0.9086341023977946, ""neg_fail"": 0.0, ""n_test"": 330}, ""targets"": {""auc"": 0.7945469387755102, ""ap"": 0.8069642442583311, ""neg_fail"": 0.0, ""n_test"": 175}}"
distmult,"DistMult (relation types, no propagation)",0.0,4,59520,0.8677799815288649,0.8711155046826222,0.8508442230435622,0.27497488260269165,0.5289805269186713,0.5227691531181335,0.9321878579610539,0.24530480802059174,"{""hasForce"": {""auc"": 0.9297231833910035, ""ap"": 0.9375096548939701, ""neg_fail"": 0.0, ""n_test"": 170}, ""hasIntensity"": {""auc"": 0.8616816326530612, ""ap"": 0.8084246478353918, ""neg_fail"": 0.0, ""n_test"": 175}, ""hasMechanic"": {""auc"": 0.9507290498317578, ""ap"": 0.952340517817778, ""neg_fail"": 0.0, ""n_test"": 158}, ""isVariationOf"": {""auc"": 0.8535502958579881, ""ap"": 0.8480408126288714, ""neg_fail"": 0.0, ""n_test"": 26}, ""recruits"": {""auc"": 0.8526844454382058, ""ap"": 0.8581886623145916, ""neg_fail"": 0.0, ""n_test"": 341}, ""requires"": {""auc"": 0.7298938775510205, ""ap"": 0.7034012976754711, ""neg_fail"": 0.0, ""n_test"": 175}, ""supportsGoal"": {""auc"": 0.9371717171717172, ""ap"": 0.9176164153104172, ""neg_fail"": 0.0, ""n_test"": 330}, ""targets"": {""auc"": 0.7965061224489797, ""ap"": 0.7960130688374278, ""neg_fail"": 0.0, ""n_test"": 175}}"
distmult,"DistMult (relation types, no propagation)",0.0,5,59520,0.8728772073258743,0.8594921956295526,0.836653867775659,0.261519193649292,0.5008018327605956,0.5595635771751404,0.9289805269186713,0.2674838602542877,"{""hasForce"": {""auc"": 0.8870242214532872, ""ap"": 0.8714040757008822, ""neg_fail"": 0.0, ""n_test"": 170}, ""hasIntensity"": {""auc"": 0.8519836734693877, ""ap"": 0.7754735381556026, ""neg_fail"": 0.0, ""n_test"": 175}, ""hasMechanic"": {""auc"": 0.9726806601506168, ""ap"": 0.9728855305029822, ""neg_fail"": 0.0, ""n_test"": 158}, ""isVariationOf"": {""auc"": 0.8402366863905326, ""ap"": 0.8455373520747187, ""neg_fail"": 0.0, ""n_test"": 26}, ""recruits"": {""auc"": 0.8198673902013227, ""ap"": 0.8078456325006746, ""neg_fail"": 0.0, ""n_test"": 341}, ""requires"": {""auc"": 0.7444897959183674, ""ap"": 0.730129635363076, ""neg_fail"": 0.0, ""n_test"": 175}, ""supportsGoal"": {""auc"": 0.9258585858585859, ""ap"": 0.8930396870591185, ""neg_fail"": 0.0, ""n_test"": 330}, ""targets"": {""auc"": 0.7562775510204082, ""ap"": 0.7675960634796752, ""neg_fail"": 0.0, ""n_test"": 175}}"
distmult,"DistMult (relation types, no propagation)",0.0,6,59520,0.876083581045049,0.8656412070759625,0.8484089261393661,0.2308817356824875,0.48934707903780067,0.4486110210418701,0.9317296678121421,0.2245967537164688,"{""hasForce"": {""auc"": 0.9356401384083045, ""ap"": 0.9288248396196482, ""neg_fail"": 0.0, ""n_test"": 170}, ""hasIntensity"": {""auc"": 0.8124408163265305, ""ap"": 0.7960860012005991, ""neg_fail"": 0.0, ""n_test"": 175}, ""hasMechanic"": {""auc"": 0.9710382951450088, ""ap"": 0.9720196016089925, ""neg_fail"": 0.0, ""n_test"": 158}, ""isVariationOf"": {""auc"": 0.8298816568047338, ""ap"": 0.8230384943863829, ""neg_fail"": 0.0, ""n_test"": 26}, ""recruits"": {""auc"": 0.8211659686449205, ""ap"": 0.8065812255079935, ""neg_fail"": 0.0, ""n_test"": 341}, ""requires"": {""auc"": 0.753665306122449, ""ap"": 0.7699672058079265, ""neg_fail"": 0.0, ""n_test"": 175}, ""supportsGoal"": {""auc"": 0.9233333333333333, ""ap"": 0.9012722553487027, ""neg_fail"": 0.0, ""n_test"": 330}, ""targets"": {""auc"": 0.8626938775510204, ""ap"": 0.8588151060537974, ""neg_fail"": 0.0, ""n_test"": 175}}"
distmult,"DistMult (relation types, no propagation)",0.0,7,59520,0.8764065735708002,0.8734946930280958,0.8520556014218696,0.2661163806915283,0.4836197021764032,0.4961146116256714,0.9347079037800687,0.24258661270141602,"{""hasForce"": {""auc"": 0.9493079584775086, ""ap"": 0.9402370098545884, ""neg_fail"": 0.0, ""n_test"": 170}, ""hasIntensity"": {""auc"": 0.8861714285714286, ""ap"": 0.8202485351578581, ""neg_fail"": 0.0, ""n_test"": 175}, ""hasMechanic"": {""auc"": 0.9586604710783528, ""ap"": 0.9559505011080001, ""neg_fail"": 0.0, ""n_test"": 158}, ""isVariationOf"": {""auc"": 0.7337278106508875, ""ap"": 0.7637107779019727, ""neg_fail"": 0.0, ""n_test"": 26}, ""recruits"": {""auc"": 0.8375830961206044, ""ap"": 0.8438821252746684, ""neg_fail"": 0.0, ""n_test"": 341}, ""requires"": {""auc"": 0.742204081632653, ""ap"": 0.7305182621577174, ""neg_fail"": 0.0, ""n_test"": 175}, ""supportsGoal"": {""auc"": 0.9475390266299357, ""ap"": 0.9235469220647129, ""neg_fail"": 0.0, ""n_test"": 330}, ""targets"": {""auc"": 0.7727020408163265, ""ap"": 0.7756670866537204, ""neg_fail"": 0.0, ""n_test"": 175}}"
distmult,"DistMult (relation types, no propagation)",0.0,8,59520,0.8839127852890363,0.8631633714880332,0.8402074491283994,0.22806662321090698,0.47926689576174114,0.4730197787284851,0.9315005727376862,0.22259168326854706,"{""hasForce"": {""auc"": 0.9570588235294117, ""ap"": 0.9618727621492263, ""neg_fail"": 0.0, ""n_test"": 170}, ""hasIntensity"": {""auc"": 0.8667755102040816, ""ap"": 0.8392518466261292, ""neg_fail"": 0.0, ""n_test"": 175}, ""hasMechanic"": {""auc"": 0.9423970517545266, ""ap"": 0.9398344812347833, ""neg_fail"": 0.0, ""n_test"": 158}, ""isVariationOf"": {""auc"": 0.8372781065088757, ""ap"": 0.8462910534191146, ""neg_fail"": 0.0, ""n_test"": 26}, ""recruits"": {""auc"": 0.8276330612911826, ""ap"": 0.8244557649163342, ""neg_fail"": 0.0, ""n_test"": 341}, ""requires"": {""auc"": 0.7439346938775511, ""ap"": 0.7463854481898802, ""neg_fail"": 0.0, ""n_test"": 175}, ""supportsGoal"": {""auc"": 0.9348668503213958, ""ap"": 0.9021002112058866, ""neg_fail"": 0.0, ""n_test"": 330}, ""targets"": {""auc"": 0.7344653061224491, ""ap"": 0.7295206195612303, ""neg_fail"": 0.0, ""n_test"": 175}}"
distmult,"DistMult (relation types, no propagation)",0.0,9,59520,0.8848363420423557,0.8667916753381893,0.8422744064819248,0.2537400722503662,0.49072164948453606,0.4233250617980957,0.9074455899198167,0.16510653495788574,"{""hasForce"": {""auc"": 0.9268166089965397, ""ap"": 0.9221593101963965, ""neg_fail"": 0.0, ""n_test"": 170}, ""hasIntensity"": {""auc"": 0.8572734693877551, ""ap"": 0.7864128026369044, ""neg_fail"": 0.0, ""n_test"": 175}, ""hasMechanic"": {""auc"": 0.9715189873417722, ""ap"": 0.971329743919657, ""neg_fail"": 0.0, ""n_test"": 158}, ""isVariationOf"": {""auc"": 0.9289940828402367, ""ap"": 0.9324824565242185, ""neg_fail"": 0.0, ""n_test"": 26}, ""recruits"": {""auc"": 0.8386666781331431, ""ap"": 0.8430918494372736, ""neg_fail"": 0.0, ""n_test"": 341}, ""requires"": {""auc"": 0.7268897959183673, ""ap"": 0.7452712568829112, ""neg_fail"": 0.0, ""n_test"": 175}, ""supportsGoal"": {""auc"": 0.9255371900826447, ""ap"": 0.8859511003043826, ""neg_fail"": 0.0, ""n_test"": 330}, ""targets"": {""auc"": 0.7995755102040818, ""ap"": 0.8013712629515782, ""neg_fail"": 0.0, ""n_test"": 175}}"
distmult,"DistMult (relation types, no propagation)",0.0,10,59520,0.8887358038897049,0.8811113423517171,0.8535309309166392,0.30105841159820557,0.49713631156930127,0.5086348056793213,0.9305841924398626,0.22939780354499817,"{""hasForce"": {""auc"": 0.9607958477508651, ""ap"": 0.9596108244988433, ""neg_fail"": 0.0, ""n_test"": 170}, ""hasIntensity"": {""auc"": 0.8981877551020409, ""ap"": 0.8662333425941022, ""neg_fail"": 0.0, ""n_test"": 175}, ""hasMechanic"": {""auc"": 0.9748838327191155, ""ap"": 0.9755986394259683, ""neg_fail"": 0.0, ""n_test"": 158}, ""isVariationOf"": {""auc"": 0.757396449704142, ""ap"": 0.7441189898186366, ""neg_fail"": 0.0, ""n_test"": 26}, ""recruits"": {""auc"": 0.8444629819145002, ""ap"": 0.8314674620036118, ""neg_fail"": 0.0, ""n_test"": 341}, ""requires"": {""auc"": 0.7374040816326531, ""ap"": 0.7411591148835034, ""neg_fail"": 0.0, ""n_test"": 175}, ""supportsGoal"": {""auc"": 0.9360881542699724, ""ap"": 0.9004130727992058, ""neg_fail"": 0.0, ""n_test"": 330}, ""targets"": {""auc"": 0.8206040816326531, ""ap"": 0.8031841166787376, ""neg_fail"": 0.0, ""n_test"": 175}}"
distmult,"DistMult (relation types, no propagation)",0.0,11,59520,0.8873042068094225,0.8768665972944849,0.8506390037647641,0.2831382751464844,0.5230240549828179,0.5950924754142761,0.9331042382588774,0.2530406713485718,"{""hasForce"": {""auc"": 0.913044982698962, ""ap"": 0.8869506393758424, ""neg_fail"": 0.0, ""n_test"": 170}, ""hasIntensity"": {""auc"": 0.882938775510204, ""ap"": 0.8056425731242479, ""neg_fail"": 0.0, ""n_test"": 175}, ""hasMechanic"": {""auc"": 0.9704374298990547, ""ap"": 0.9715135300165141, ""neg_fail"": 0.0, ""n_test"": 158}, ""isVariationOf"": {""auc"": 0.6242603550295858, ""ap"": 0.6420541572843853, ""neg_fail"": 0.0, ""n_test"": 26}, ""recruits"": {""auc"": 0.8556169967578539, ""ap"": 0.8359151885279943, ""neg_fail"": 0.0, ""n_test"": 341}, ""requires"": {""auc"": 0.7551020408163266, ""ap"": 0.7434214005289821, ""neg_fail"": 0.0, ""n_test"": 175}, ""supportsGoal"": {""auc"": 0.9502020202020203, ""ap"": 0.9143962675214474, ""neg_fail"": 0.0, ""n_test"": 330}, ""targets"": {""auc"": 0.8051918367346939, ""ap"": 0.8119804413039149, ""neg_fail"": 0.0, ""n_test"": 175}}"
distmult,"DistMult (relation types, no propagation)",0.0,12,59520,0.8933182603487982,0.8759783558792924,0.8627578342580442,0.292170912027359,0.5381443298969072,0.4898940324783325,0.9298969072164949,0.22838880121707916,"{""hasForce"": {""auc"": 0.8908304498269896, ""ap"": 0.8849437390976732, ""neg_fail"": 0.0, ""n_test"": 170}, ""hasIntensity"": {""auc"": 0.8620734693877551, ""ap"": 0.8050246942446391, ""neg_fail"": 0.0, ""n_test"": 175}, ""hasMechanic"": {""auc"": 0.918001922768787, ""ap"": 0.9143519816618924, ""neg_fail"": 0.0, ""n_test"": 158}, ""isVariationOf"": {""auc"": 0.636094674556213, ""ap"": 0.6735370072218643, ""neg_fail"": 0.0, ""n_test"": 26}, ""recruits"": {""auc"": 0.8453487672104644, ""ap"": 0.8458029627892614, ""neg_fail"": 0.0, ""n_test"": 341}, ""requires"": {""auc"": 0.7882122448979593, ""ap"": 0.7768855192869776, ""neg_fail"": 0.0, ""n_test"": 175}, ""supportsGoal"": {""auc"": 0.9490174471992654, ""ap"": 0.9294055246091303, ""neg_fail"": 0.0, ""n_test"": 330}, ""targets"": {""auc"": 0.8252081632653062, ""ap"": 0.8278074589902354, ""neg_fail"": 0.0, ""n_test"": 175}}"
distmult,"DistMult (relation types, no propagation)",0.0,13,59520,0.8819765123872682,0.8828961498439126,0.8524854387373988,0.2516966462135315,0.47880870561282934,0.5169764757156372,0.9436426116838488,0.22650499641895294,"{""hasForce"": {""auc"": 0.9582352941176471, ""ap"": 0.957438485583747, ""neg_fail"": 0.0, ""n_test"": 170}, ""hasIntensity"": {""auc"": 0.8988408163265306, ""ap"": 0.839185238723087, ""neg_fail"": 0.0, ""n_test"": 175}, ""hasMechanic"": {""auc"": 0.9678737381829836, ""ap"": 0.9674545592698421, ""neg_fail"": 0.0, ""n_test"": 158}, ""isVariationOf"": {""auc"": 0.7973372781065089, ""ap"": 0.8206183547525525, ""neg_fail"": 0.0, ""n_test"": 26}, ""recruits"": {""auc"": 0.8408424420154625, ""ap"": 0.8216691647194777, ""neg_fail"": 0.0, ""n_test"": 341}, ""requires"": {""auc"": 0.766334693877551, ""ap"": 0.7557541519737314, ""neg_fail"": 0.0, ""n_test"": 175}, ""supportsGoal"": {""auc"": 0.9273829201101929, ""ap"": 0.8896462048719713, ""neg_fail"": 0.0, ""n_test"": 330}, ""targets"": {""auc"": 0.8095673469387756, ""ap"": 0.7969557127504097, ""neg_fail"": 0.0, ""n_test"": 175}}"
distmult,"DistMult (relation types, no propagation)",0.0,14,59520,0.86982728311136,0.8658426638917793,0.8356433750346185,0.2442484050989151,0.4733104238258877,0.46328306198120117,0.9189003436426116,0.2142311930656433,"{""hasForce"": {""auc"": 0.9351557093425605, ""ap"": 0.9283650651326548, ""neg_fail"": 0.0, ""n_test"": 170}, ""hasIntensity"": {""auc"": 0.9181061224489797, ""ap"": 0.8740801212606444, ""neg_fail"": 0.0, ""n_test"": 175}, ""hasMechanic"": {""auc"": 0.9433183784649896, ""ap"": 0.9437047864242567, ""neg_fail"": 0.0, ""n_test"": 158}, ""isVariationOf"": {""auc"": 0.7840236686390532, ""ap"": 0.7840199780237105, ""neg_fail"": 0.0, ""n_test"": 26}, ""recruits"": {""auc"": 0.8384688814165685, ""ap"": 0.8392641845127543, ""neg_fail"": 0.0, ""n_test"": 341}, ""requires"": {""auc"": 0.7434448979591837, ""ap"": 0.7348046078488711, ""neg_fail"": 0.0, ""n_test"": 175}, ""supportsGoal"": {""auc"": 0.9098530762167126, ""ap"": 0.8653676407769585, ""neg_fail"": 0.0, ""n_test"": 330}, ""targets"": {""auc"": 0.7899755102040817, ""ap"": 0.790211166582091, ""neg_fail"": 0.0, ""n_test"": 175}}"
distmult,"DistMult (relation types, no propagation)",0.0,15,59520,0.8864563514293261,0.8702530697190427,0.836775888537796,0.22449572384357452,0.4639175257731959,0.4414655566215515,0.9344788087056128,0.21116262674331665,"{""hasForce"": {""auc"": 0.9490311418685121, ""ap"": 0.927515872352274, ""neg_fail"": 0.0, ""n_test"": 170}, ""hasIntensity"": {""auc"": 0.8652734693877551, ""ap"": 0.802130262930175, ""neg_fail"": 0.0, ""n_test"": 175}, ""hasMechanic"": {""auc"": 0.9792100624899857, ""ap"": 0.9790157940275911, ""neg_fail"": 0.0, ""n_test"": 158}, ""isVariationOf"": {""auc"": 0.6715976331360948, ""ap"": 0.6450241867616411, ""neg_fail"": 0.0, ""n_test"": 26}, ""recruits"": {""auc"": 0.8346161453719868, ""ap"": 0.830194238874639, ""neg_fail"": 0.0, ""n_test"": 341}, ""requires"": {""auc"": 0.7257142857142856, ""ap"": 0.7295202230935096, ""neg_fail"": 0.0, ""n_test"": 175}, ""supportsGoal"": {""auc"": 0.9287419651056015, ""ap"": 0.8748344535282021, ""neg_fail"": 0.0030303029343485832, ""n_test"": 330}, ""targets"": {""auc"": 0.7710367346938776, ""ap"": 0.7755728912345787, ""neg_fail"": 0.0, ""n_test"": 175}}"
distmult,"DistMult (relation types, no propagation)",0.0,16,59520,0.880497812230314,0.8676482830385016,0.8395115321289937,0.258211612701416,0.5035509736540664,0.544002890586853,0.9344788087056128,0.24303312599658966,"{""hasForce"": {""auc"": 0.9403460207612456, ""ap"": 0.9305418668666204, ""neg_fail"": 0.0, ""n_test"": 170}, ""hasIntensity"": {""auc"": 0.8298775510204082, ""ap"": 0.7830337538633478, ""neg_fail"": 0.0, ""n_test"": 175}, ""hasMechanic"": {""auc"": 0.9596619131549431, ""ap"": 0.9586925182292989, ""neg_fail"": 0.0, ""n_test"": 158}, ""isVariationOf"": {""auc"": 0.75, ""ap"": 0.7526429097340994, ""neg_fail"": 0.0, ""n_test"": 26}, ""recruits"": {""auc"": 0.8266698772800372, ""ap"": 0.7898602069028727, ""neg_fail"": 0.0, ""n_test"": 341}, ""requires"": {""auc"": 0.7149387755102041, ""ap"": 0.7096803708644127, ""neg_fail"": 0.0, ""n_test"": 175}, ""supportsGoal"": {""auc"": 0.947346189164371, ""ap"": 0.9186534468336995, ""neg_fail"": 0.0, ""n_test"": 330}, ""targets"": {""auc"": 0.8224979591836736, ""ap"": 0.8291416604651943, ""neg_fail"": 0.0, ""n_test"": 175}}"
distmult,"DistMult (relation types, no propagation)",0.0,17,59520,0.8785127539991353,0.8736224765868887,0.8402168643307488,0.30475476384162903,0.48109965635738833,0.5875305533409119,0.9360824742268041,0.2604369819164276,"{""hasForce"": {""auc"": 0.9508650519031142, ""ap"": 0.9411963699568406, ""neg_fail"": 0.0, ""n_test"": 170}, ""hasIntensity"": {""auc"": 0.8458448979591837, ""ap"": 0.7812896078990824, ""neg_fail"": 0.0, ""n_test"": 175}, ""hasMechanic"": {""auc"": 0.9621054318218234, ""ap"": 0.9627242051466226, ""neg_fail"": 0.0, ""n_test"": 158}, ""isVariationOf"": {""auc"": 0.7736686390532546, ""ap"": 0.7780402488371221, ""neg_fail"": 0.0, ""n_test"": 26}, ""recruits"": {""auc"": 0.8537078284500478, ""ap"": 0.8486597402142216, ""neg_fail"": 0.0, ""n_test"": 341}, ""requires"": {""auc"": 0.7401142857142857, ""ap"": 0.7095910097285549, ""neg_fail"": 0.0, ""n_test"": 175}, ""supportsGoal"": {""auc"": 0.9309182736455464, ""ap"": 0.8892567256496284, ""neg_fail"": 0.0, ""n_test"": 330}, ""targets"": {""auc"": 0.8361142857142858, ""ap"": 0.833033902596297, ""neg_fail"": 0.0, ""n_test"": 175}}"
distmult,"DistMult (relation types, no propagation)",0.0,18,59520,0.892852276340293,0.8744865764828303,0.8520177560959301,0.23239895701408386,0.484077892325315,0.4161340296268463,0.9269186712485682,0.18921606242656708,"{""hasForce"": {""auc"": 0.9285121107266436, ""ap"": 0.909168649799403, ""neg_fail"": 0.0, ""n_test"": 170}, ""hasIntensity"": {""auc"": 0.8515918367346939, ""ap"": 0.8339090388022626, ""neg_fail"": 0.0, ""n_test"": 175}, ""hasMechanic"": {""auc"": 0.9792100624899857, ""ap"": 0.979095990209823, ""neg_fail"": 0.0, ""n_test"": 158}, ""isVariationOf"": {""auc"": 0.6124260355029586, ""ap"": 0.6787692129101287, ""neg_fail"": 0.0, ""n_test"": 26}, ""recruits"": {""auc"": 0.8330251717821484, ""ap"": 0.822216165590389, ""neg_fail"": 0.0, ""n_test"": 341}, ""requires"": {""auc"": 0.7187265306122449, ""ap"": 0.6788336491063951, ""neg_fail"": 0.0, ""n_test"": 175}, ""supportsGoal"": {""auc"": 0.9465748393021121, ""ap"": 0.9174043832829135, ""neg_fail"": 0.0, ""n_test"": 330}, ""targets"": {""auc"": 0.7756081632653062, ""ap"": 0.7912931894455978, ""neg_fail"": 0.0, ""n_test"": 175}}"
distmult,"DistMult (relation types, no propagation)",0.0,19,59520,0.8867709326913856,0.872929448491155,0.8583889189285132,0.24821779131889343,0.502176403207331,0.4110011160373688,0.9221076746849943,0.19301742315292358,"{""hasForce"": {""auc"": 0.9237024221453287, ""ap"": 0.906475939751481, ""neg_fail"": 0.0, ""n_test"": 170}, ""hasIntensity"": {""auc"": 0.829191836734694, ""ap"": 0.7959593213004528, ""neg_fail"": 0.0, ""n_test"": 175}, ""hasMechanic"": {""auc"": 0.9618650857234416, ""ap"": 0.9609178233010466, ""neg_fail"": 0.0, ""n_test"": 158}, ""isVariationOf"": {""auc"": 0.6715976331360947, ""ap"": 0.7021670033204902, ""neg_fail"": 0.0, ""n_test"": 26}, ""recruits"": {""auc"": 0.8350977373775597, ""ap"": 0.8296407726698352, ""neg_fail"": 0.0, ""n_test"": 341}, ""requires"": {""auc"": 0.7751183673469387, ""ap"": 0.764223594710611, ""neg_fail"": 0.0, ""n_test"": 175}, ""supportsGoal"": {""auc"": 0.9471166207529844, ""ap"": 0.9328391914406132, ""neg_fail"": 0.0, ""n_test"": 330}, ""targets"": {""auc"": 0.7906285714285716, ""ap"": 0.7945288348413133, ""neg_fail"": 0.0, ""n_test"": 175}}"
distmult,"DistMult (relation types, no propagation)",0.0,20,59520,0.8889275807018694,0.858915296566077,0.8358909848092636,0.2177034616470337,0.47308132875143183,0.4479029178619385,0.9315005727376862,0.21159309148788452,"{""hasForce"": {""auc"": 0.9171972318339101, ""ap"": 0.896136785829069, ""neg_fail"": 0.0, ""n_test"": 170}, ""hasIntensity"": {""auc"": 0.8361469387755102, ""ap"": 0.7915656979907857, ""neg_fail"": 0.0, ""n_test"": 175}, ""hasMechanic"": {""auc"": 0.9188030764300593, ""ap"": 0.9135322994177517, ""neg_fail"": 0.0, ""n_test"": 158}, ""isVariationOf"": {""auc"": 0.67603550295858, ""ap"": 0.7165427081820552, ""neg_fail"": 0.0, ""n_test"": 26}, ""recruits"": {""auc"": 0.843972790051685, ""ap"": 0.8354545280470272, ""neg_fail"": 0.0, ""n_test"": 341}, ""requires"": {""auc"": 0.7260408163265307, ""ap"": 0.7089113928986156, ""neg_fail"": 0.0, ""n_test"": 175}, ""supportsGoal"": {""auc"": 0.9313131313131313, ""ap"": 0.9050222694775071, ""neg_fail"": 0.0, ""n_test"": 330}, ""targets"": {""auc"": 0.8084897959183673, ""ap"": 0.7869608145391124, ""neg_fail"": 0.0, ""n_test"": 175}}"
distmult,"DistMult (relation types, no propagation)",0.0,21,59520,0.8893363681172731,0.8747895941727367,0.8491560030286991,0.2274605929851532,0.44650630011454756,0.4801710247993469,0.9335624284077892,0.23529557883739471,"{""hasForce"": {""auc"": 0.9620415224913494, ""ap"": 0.9546483083808175, ""neg_fail"": 0.0, ""n_test"": 170}, ""hasIntensity"": {""auc"": 0.8552816326530612, ""ap"": 0.7936354962796909, ""neg_fail"": 0.0, ""n_test"": 175}, ""hasMechanic"": {""auc"": 0.9811728889601026, ""ap"": 0.9773423572440529, ""neg_fail"": 0.0, ""n_test"": 158}, ""isVariationOf"": {""auc"": 0.7011834319526628, ""ap"": 0.7092439792690272, ""neg_fail"": 0.0, ""n_test"": 26}, ""recruits"": {""auc"": 0.8769102432899613, ""ap"": 0.8634827941810019, ""neg_fail"": 0.0, ""n_test"": 341}, ""requires"": {""auc"": 0.7272489795918367, ""ap"": 0.7306156310318972, ""neg_fail"": 0.0, ""n_test"": 175}, ""supportsGoal"": {""auc"": 0.9235261707988981, ""ap"": 0.8977648088282163, ""neg_fail"": 0.0, ""n_test"": 330}, ""targets"": {""auc"": 0.8123755102040817, ""ap"": 0.8143302384759246, ""neg_fail"": 0.0, ""n_test"": 175}}"
distmult,"DistMult (relation types, no propagation)",0.0,22,59520,0.8806323924493769,0.8738422476586889,0.845195384577055,0.29495710134506226,0.5019473081328751,0.5708855390548706,0.9255441008018328,0.2676737606525421,"{""hasForce"": {""auc"": 0.9261937716262976, ""ap"": 0.9337072999313761, ""neg_fail"": 0.0, ""n_test"": 170}, ""hasIntensity"": {""auc"": 0.8730775510204081, ""ap"": 0.7745558864977807, ""neg_fail"": 0.0, ""n_test"": 175}, ""hasMechanic"": {""auc"": 0.953292741547829, ""ap"": 0.9530763605104395, ""neg_fail"": 0.0, ""n_test"": 158}, ""isVariationOf"": {""auc"": 0.7869822485207101, ""ap"": 0.7688732084019901, ""neg_fail"": 0.0, ""n_test"": 26}, ""recruits"": {""auc"": 0.8576723626387803, ""ap"": 0.8533206695997818, ""neg_fail"": 0.0, ""n_test"": 341}, ""requires"": {""auc"": 0.7915755102040816, ""ap"": 0.7950028679580947, ""neg_fail"": 0.0, ""n_test"": 175}, ""supportsGoal"": {""auc"": 0.9193296602387513, ""ap"": 0.8774945365110143, ""neg_fail"": 0.0, ""n_test"": 330}, ""targets"": {""auc"": 0.8058775510204081, ""ap"": 0.7776996549178898, ""neg_fail"": 0.0, ""n_test"": 175}}"
distmult,"DistMult (relation types, no propagation)",0.0,23,59520,0.878650698723675,0.8565406867845994,0.8355256721860069,0.2143021523952484,0.4758304696449026,0.36216068267822266,0.9175257731958762,0.16920478641986847,"{""hasForce"": {""auc"": 0.9012110726643598, ""ap"": 0.897449512579046, ""neg_fail"": 0.0, ""n_test"": 170}, ""hasIntensity"": {""auc"": 0.8147918367346938, ""ap"": 0.7631521032152564, ""neg_fail"": 0.0, ""n_test"": 175}, ""hasMechanic"": {""auc"": 0.9581797788815895, ""ap"": 0.9582427194011972, ""neg_fail"": 0.0, ""n_test"": 158}, ""isVariationOf"": {""auc"": 0.6789940828402367, ""ap"": 0.6552962624101847, ""neg_fail"": 0.0, ""n_test"": 26}, ""recruits"": {""auc"": 0.840154453436073, ""ap"": 0.8351453206941961, ""neg_fail"": 0.0, ""n_test"": 341}, ""requires"": {""auc"": 0.7380571428571429, ""ap"": 0.7480400662220498, ""neg_fail"": 0.0, ""n_test"": 175}, ""supportsGoal"": {""auc"": 0.9146189164370984, ""ap"": 0.883388731967294, ""neg_fail"": 0.0, ""n_test"": 330}, ""targets"": {""auc"": 0.7888653061224491, ""ap"": 0.7791210226153794, ""neg_fail"": 0.0, ""n_test"": 175}}"
distmult,"DistMult (relation types, no propagation)",0.0,24,59520,0.8694353182233393,0.8634218522372529,0.8354087933576845,0.2716582119464874,0.49553264604811,0.5629507899284363,0.9184421534936998,0.23464204370975494,"{""hasForce"": {""auc"": 0.9068858131487889, ""ap"": 0.9144958573149063, ""neg_fail"": 0.0, ""n_test"": 170}, ""hasIntensity"": {""auc"": 0.7839999999999999, ""ap"": 0.7490187580773643, ""neg_fail"": 0.0, ""n_test"": 175}, ""hasMechanic"": {""auc"": 0.9464428777439513, ""ap"": 0.9472975000646109, ""neg_fail"": 0.0, ""n_test"": 158}, ""isVariationOf"": {""auc"": 0.7470414201183432, ""ap"": 0.7221749677927648, ""neg_fail"": 0.0, ""n_test"": 26}, ""recruits"": {""auc"": 0.8360695212459472, ""ap"": 0.8316001976774421, ""neg_fail"": 0.0, ""n_test"": 341}, ""requires"": {""auc"": 0.7471020408163266, ""ap"": 0.7112877524602854, ""neg_fail"": 0.0, ""n_test"": 175}, ""supportsGoal"": {""auc"": 0.9218273645546373, ""ap"": 0.8735941839729112, ""neg_fail"": 0.0, ""n_test"": 330}, ""targets"": {""auc"": 0.8666448979591836, ""ap"": 0.8548601833619279, ""neg_fail"": 0.0, ""n_test"": 175}}"
distmult,"DistMult (relation types, no propagation)",0.0,25,59520,0.8841903569908536,0.8576628511966701,0.8323677520136437,0.2820788323879242,0.5427262313860252,0.5881510376930237,0.9312714776632303,0.25290730595588684,"{""hasForce"": {""auc"": 0.9346712802768167, ""ap"": 0.9312525713858493, ""neg_fail"": 0.0, ""n_test"": 170}, ""hasIntensity"": {""auc"": 0.7897469387755102, ""ap"": 0.6867743809419847, ""neg_fail"": 0.0, ""n_test"": 175}, ""hasMechanic"": {""auc"": 0.9330235539176415, ""ap"": 0.9328637438909704, ""neg_fail"": 0.0, ""n_test"": 158}, ""isVariationOf"": {""auc"": 0.6804733727810651, ""ap"": 0.7237082228409788, ""neg_fail"": 0.0, ""n_test"": 26}, ""recruits"": {""auc"": 0.8350289385196206, ""ap"": 0.8396738827230161, ""neg_fail"": 0.0, ""n_test"": 341}, ""requires"": {""auc"": 0.7051102040816326, ""ap"": 0.6964285472307155, ""neg_fail"": 0.0, ""n_test"": 175}, ""supportsGoal"": {""auc"": 0.9323875114784206, ""ap"": 0.8934806535754771, ""neg_fail"": 0.0, ""n_test"": 330}, ""targets"": {""auc"": 0.8080979591836736, ""ap"": 0.7982120127220638, ""neg_fail"": 0.0, ""n_test"": 175}}"
distmult,"DistMult (relation types, no propagation)",0.0,26,59520,0.8938296651812375,0.872513631633715,0.8506544670297267,0.2963915169239044,0.49988545246277205,0.5224068760871887,0.9367697594501718,0.2375769019126892,"{""hasForce"": {""auc"": 0.9394117647058823, ""ap"": 0.9228542910067006, ""neg_fail"": 0.0, ""n_test"": 170}, ""hasIntensity"": {""auc"": 0.8993632653061224, ""ap"": 0.834299741244909, ""neg_fail"": 0.0, ""n_test"": 175}, ""hasMechanic"": {""auc"": 0.9593414516904342, ""ap"": 0.9608573423683106, ""neg_fail"": 0.0, ""n_test"": 158}, ""isVariationOf"": {""auc"": 0.826923076923077, ""ap"": 0.8477839780310356, ""neg_fail"": 0.0, ""n_test"": 26}, ""recruits"": {""auc"": 0.8372821011171215, ""ap"": 0.8388416252832166, ""neg_fail"": 0.0, ""n_test"": 341}, ""requires"": {""auc"": 0.7437714285714285, ""ap"": 0.746609502575651, ""neg_fail"": 0.0, ""n_test"": 175}, ""supportsGoal"": {""auc"": 0.9317079889807163, ""ap"": 0.9033789102631297, ""neg_fail"": 0.0, ""n_test"": 330}, ""targets"": {""auc"": 0.8046693877551021, ""ap"": 0.7921916115709885, ""neg_fail"": 0.0, ""n_test"": 175}}"
distmult,"DistMult (relation types, no propagation)",0.0,27,59520,0.8860004609372503,0.8728861602497399,0.8510954305089016,0.21561366319656372,0.5005727376861397,0.45163682103157043,0.9108820160366552,0.21438032388687134,"{""hasForce"": {""auc"": 0.9348442906574395, ""ap"": 0.9262759661951614, ""neg_fail"": 0.0, ""n_test"": 170}, ""hasIntensity"": {""auc"": 0.9255836734693876, ""ap"": 0.8998722289403734, ""neg_fail"": 0.0, ""n_test"": 175}, ""hasMechanic"": {""auc"": 0.9649495273193398, ""ap"": 0.9639147357313684, ""neg_fail"": 0.0, ""n_test"": 158}, ""isVariationOf"": {""auc"": 0.7218934911242603, ""ap"": 0.7051354016478116, ""neg_fail"": 0.0, ""n_test"": 26}, ""recruits"": {""auc"": 0.8322941839165471, ""ap"": 0.8339767230616454, ""neg_fail"": 0.0, ""n_test"": 341}, ""requires"": {""auc"": 0.6855510204081633, ""ap"": 0.7082125053453279, ""neg_fail"": 0.0, ""n_test"": 175}, ""supportsGoal"": {""auc"": 0.9467952249770432, ""ap"": 0.9134609862275073, ""neg_fail"": 0.0, ""n_test"": 330}, ""targets"": {""auc"": 0.8075755102040817, ""ap"": 0.8049224086790197, ""neg_fail"": 0.0, ""n_test"": 175}}"
distmult,"DistMult (relation types, no propagation)",0.0,28,59520,0.8941543399597269,0.8785115504682622,0.8433807796129471,0.30776071548461914,0.49965635738831615,0.5969597697257996,0.9225658648339061,0.2538558840751648,"{""hasForce"": {""auc"": 0.9132179930795847, ""ap"": 0.9202199057380752, ""neg_fail"": 0.0, ""n_test"": 170}, ""hasIntensity"": {""auc"": 0.8992979591836734, ""ap"": 0.8236257045520735, ""neg_fail"": 0.0, ""n_test"": 175}, ""hasMechanic"": {""auc"": 0.971639160390963, ""ap"": 0.9711366423601869, ""neg_fail"": 0.0, ""n_test"": 158}, ""isVariationOf"": {""auc"": 0.6937869822485206, ""ap"": 0.6777595412665309, ""neg_fail"": 0.0, ""n_test"": 26}, ""recruits"": {""auc"": 0.8738314943971931, ""ap"": 0.860243052432841, ""neg_fail"": 0.0, ""n_test"": 341}, ""requires"": {""auc"": 0.7594775510204083, ""ap"": 0.7303624822651635, ""neg_fail"": 0.0, ""n_test"": 175}, ""supportsGoal"": {""auc"": 0.9252525252525253, ""ap"": 0.8723114181253854, ""neg_fail"": 0.0, ""n_test"": 330}, ""targets"": {""auc"": 0.7992816326530613, ""ap"": 0.7887410966889298, ""neg_fail"": 0.0, ""n_test"": 175}}"
distmult,"DistMult (relation types, no propagation)",0.0,29,59520,0.8776346180697496,0.8709388137356919,0.8514095559088483,0.2354426085948944,0.5030927835051546,0.43579691648483276,0.9230240549828179,0.22336594760417938,"{""hasForce"": {""auc"": 0.9232179930795847, ""ap"": 0.9180957394293253, ""neg_fail"": 0.0, ""n_test"": 170}, ""hasIntensity"": {""auc"": 0.8713142857142857, ""ap"": 0.7978152025121732, ""neg_fail"": 0.0, ""n_test"": 175}, ""hasMechanic"": {""auc"": 0.9574186829033808, ""ap"": 0.9543993525234497, ""neg_fail"": 0.0, ""n_test"": 158}, ""isVariationOf"": {""auc"": 0.8165680473372781, ""ap"": 0.7953323992105937, ""neg_fail"": 0.0, ""n_test"": 26}, ""recruits"": {""auc"": 0.8576895623532649, ""ap"": 0.8493935914144618, ""neg_fail"": 0.0, ""n_test"": 341}, ""requires"": {""auc"": 0.7130448979591837, ""ap"": 0.7168070905023444, ""neg_fail"": 0.0, ""n_test"": 175}, ""supportsGoal"": {""auc"": 0.9345270890725437, ""ap"": 0.9048634763250942, ""neg_fail"": 0.0030303029343485832, ""n_test"": 330}, ""targets"": {""auc"": 0.7867102040816327, ""ap"": 0.7900845912675767, ""neg_fail"": 0.0, ""n_test"": 175}}"
gcn,"GCN (topology, no relation types)",0.0,0,67328,0.8289619995928947,0.7817881373569199,0.7608041756984503,0.41615164279937744,0.3935853379152348,0.5015610456466675,0.8609392898052692,0.19726520776748657,"{""hasForce"": {""auc"": 0.802560553633218, ""ap"": 0.8086042636143038, ""neg_fail"": 0.0, ""n_test"": 170}, ""hasIntensity"": {""auc"": 0.6034285714285714, ""ap"": 0.5651042305347463, ""neg_fail"": 0.0, ""n_test"": 175}, ""hasMechanic"": {""auc"": 0.7811648774234898, ""ap"": 0.7728452402645074, ""neg_fail"": 0.0, ""n_test"": 158}, ""isVariationOf"": {""auc"": 0.8047337278106509, ""ap"": 0.8173757143612772, ""neg_fail"": 0.0, ""n_test"": 26}, ""recruits"": {""auc"": 0.8051702341741128, ""ap"": 0.7911375939824502, ""neg_fail"": 0.0, ""n_test"": 341}, ""requires"": {""auc"": 0.7135673469387754, ""ap"": 0.7091334536208054, ""neg_fail"": 0.0, ""n_test"": 175}, ""supportsGoal"": {""auc"": 0.8931037649219468, ""ap"": 0.8794287720244506, ""neg_fail"": 0.0, ""n_test"": 330}, ""targets"": {""auc"": 0.7437061224489796, ""ap"": 0.7056218436946011, ""neg_fail"": 0.0, ""n_test"": 175}}"
gcn,"GCN (topology, no relation types)",0.0,1,67328,0.8323222994376229,0.8002370447450573,0.7847824447052099,0.3862059712409973,0.38579610538373427,0.633798360824585,0.8616265750286369,0.2774307131767273,"{""hasForce"": {""auc"": 0.8721453287197232, ""ap"": 0.8589543555146153, ""neg_fail"": 0.0, ""n_test"": 170}, ""hasIntensity"": {""auc"": 0.7189224489795919, ""ap"": 0.6785377361795364, ""neg_fail"": 0.0, ""n_test"": 175}, ""hasMechanic"": {""auc"": 0.8100865245954174, ""ap"": 0.8153410427666774, ""neg_fail"": 0.0, ""n_test"": 158}, ""isVariationOf"": {""auc"": 0.8550295857988166, ""ap"": 0.8530760878895008, ""neg_fail"": 0.0, ""n_test"": 26}, ""recruits"": {""auc"": 0.7965703769317429, ""ap"": 0.7840741859023928, ""neg_fail"": 0.0, ""n_test"": 341}, ""requires"": {""auc"": 0.6814040816326532, ""ap"": 0.7045977214288452, ""neg_fail"": 0.0, ""n_test"": 175}, ""supportsGoal"": {""auc"": 0.8942424242424242, ""ap"": 0.8765274050450083, ""neg_fail"": 0.0, ""n_test"": 330}, ""targets"": {""auc"": 0.771004081632653, ""ap"": 0.7395567302529145, ""neg_fail"": 0.0, ""n_test"": 175}}"
gcn,"GCN (topology, no relation types)",0.0,2,67328,0.8304945318374743,0.8096174817898023,0.7860165648795601,0.3667558431625366,0.384192439862543,0.6717253923416138,0.8856815578465063,0.2722550332546234,"{""hasForce"": {""auc"": 0.855674740484429, ""ap"": 0.8390852434090815, ""neg_fail"": 0.0, ""n_test"": 170}, ""hasIntensity"": {""auc"": 0.6498285714285714, ""ap"": 0.619482458776794, ""neg_fail"": 0.0, ""n_test"": 175}, ""hasMechanic"": {""auc"": 0.8164556962025317, ""ap"": 0.7982627809161771, ""neg_fail"": 0.0, ""n_test"": 158}, ""isVariationOf"": {""auc"": 0.9659763313609468, ""ap"": 0.9667446931405741, ""neg_fail"": 0.0, ""n_test"": 26}, ""recruits"": {""auc"": 0.8153266655773515, ""ap"": 0.8048279279674986, ""neg_fail"": 0.0, ""n_test"": 341}, ""requires"": {""auc"": 0.7053714285714286, ""ap"": 0.6789224154845478, ""neg_fail"": 0.0, ""n_test"": 175}, ""supportsGoal"": {""auc"": 0.9280257116620751, ""ap"": 0.90287697982082, ""neg_fail"": 0.0, ""n_test"": 330}, ""targets"": {""auc"": 0.7606530612244897, ""ap"": 0.7324015402604832, ""neg_fail"": 0.0, ""n_test"": 175}}"
gcn,"GCN (topology, no relation types)",0.0,3,67328,0.8118181619370132,0.8086370447450573,0.7877226396944871,0.39110198616981506,0.37731958762886597,0.6019324064254761,0.8657502863688431,0.25102025270462036,"{""hasForce"": {""auc"": 0.8501038062283738, ""ap"": 0.8497476510412958, ""neg_fail"": 0.0, ""n_test"": 170}, ""hasIntensity"": {""auc"": 0.7638204081632654, ""ap"": 0.7672520115389366, ""neg_fail"": 0.0, ""n_test"": 175}, ""hasMechanic"": {""auc"": 0.8398493831116808, ""ap"": 0.8313326500788326, ""neg_fail"": 0.0, ""n_test"": 158}, ""isVariationOf"": {""auc"": 0.7869822485207101, ""ap"": 0.7948672856297722, ""neg_fail"": 0.0, ""n_test"": 26}, ""recruits"": {""auc"": 0.8190332040488129, ""ap"": 0.7812392179183577, ""neg_fail"": 0.0, ""n_test"": 341}, ""requires"": {""auc"": 0.6930285714285714, ""ap"": 0.6819277472098948, ""neg_fail"": 0.0, ""n_test"": 175}, ""supportsGoal"": {""auc"": 0.907842056932966, ""ap"": 0.9009611244934148, ""neg_fail"": 0.0, ""n_test"": 330}, ""targets"": {""auc"": 0.7349551020408163, ""ap"": 0.7265598043428241, ""neg_fail"": 0.0, ""n_test"": 175}}"
gcn,"GCN (topology, no relation types)",0.0,4,67328,0.8112403081214116,0.7903629552549427,0.7672272829039191,0.3646823465824127,0.40801832760595647,0.609265923500061,0.8517754868270332,0.2171754240989685,"{""hasForce"": {""auc"": 0.8202422145328719, ""ap"": 0.8169715642677912, ""neg_fail"": 0.0, ""n_test"": 170}, ""hasIntensity"": {""auc"": 0.6969142857142857, ""ap"": 0.6770211959161159, ""neg_fail"": 0.0, ""n_test"": 175}, ""hasMechanic"": {""auc"": 0.7812850504726807, ""ap"": 0.7787277338209806, ""neg_fail"": 0.0, ""n_test"": 158}, ""isVariationOf"": {""auc"": 0.8150887573964497, ""ap"": 0.834130971535276, ""neg_fail"": 0.0, ""n_test"": 26}, ""recruits"": {""auc"": 0.8029944702917932, ""ap"": 0.7727011000582138, ""neg_fail"": 0.0, ""n_test"": 341}, ""requires"": {""auc"": 0.7095183673469387, ""ap"": 0.715252675318289, ""neg_fail"": 0.0, ""n_test"": 175}, ""supportsGoal"": {""auc"": 0.905665748393021, ""ap"": 0.8898096228680689, ""neg_fail"": 0.0030303029343485832, ""n_test"": 330}, ""targets"": {""auc"": 0.7047510204081633, ""ap"": 0.6498900126563616, ""neg_fail"": 0.0, ""n_test"": 175}}"
gcn,"GCN (topology, no relation types)",0.0,5,67328,0.8196204501371878,0.808341311134235,0.7854092625072365,0.37994083762168884,0.41695303550973656,0.5943131446838379,0.8760595647193585,0.2549457550048828,"{""hasForce"": {""auc"": 0.872006920415225, ""ap"": 0.8498300979895821, ""neg_fail"": 0.0, ""n_test"": 170}, ""hasIntensity"": {""auc"": 0.6663836734693878, ""ap"": 0.6369382194273037, ""neg_fail"": 0.0, ""n_test"": 175}, ""hasMechanic"": {""auc"": 0.8505447844896651, ""ap"": 0.8405417712570915, ""neg_fail"": 0.0, ""n_test"": 158}, ""isVariationOf"": {""auc"": 0.8313609467455622, ""ap"": 0.8272134932749313, ""neg_fail"": 0.0, ""n_test"": 26}, ""recruits"": {""auc"": 0.8130735029798506, ""ap"": 0.7743711985636056, ""neg_fail"": 0.0, ""n_test"": 341}, ""requires"": {""auc"": 0.724865306122449, ""ap"": 0.7432077829951614, ""neg_fail"": 0.0, ""n_test"": 175}, ""supportsGoal"": {""auc"": 0.9134986225895316, ""ap"": 0.9022537607781047, ""neg_fail"": 0.0030303029343485832, ""n_test"": 330}, ""targets"": {""auc"": 0.7221877551020408, ""ap"": 0.6820671260135214, ""neg_fail"": 0.0, ""n_test"": 175}}"
gcn,"GCN (topology, no relation types)",0.0,6,67328,0.82035475345745,0.8114085327783558,0.7882925801066949,0.36215826869010925,0.38556701030927837,0.6378345489501953,0.8882016036655211,0.269915372133255,"{""hasForce"": {""auc"": 0.8697231833910034, ""ap"": 0.844669512473087, ""neg_fail"": 0.0, ""n_test"": 170}, ""hasIntensity"": {""auc"": 0.7217632653061223, ""ap"": 0.6709856815515054, ""neg_fail"": 0.0, ""n_test"": 175}, ""hasMechanic"": {""auc"": 0.8124098702131068, ""ap"": 0.8124864236656798, ""neg_fail"": 0.0, ""n_test"": 158}, ""isVariationOf"": {""auc"": 0.8491124260355031, ""ap"": 0.8473712060582834, ""neg_fail"": 0.0, ""n_test"": 26}, ""recruits"": {""auc"": 0.8078705893482169, ""ap"": 0.7930133242644203, ""neg_fail"": 0.0, ""n_test"": 341}, ""requires"": {""auc"": 0.7129469387755102, ""ap"": 0.7118979739857769, ""neg_fail"": 0.0, ""n_test"": 175}, ""supportsGoal"": {""auc"": 0.9203581267217631, ""ap"": 0.9018707891898037, ""neg_fail"": 0.0, ""n_test"": 330}, ""targets"": {""auc"": 0.7661714285714286, ""ap"": 0.7379017193999553, ""neg_fail"": 0.0, ""n_test"": 175}}"
gcn,"GCN (topology, no relation types)",0.0,7,67328,0.8223070077602319,0.8158389177939647,0.7882059855220233,0.39253148436546326,0.36838487972508593,0.6273512840270996,0.8655211912943872,0.2731596529483795,"{""hasForce"": {""auc"": 0.8681660899653979, ""ap"": 0.8662631239634189, ""neg_fail"": 0.0, ""n_test"": 170}, ""hasIntensity"": {""auc"": 0.6953795918367347, ""ap"": 0.6821171821693439, ""neg_fail"": 0.0, ""n_test"": 175}, ""hasMechanic"": {""auc"": 0.8547908988944081, ""ap"": 0.8577290277249587, ""neg_fail"": 0.0, ""n_test"": 158}, ""isVariationOf"": {""auc"": 0.8062130177514794, ""ap"": 0.7320138154965934, ""neg_fail"": 0.0, ""n_test"": 26}, ""recruits"": {""auc"": 0.8165392454485256, ""ap"": 0.7842644820818858, ""neg_fail"": 0.0, ""n_test"": 341}, ""requires"": {""auc"": 0.7014530612244898, ""ap"": 0.6923294799610088, ""neg_fail"": 0.0, ""n_test"": 175}, ""supportsGoal"": {""auc"": 0.9280348943985307, ""ap"": 0.9214817506049987, ""neg_fail"": 0.0, ""n_test"": 330}, ""targets"": {""auc"": 0.7571918367346938, ""ap"": 0.7119306688576386, ""neg_fail"": 0.0, ""n_test"": 175}}"
gcn,"GCN (topology, no relation types)",0.0,8,67328,0.8202479304085687,0.8051535900104059,0.7817123418727393,0.38505756855010986,0.3967926689576174,0.6127864122390747,0.8604810996563574,0.2355777472257614,"{""hasForce"": {""auc"": 0.8778892733564013, ""ap"": 0.874718713921616, ""neg_fail"": 0.0, ""n_test"": 170}, ""hasIntensity"": {""auc"": 0.6963918367346938, ""ap"": 0.6843522126876322, ""neg_fail"": 0.0, ""n_test"": 175}, ""hasMechanic"": {""auc"": 0.7663835923730172, ""ap"": 0.7505859221532384, ""neg_fail"": 0.0, ""n_test"": 158}, ""isVariationOf"": {""auc"": 0.8609467455621301, ""ap"": 0.8371024463865537, ""neg_fail"": 0.0, ""n_test"": 26}, ""recruits"": {""auc"": 0.799735124396935, ""ap"": 0.7582650384669325, ""neg_fail"": 0.0, ""n_test"": 341}, ""requires"": {""auc"": 0.7086040816326531, ""ap"": 0.6943168071030609, ""neg_fail"": 0.0, ""n_test"": 175}, ""supportsGoal"": {""auc"": 0.9261570247933885, ""ap"": 0.9044274882728317, ""neg_fail"": 0.0030303029343485832, ""n_test"": 330}, ""targets"": {""auc"": 0.7521632653061224, ""ap"": 0.7311853281096488, ""neg_fail"": 0.0, ""n_test"": 175}}"
gcn,"GCN (topology, no relation types)",0.0,9,67328,0.829197514976255,0.8242946930280958,0.7927891396804188,0.36965852975845337,0.3919816723940435,0.5894193649291992,0.8607101947308133,0.23850496113300323,"{""hasForce"": {""auc"": 0.8703114186851212, ""ap"": 0.8718372706902648, ""neg_fail"": 0.0, ""n_test"": 170}, ""hasIntensity"": {""auc"": 0.7184979591836735, ""ap"": 0.6617262654972758, ""neg_fail"": 0.0, ""n_test"": 175}, ""hasMechanic"": {""auc"": 0.8765422207979491, ""ap"": 0.8745238511073591, ""neg_fail"": 0.0, ""n_test"": 158}, ""isVariationOf"": {""auc"": 0.8831360946745562, ""ap"": 0.8819637713760247, ""neg_fail"": 0.0, ""n_test"": 26}, ""recruits"": {""auc"": 0.822223751085732, ""ap"": 0.7771826113027864, ""neg_fail"": 0.0, ""n_test"": 341}, ""requires"": {""auc"": 0.6941061224489795, ""ap"": 0.6665810572133434, ""neg_fail"": 0.0, ""n_test"": 175}, ""supportsGoal"": {""auc"": 0.9354820936639119, ""ap"": 0.9296465825775584, ""neg_fail"": 0.0, ""n_test"": 330}, ""targets"": {""auc"": 0.768457142857143, ""ap"": 0.7257158360529191, ""neg_fail"": 0.0, ""n_test"": 175}}"
gcn,"GCN (topology, no relation types)",0.0,10,67328,0.81639725389063,0.8039987513007284,0.7891466016863464,0.37208303809165955,0.4002290950744559,0.6836302280426025,0.8756013745704467,0.29287031292915344,"{""hasForce"": {""auc"": 0.7902768166089966, ""ap"": 0.788082523829917, ""neg_fail"": 0.0, ""n_test"": 170}, ""hasIntensity"": {""auc"": 0.737861224489796, ""ap"": 0.664295362121779, ""neg_fail"": 0.0, ""n_test"": 175}, ""hasMechanic"": {""auc"": 0.8356433263900015, ""ap"": 0.8462860040440615, ""neg_fail"": 0.0, ""n_test"": 158}, ""isVariationOf"": {""auc"": 0.8905325443786983, ""ap"": 0.9069839268944042, ""neg_fail"": 0.0, ""n_test"": 26}, ""recruits"": {""auc"": 0.7798092551663642, ""ap"": 0.7737478729465548, ""neg_fail"": 0.0, ""n_test"": 341}, ""requires"": {""auc"": 0.7168, ""ap"": 0.7403229042520418, ""neg_fail"": 0.0, ""n_test"": 175}, ""supportsGoal"": {""auc"": 0.9418181818181819, ""ap"": 0.9361270937492085, ""neg_fail"": 0.0, ""n_test"": 330}, ""targets"": {""auc"": 0.7381551020408162, ""ap"": 0.7003029459311209, ""neg_fail"": 0.0, ""n_test"": 175}}"
gcn,"GCN (topology, no relation types)",0.0,11,67328,0.8300108841752166,0.809471383975026,0.7798416644788364,0.38900405168533325,0.38900343642611684,0.6152948141098022,0.8627720504009164,0.23033425211906433,"{""hasForce"": {""auc"": 0.8445328719723184, ""ap"": 0.8193333479206023, ""neg_fail"": 0.0, ""n_test"": 170}, ""hasIntensity"": {""auc"": 0.6810775510204081, ""ap"": 0.6345090828501128, ""neg_fail"": 0.0, ""n_test"": 175}, ""hasMechanic"": {""auc"": 0.8094856593494634, ""ap"": 0.8084127053652403, ""neg_fail"": 0.0, ""n_test"": 158}, ""isVariationOf"": {""auc"": 0.8683431952662721, ""ap"": 0.8611656582534094, ""neg_fail"": 0.0, ""n_test"": 26}, ""recruits"": {""auc"": 0.8367919092543065, ""ap"": 0.7833533533717165, ""neg_fail"": 0.0, ""n_test"": 341}, ""requires"": {""auc"": 0.7039673469387755, ""ap"": 0.6962546804095203, ""neg_fail"": 0.0, ""n_test"": 175}, ""supportsGoal"": {""auc"": 0.9150137741046833, ""ap"": 0.902056532819655, ""neg_fail"": 0.0, ""n_test"": 330}, ""targets"": {""auc"": 0.7880489795918366, ""ap"": 0.7594452008128496, ""neg_fail"": 0.0, ""n_test"": 175}}"
gcn,"GCN (topology, no relation types)",0.0,12,67328,0.8421071224898687,0.8142414151925078,0.783902095597065,0.36347097158432007,0.384192439862543,0.61064213514328,0.8634593356242841,0.2664853036403656,"{""hasForce"": {""auc"": 0.8374048442906574, ""ap"": 0.8356159460777319, ""neg_fail"": 0.0, ""n_test"": 170}, ""hasIntensity"": {""auc"": 0.7230693877551021, ""ap"": 0.6848806857882515, ""neg_fail"": 0.0, ""n_test"": 175}, ""hasMechanic"": {""auc"": 0.8223842332959462, ""ap"": 0.8236247383298303, ""neg_fail"": 0.0, ""n_test"": 158}, ""isVariationOf"": {""auc"": 0.8934911242603549, ""ap"": 0.9055589539883806, ""neg_fail"": 0.0, ""n_test"": 26}, ""recruits"": {""auc"": 0.8114911292472545, ""ap"": 0.7752760483405429, ""neg_fail"": 0.0, ""n_test"": 341}, ""requires"": {""auc"": 0.6893061224489795, ""ap"": 0.681424802996139, ""neg_fail"": 0.0, ""n_test"": 175}, ""supportsGoal"": {""auc"": 0.9223875114784206, ""ap"": 0.9042397487832339, ""neg_fail"": 0.0, ""n_test"": 330}, ""targets"": {""auc"": 0.7915102040816326, ""ap"": 0.7271326907085827, ""neg_fail"": 0.0, ""n_test"": 175}}"
gcn,"GCN (topology, no relation types)",0.0,13,67328,0.834263619097606,0.8107169614984393,0.7906383563356015,0.3892841339111328,0.4016036655211913,0.6020822525024414,0.8790378006872852,0.2451273798942566,"{""hasForce"": {""auc"": 0.8428027681660901, ""ap"": 0.8534246009455748, ""neg_fail"": 0.0, ""n_test"": 170}, ""hasIntensity"": {""auc"": 0.6779102040816326, ""ap"": 0.6397181375920571, ""neg_fail"": 0.0, ""n_test"": 175}, ""hasMechanic"": {""auc"": 0.8545505527960263, ""ap"": 0.8601275538190761, ""neg_fail"": 0.0, ""n_test"": 158}, ""isVariationOf"": {""auc"": 0.908284023668639, ""ap"": 0.8806692645173345, ""neg_fail"": 0.0, ""n_test"": 26}, ""recruits"": {""auc"": 0.8107257419526835, ""ap"": 0.7819000058334078, ""neg_fail"": 0.0, ""n_test"": 341}, ""requires"": {""auc"": 0.7003428571428572, ""ap"": 0.6903247510647925, ""neg_fail"": 0.0, ""n_test"": 175}, ""supportsGoal"": {""auc"": 0.9309550045913682, ""ap"": 0.9234469774554536, ""neg_fail"": 0.0, ""n_test"": 330}, ""targets"": {""auc"": 0.7549061224489797, ""ap"": 0.722161140291685, ""neg_fail"": 0.0, ""n_test"": 175}}"
gcn,"GCN (topology, no relation types)",0.0,14,67328,0.8236216882752032,0.8128899063475546,0.7937829096410174,0.3740594685077667,0.3974799541809851,0.5874451398849487,0.8611683848797251,0.23599883913993835,"{""hasForce"": {""auc"": 0.8491003460207612, ""ap"": 0.8685024516541898, ""neg_fail"": 0.0, ""n_test"": 170}, ""hasIntensity"": {""auc"": 0.6676244897959184, ""ap"": 0.6169747686131841, ""neg_fail"": 0.0, ""n_test"": 175}, ""hasMechanic"": {""auc"": 0.8248678096458901, ""ap"": 0.8118404085436604, ""neg_fail"": 0.0, ""n_test"": 158}, ""isVariationOf"": {""auc"": 0.8032544378698225, ""ap"": 0.809523073638472, ""neg_fail"": 0.0, ""n_test"": 26}, ""recruits"": {""auc"": 0.8471461373741196, ""ap"": 0.7929460495741143, ""neg_fail"": 0.0, ""n_test"": 341}, ""requires"": {""auc"": 0.7082448979591837, ""ap"": 0.6840620679010705, ""neg_fail"": 0.0, ""n_test"": 175}, ""supportsGoal"": {""auc"": 0.9055463728191002, ""ap"": 0.9027184368287364, ""neg_fail"": 0.0, ""n_test"": 330}, ""targets"": {""auc"": 0.787134693877551, ""ap"": 0.7790221031549673, ""neg_fail"": 0.0, ""n_test"": 175}}"
gcn,"GCN (topology, no relation types)",0.0,15,67328,0.8353856816740434,0.816390634755463,0.7851906399962998,0.3635598123073578,0.372737686139748,0.62714022397995,0.8735395189003436,0.2588973641395569,"{""hasForce"": {""auc"": 0.8641868512110726, ""ap"": 0.8579687111812976, ""neg_fail"": 0.0, ""n_test"": 170}, ""hasIntensity"": {""auc"": 0.7261387755102041, ""ap"": 0.7080250597752034, ""neg_fail"": 0.0, ""n_test"": 175}, ""hasMechanic"": {""auc"": 0.8247075789136357, ""ap"": 0.8030385771600612, ""neg_fail"": 0.0, ""n_test"": 158}, ""isVariationOf"": {""auc"": 0.8668639053254437, ""ap"": 0.7924298652061862, ""neg_fail"": 0.0, ""n_test"": 26}, ""recruits"": {""auc"": 0.7980237528057035, ""ap"": 0.7376594017297162, ""neg_fail"": 0.0, ""n_test"": 341}, ""requires"": {""auc"": 0.7018448979591836, ""ap"": 0.7165210925163492, ""neg_fail"": 0.0, ""n_test"": 175}, ""supportsGoal"": {""auc"": 0.9319008264462809, ""ap"": 0.9146181632366872, ""neg_fail"": 0.0, ""n_test"": 330}, ""targets"": {""auc"": 0.776130612244898, ""ap"": 0.7508763612672397, ""neg_fail"": 0.0, ""n_test"": 175}}"
gcn,"GCN (topology, no relation types)",0.0,16,67328,0.8263040402664017,0.8074151925078042,0.7859309207705715,0.3581199645996094,0.38671248568155786,0.656062662601471,0.8778923253150057,0.26462191343307495,"{""hasForce"": {""auc"": 0.8640138408304499, ""ap"": 0.8458090248455981, ""neg_fail"": 0.0, ""n_test"": 170}, ""hasIntensity"": {""auc"": 0.6650122448979592, ""ap"": 0.6064342854478053, ""neg_fail"": 0.0, ""n_test"": 175}, ""hasMechanic"": {""auc"": 0.8397692677455536, ""ap"": 0.839007125701084, ""neg_fail"": 0.0, ""n_test"": 158}, ""isVariationOf"": {""auc"": 0.9541420118343195, ""ap"": 0.9532848394019259, ""neg_fail"": 0.0, ""n_test"": 26}, ""recruits"": {""auc"": 0.8119727212528273, ""ap"": 0.7826491447253556, ""neg_fail"": 0.0, ""n_test"": 341}, ""requires"": {""auc"": 0.6546612244897958, ""ap"": 0.6726551011333838, ""neg_fail"": 0.0, ""n_test"": 175}, ""supportsGoal"": {""auc"": 0.9414600550964187, ""ap"": 0.9328313167770117, ""neg_fail"": 0.0, ""n_test"": 330}, ""targets"": {""auc"": 0.7575836734693877, ""ap"": 0.715854273004239, ""neg_fail"": 0.0, ""n_test"": 175}}"
gcn,"GCN (topology, no relation types)",0.0,17,67328,0.8153820143630739,0.8082312174817897,0.7773506202773681,0.3561032712459564,0.3702176403207331,0.6338583827018738,0.8712485681557847,0.24932986497879028,"{""hasForce"": {""auc"": 0.8627681660899654, ""ap"": 0.8503757678514329, ""neg_fail"": 0.0, ""n_test"": 170}, ""hasIntensity"": {""auc"": 0.6809795918367347, ""ap"": 0.6317331947625052, ""neg_fail"": 0.0, ""n_test"": 175}, ""hasMechanic"": {""auc"": 0.8571142445120975, ""ap"": 0.854950525613192, ""neg_fail"": 0.0, ""n_test"": 158}, ""isVariationOf"": {""auc"": 0.8091715976331361, ""ap"": 0.8066619495516358, ""neg_fail"": 0.0, ""n_test"": 26}, ""recruits"": {""auc"": 0.8000017199714486, ""ap"": 0.7685902980221349, ""neg_fail"": 0.0, ""n_test"": 341}, ""requires"": {""auc"": 0.6774530612244897, ""ap"": 0.6526391790436186, ""neg_fail"": 0.0, ""n_test"": 175}, ""supportsGoal"": {""auc"": 0.9299265381083562, ""ap"": 0.903418785957576, ""neg_fail"": 0.0, ""n_test"": 330}, ""targets"": {""auc"": 0.7774040816326531, ""ap"": 0.7416495418821178, ""neg_fail"": 0.0, ""n_test"": 175}}"
gcn,"GCN (topology, no relation types)",0.0,18,67328,0.8301278007405276,0.8305211238293444,0.8017722924971022,0.37612518668174744,0.38098510882016035,0.6291592121124268,0.8733104238258877,0.26005807518959045,"{""hasForce"": {""auc"": 0.8754671280276816, ""ap"": 0.8725141651270388, ""neg_fail"": 0.0, ""n_test"": 170}, ""hasIntensity"": {""auc"": 0.7310040816326531, ""ap"": 0.7131586083308608, ""neg_fail"": 0.0, ""n_test"": 175}, ""hasMechanic"": {""auc"": 0.8326390001602307, ""ap"": 0.8196886246793449, ""neg_fail"": 0.0, ""n_test"": 158}, ""isVariationOf"": {""auc"": 0.9023668639053255, ""ap"": 0.8841145619271554, ""neg_fail"": 0.0, ""n_test"": 26}, ""recruits"": {""auc"": 0.8200909864896243, ""ap"": 0.789096658925715, ""neg_fail"": 0.0, ""n_test"": 341}, ""requires"": {""auc"": 0.7205551020408163, ""ap"": 0.7238295983443143, ""neg_fail"": 0.0, ""n_test"": 175}, ""supportsGoal"": {""auc"": 0.937722681359045, ""ap"": 0.9300327464779232, ""neg_fail"": 0.0, ""n_test"": 330}, ""targets"": {""auc"": 0.8006857142857142, ""ap"": 0.7224641045149043, ""neg_fail"": 0.0, ""n_test"": 175}}"
gcn,"GCN (topology, no relation types)",0.0,19,67328,0.8462303239514097,0.8327525494276795,0.7876107696334311,0.36299848556518555,0.3830469644902635,0.6027296185493469,0.8586483390607101,0.24196088314056396,"{""hasForce"": {""auc"": 0.8912456747404844, ""ap"": 0.8674222373601516, ""neg_fail"": 0.0, ""n_test"": 170}, ""hasIntensity"": {""auc"": 0.7327020408163265, ""ap"": 0.6563598485563753, ""neg_fail"": 0.0, ""n_test"": 175}, ""hasMechanic"": {""auc"": 0.8666079153981733, ""ap"": 0.8661964819639699, ""neg_fail"": 0.0, ""n_test"": 158}, ""isVariationOf"": {""auc"": 0.7707100591715976, ""ap"": 0.713141441187639, ""neg_fail"": 0.0, ""n_test"": 26}, ""recruits"": {""auc"": 0.834779542659592, ""ap"": 0.7995443518291317, ""neg_fail"": 0.0, ""n_test"": 341}, ""requires"": {""auc"": 0.7442938775510204, ""ap"": 0.7154207496552758, ""neg_fail"": 0.0, ""n_test"": 175}, ""supportsGoal"": {""auc"": 0.9328650137741047, ""ap"": 0.9061126447983122, ""neg_fail"": 0.0, ""n_test"": 330}, ""targets"": {""auc"": 0.7411591836734694, ""ap"": 0.6807009453163585, ""neg_fail"": 0.0, ""n_test"": 175}}"
gcn,"GCN (topology, no relation types)",0.0,20,67328,0.8418817006229383,0.8121687825182102,0.7826961040590869,0.3552531599998474,0.37961053837342495,0.6236574053764343,0.8888888888888888,0.2842232882976532,"{""hasForce"": {""auc"": 0.8639446366782007, ""ap"": 0.8631966918983751, ""neg_fail"": 0.0, ""n_test"": 170}, ""hasIntensity"": {""auc"": 0.6446367346938776, ""ap"": 0.6062131477560372, ""neg_fail"": 0.0, ""n_test"": 175}, ""hasMechanic"": {""auc"": 0.7962666239384714, ""ap"": 0.803698557412954, ""neg_fail"": 0.0, ""n_test"": 158}, ""isVariationOf"": {""auc"": 0.856508875739645, ""ap"": 0.8072422735346435, ""neg_fail"": 0.0, ""n_test"": 26}, ""recruits"": {""auc"": 0.8091175686483604, ""ap"": 0.7569181137248661, ""neg_fail"": 0.0, ""n_test"": 341}, ""requires"": {""auc"": 0.7100408163265306, ""ap"": 0.6815681642975183, ""neg_fail"": 0.0, ""n_test"": 175}, ""supportsGoal"": {""auc"": 0.9456106519742883, ""ap"": 0.9371014685919401, ""neg_fail"": 0.0030303029343485832, ""n_test"": 330}, ""targets"": {""auc"": 0.7796897959183674, ""ap"": 0.720732666523214, ""neg_fail"": 0.0, ""n_test"": 175}}"
gcn,"GCN (topology, no relation types)",0.0,21,67328,0.8233786027545207,0.8117585848074922,0.7935591692512083,0.3712567687034607,0.3961053837342497,0.6108458638191223,0.8717067583046965,0.28057798743247986,"{""hasForce"": {""auc"": 0.8954325259515572, ""ap"": 0.892897734895719, ""neg_fail"": 0.0, ""n_test"": 170}, ""hasIntensity"": {""auc"": 0.6834285714285715, ""ap"": 0.6453814446091616, ""neg_fail"": 0.0, ""n_test"": 175}, ""hasMechanic"": {""auc"": 0.8688912033327992, ""ap"": 0.8592880008091723, ""neg_fail"": 0.0, ""n_test"": 158}, ""isVariationOf"": {""auc"": 0.8639053254437871, ""ap"": 0.8283980710601629, ""neg_fail"": 0.0, ""n_test"": 26}, ""recruits"": {""auc"": 0.8310300049019187, ""ap"": 0.8071765144687963, ""neg_fail"": 0.0, ""n_test"": 341}, ""requires"": {""auc"": 0.6612571428571429, ""ap"": 0.6976355091599902, ""neg_fail"": 0.0, ""n_test"": 175}, ""supportsGoal"": {""auc"": 0.901799816345271, ""ap"": 0.8963556404707319, ""neg_fail"": 0.0, ""n_test"": 330}, ""targets"": {""auc"": 0.7790693877551019, ""ap"": 0.7541912241964516, ""neg_fail"": 0.0, ""n_test"": 175}}"
gcn,"GCN (topology, no relation types)",0.0,22,67328,0.8222767272109426,0.801441623309053,0.7758751255341808,0.39877644181251526,0.3997709049255441,0.6228434443473816,0.8735395189003436,0.28134557604789734,"{""hasForce"": {""auc"": 0.8514186851211073, ""ap"": 0.8560834853480406, ""neg_fail"": 0.0, ""n_test"": 170}, ""hasIntensity"": {""auc"": 0.6820571428571428, ""ap"": 0.6506964658890224, ""neg_fail"": 0.0, ""n_test"": 175}, ""hasMechanic"": {""auc"": 0.7913795866047107, ""ap"": 0.7816388231953867, ""neg_fail"": 0.0, ""n_test"": 158}, ""isVariationOf"": {""auc"": 0.8062130177514792, ""ap"": 0.807688677546174, ""neg_fail"": 0.0, ""n_test"": 26}, ""recruits"": {""auc"": 0.788039318547312, ""ap"": 0.7544535197211881, ""neg_fail"": 0.0, ""n_test"": 341}, ""requires"": {""auc"": 0.7365877551020409, ""ap"": 0.7397297599093594, ""neg_fail"": 0.0, ""n_test"": 175}, ""supportsGoal"": {""auc"": 0.9023324150596878, ""ap"": 0.8984489500906803, ""neg_fail"": 0.0, ""n_test"": 330}, ""targets"": {""auc"": 0.7744653061224489, ""ap"": 0.7175795742736903, ""neg_fail"": 0.0, ""n_test"": 175}}"
gcn,"GCN (topology, no relation types)",0.0,23,67328,0.8302363060421472,0.8060149843912592,0.7824360892386404,0.37160906195640564,0.38602520045819017,0.6107854843139648,0.8579610538373424,0.24573135375976562,"{""hasForce"": {""auc"": 0.8832179930795848, ""ap"": 0.8903565172771578, ""neg_fail"": 0.0, ""n_test"": 170}, ""hasIntensity"": {""auc"": 0.6995591836734695, ""ap"": 0.6544776411153197, ""neg_fail"": 0.0, ""n_test"": 175}, ""hasMechanic"": {""auc"": 0.8099663515462265, ""ap"": 0.8071638519532983, ""neg_fail"": 0.0, ""n_test"": 158}, ""isVariationOf"": {""auc"": 0.8431952662721893, ""ap"": 0.8819012697258242, ""neg_fail"": 0.0, ""n_test"": 26}, ""recruits"": {""auc"": 0.8192997996233262, ""ap"": 0.7948819765407702, ""neg_fail"": 0.0, ""n_test"": 341}, ""requires"": {""auc"": 0.6936489795918368, ""ap"": 0.6862366087913746, ""neg_fail"": 0.0, ""n_test"": 175}, ""supportsGoal"": {""auc"": 0.9045087235996327, ""ap"": 0.8702338829660992, ""neg_fail"": 0.0, ""n_test"": 330}, ""targets"": {""auc"": 0.743934693877551, ""ap"": 0.698604628010905, ""neg_fail"": 0.0, ""n_test"": 175}}"
gcn,"GCN (topology, no relation types)",0.0,24,67328,0.813928547997194,0.824767741935484,0.8017499470997224,0.38615843653678894,0.3459335624284078,0.6190908551216125,0.8655211912943872,0.2347172349691391,"{""hasForce"": {""auc"": 0.8916955017301038, ""ap"": 0.8934852006469783, ""neg_fail"": 0.0, ""n_test"": 170}, ""hasIntensity"": {""auc"": 0.7039673469387755, ""ap"": 0.6565915625254655, ""neg_fail"": 0.0, ""n_test"": 175}, ""hasMechanic"": {""auc"": 0.8652459541740106, ""ap"": 0.8701225282449535, ""neg_fail"": 0.0, ""n_test"": 158}, ""isVariationOf"": {""auc"": 0.8772189349112426, ""ap"": 0.8801538341115837, ""neg_fail"": 0.0, ""n_test"": 26}, ""recruits"": {""auc"": 0.8053852306051721, ""ap"": 0.7817295593625879, ""neg_fail"": 0.0, ""n_test"": 341}, ""requires"": {""auc"": 0.7288163265306122, ""ap"": 0.713235023665916, ""neg_fail"": 0.0, ""n_test"": 175}, ""supportsGoal"": {""auc"": 0.9229292929292928, ""ap"": 0.8988406466058995, ""neg_fail"": 0.0, ""n_test"": 330}, ""targets"": {""auc"": 0.801991836734694, ""ap"": 0.7734345692351139, ""neg_fail"": 0.0, ""n_test"": 175}}"
gcn,"GCN (topology, no relation types)",0.0,25,67328,0.8383245772078306,0.8135071800208118,0.7916733433854949,0.3892156183719635,0.38075601374570445,0.5601703524589539,0.8675830469644903,0.2036476731300354,"{""hasForce"": {""auc"": 0.8579238754325259, ""ap"": 0.8663351551215339, ""neg_fail"": 0.0, ""n_test"": 170}, ""hasIntensity"": {""auc"": 0.744195918367347, ""ap"": 0.7524532624490313, ""neg_fail"": 0.0, ""n_test"": 175}, ""hasMechanic"": {""auc"": 0.7988703733376062, ""ap"": 0.8098205665676935, ""neg_fail"": 0.0, ""n_test"": 158}, ""isVariationOf"": {""auc"": 0.9097633136094674, ""ap"": 0.84785296345944, ""neg_fail"": 0.0, ""n_test"": 26}, ""recruits"": {""auc"": 0.8158598567263784, ""ap"": 0.7743947839987345, ""neg_fail"": 0.0, ""n_test"": 341}, ""requires"": {""auc"": 0.6807836734693877, ""ap"": 0.6885372386267701, ""neg_fail"": 0.0, ""n_test"": 175}, ""supportsGoal"": {""auc"": 0.9171808999081725, ""ap"": 0.8901321559281545, ""neg_fail"": 0.0, ""n_test"": 330}, ""targets"": {""auc"": 0.809404081632653, ""ap"": 0.7703217504964687, ""neg_fail"": 0.0, ""n_test"": 175}}"
gcn,"GCN (topology, no relation types)",0.0,26,67328,0.8355816641180539,0.8109036420395421,0.7843457841380823,0.39120107889175415,0.38098510882016035,0.5928685069084167,0.8678121420389462,0.2383018583059311,"{""hasForce"": {""auc"": 0.8663321799307959, ""ap"": 0.8809765495137636, ""neg_fail"": 0.0, ""n_test"": 170}, ""hasIntensity"": {""auc"": 0.7404081632653061, ""ap"": 0.7048204578826064, ""neg_fail"": 0.0, ""n_test"": 175}, ""hasMechanic"": {""auc"": 0.8211825028040378, ""ap"": 0.8240806054349591, ""neg_fail"": 0.0, ""n_test"": 158}, ""isVariationOf"": {""auc"": 0.8890532544378699, ""ap"": 0.8431918213307157, ""neg_fail"": 0.0, ""n_test"": 26}, ""recruits"": {""auc"": 0.809315365364935, ""ap"": 0.7739217046562158, ""neg_fail"": 0.0, ""n_test"": 341}, ""requires"": {""auc"": 0.7479836734693877, ""ap"": 0.7259596566496157, ""neg_fail"": 0.0, ""n_test"": 175}, ""supportsGoal"": {""auc"": 0.888833792470156, ""ap"": 0.8614797988155465, ""neg_fail"": 0.0, ""n_test"": 330}, ""targets"": {""auc"": 0.7584326530612244, ""ap"": 0.7189974519370673, ""neg_fail"": 0.0, ""n_test"": 175}}"
gcn,"GCN (topology, no relation types)",0.0,27,67328,0.835659047744015,0.8180503642039542,0.7902893882568409,0.3719952702522278,0.3699885452462772,0.5816071033477783,0.86368843069874,0.20616291463375092,"{""hasForce"": {""auc"": 0.8603806228373702, ""ap"": 0.8723445689914571, ""neg_fail"": 0.0, ""n_test"": 170}, ""hasIntensity"": {""auc"": 0.7025632653061225, ""ap"": 0.6691133332191215, ""neg_fail"": 0.0, ""n_test"": 175}, ""hasMechanic"": {""auc"": 0.8612401858676495, ""ap"": 0.8492892462998394, ""neg_fail"": 0.0, ""n_test"": 158}, ""isVariationOf"": {""auc"": 0.826923076923077, ""ap"": 0.7859410389693544, ""neg_fail"": 0.0, ""n_test"": 26}, ""recruits"": {""auc"": 0.8339797559360514, ""ap"": 0.8020616323759264, ""neg_fail"": 0.0, ""n_test"": 341}, ""requires"": {""auc"": 0.6900571428571429, ""ap"": 0.6858295289603447, ""neg_fail"": 0.0, ""n_test"": 175}, ""supportsGoal"": {""auc"": 0.9174747474747476, ""ap"": 0.9053743756535031, ""neg_fail"": 0.0, ""n_test"": 330}, ""targets"": {""auc"": 0.7796571428571429, ""ap"": 0.7274589386635417, ""neg_fail"": 0.0, ""n_test"": 175}}"
gcn,"GCN (topology, no relation types)",0.0,28,67328,0.8400421572536214,0.8286278876170656,0.7996460288295248,0.3787832260131836,0.4336769759450172,0.613791823387146,0.8604810996563574,0.25499066710472107,"{""hasForce"": {""auc"": 0.8799653979238755, ""ap"": 0.8852360827026413, ""neg_fail"": 0.0, ""n_test"": 170}, ""hasIntensity"": {""auc"": 0.7539265306122449, ""ap"": 0.7243565429514593, ""neg_fail"": 0.0, ""n_test"": 175}, ""hasMechanic"": {""auc"": 0.8063611600705015, ""ap"": 0.8098057070746199, ""neg_fail"": 0.0, ""n_test"": 158}, ""isVariationOf"": {""auc"": 0.7218934911242604, ""ap"": 0.6399486994064869, ""neg_fail"": 0.0, ""n_test"": 26}, ""recruits"": {""auc"": 0.8252165014060767, ""ap"": 0.7855537878574319, ""neg_fail"": 0.0, ""n_test"": 341}, ""requires"": {""auc"": 0.7591510204081633, ""ap"": 0.769795757330938, ""neg_fail"": 0.0, ""n_test"": 175}, ""supportsGoal"": {""auc"": 0.9311386593204775, ""ap"": 0.9246470563231681, ""neg_fail"": 0.0, ""n_test"": 330}, ""targets"": {""auc"": 0.7769469387755101, ""ap"": 0.7511233383883495, ""neg_fail"": 0.0, ""n_test"": 175}}"
gcn,"GCN (topology, no relation types)",0.0,29,67328,0.8423888998235316,0.8093009365244537,0.7918262235264966,0.3913145661354065,0.38121420389461624,0.5911069512367249,0.8687285223367698,0.25023654103279114,"{""hasForce"": {""auc"": 0.8859169550173012, ""ap"": 0.8847386585739672, ""neg_fail"": 0.0, ""n_test"": 170}, ""hasIntensity"": {""auc"": 0.699134693877551, ""ap"": 0.6684155701527682, ""neg_fail"": 0.0, ""n_test"": 175}, ""hasMechanic"": {""auc"": 0.8688110879666721, ""ap"": 0.8696998487617191, ""neg_fail"": 0.0, ""n_test"": 158}, ""isVariationOf"": {""auc"": 0.8639053254437871, ""ap"": 0.8660639176039496, ""neg_fail"": 0.0, ""n_test"": 26}, ""recruits"": {""auc"": 0.7903182807165401, ""ap"": 0.7633039608367718, ""neg_fail"": 0.0, ""n_test"": 341}, ""requires"": {""auc"": 0.6980571428571428, ""ap"": 0.6963297935966484, ""neg_fail"": 0.0, ""n_test"": 175}, ""supportsGoal"": {""auc"": 0.9117906336088154, ""ap"": 0.8929107655319847, ""neg_fail"": 0.0, ""n_test"": 330}, ""targets"": {""auc"": 0.7746938775510204, ""ap"": 0.7661491801125174, ""neg_fail"": 0.0, ""n_test"": 175}}"
gcn_distmult,GCN + relation-aware decoder,0.0,0,67840,0.8265513314189298,0.8017642039542144,0.7745191233568044,0.3906264901161194,0.3972508591065292,0.7343913316726685,0.8824742268041237,0.2705051004886627,"{""hasForce"": {""auc"": 0.8397231833910034, ""ap"": 0.8379241431747532, ""neg_fail"": 0.0, ""n_test"": 170}, ""hasIntensity"": {""auc"": 0.7236897959183674, ""ap"": 0.7003859674038708, ""neg_fail"": 0.0, ""n_test"": 175}, ""hasMechanic"": {""auc"": 0.8536292260855631, ""ap"": 0.8367227629508838, ""neg_fail"": 0.0, ""n_test"": 158}, ""isVariationOf"": {""auc"": 0.6168639053254438, ""ap"": 0.6843165505822857, ""neg_fail"": 0.0, ""n_test"": 26}, ""recruits"": {""auc"": 0.8072857990557356, ""ap"": 0.7767443730635176, ""neg_fail"": 0.0, ""n_test"": 341}, ""requires"": {""auc"": 0.6658612244897959, ""ap"": 0.6500759442696155, ""neg_fail"": 0.0, ""n_test"": 175}, ""supportsGoal"": {""auc"": 0.9396280991735537, ""ap"": 0.912161498620859, ""neg_fail"": 0.0060606058686971664, ""n_test"": 330}, ""targets"": {""auc"": 0.6816326530612244, ""ap"": 0.630671081345058, ""neg_fail"": 0.0, ""n_test"": 175}}"
gcn_distmult,GCN + relation-aware decoder,0.0,1,67840,0.8095975883224743,0.7756645161290322,0.7579705876165843,0.33540666103363037,0.3924398625429553,0.901971697807312,0.8875143184421534,0.38419610261917114,"{""hasForce"": {""auc"": 0.7517993079584775, ""ap"": 0.7242241674099594, ""neg_fail"": 0.0, ""n_test"": 170}, ""hasIntensity"": {""auc"": 0.754938775510204, ""ap"": 0.7000120142284694, ""neg_fail"": 0.0, ""n_test"": 175}, ""hasMechanic"": {""auc"": 0.8549110719435987, ""ap"": 0.8679963777490354, ""neg_fail"": 0.0, ""n_test"": 158}, ""isVariationOf"": {""auc"": 0.812130177514793, ""ap"": 0.8383349377741292, ""neg_fail"": 0.0, ""n_test"": 26}, ""recruits"": {""auc"": 0.7376613548215101, ""ap"": 0.7312130606105528, ""neg_fail"": 0.0, ""n_test"": 341}, ""requires"": {""auc"": 0.6789224489795918, ""ap"": 0.6518959245806609, ""neg_fail"": 0.0, ""n_test"": 175}, ""supportsGoal"": {""auc"": 0.9043617998163452, ""ap"": 0.8863054333460804, ""neg_fail"": 0.0, ""n_test"": 330}, ""targets"": {""auc"": 0.757126530612245, ""ap"": 0.7212024145961105, ""neg_fail"": 0.0, ""n_test"": 175}}"
gcn_distmult,GCN + relation-aware decoder,0.0,2,67840,0.8317646326548809,0.81985098855359,0.8150225024244463,0.3245841860771179,0.38098510882016035,0.7720106840133667,0.8998854524627721,0.3591114282608032,"{""hasForce"": {""auc"": 0.7780276816608996, ""ap"": 0.761007807838249, ""neg_fail"": 0.0, ""n_test"": 170}, ""hasIntensity"": {""auc"": 0.7349551020408164, ""ap"": 0.7123174225554718, ""neg_fail"": 0.0, ""n_test"": 175}, ""hasMechanic"": {""auc"": 0.8109277359397532, ""ap"": 0.8244447049368446, ""neg_fail"": 0.0, ""n_test"": 158}, ""isVariationOf"": {""auc"": 0.7721893491124261, ""ap"": 0.7799516603560394, ""neg_fail"": 0.0, ""n_test"": 26}, ""recruits"": {""auc"": 0.7924682450271326, ""ap"": 0.7791593457844902, ""neg_fail"": 0.0, ""n_test"": 341}, ""requires"": {""auc"": 0.7752489795918368, ""ap"": 0.7677371922909125, ""neg_fail"": 0.0, ""n_test"": 175}, ""supportsGoal"": {""auc"": 0.9570615243342516, ""ap"": 0.9385138807139901, ""neg_fail"": 0.0, ""n_test"": 330}, ""targets"": {""auc"": 0.7156244897959183, ""ap"": 0.6810973780956702, ""neg_fail"": 0.0, ""n_test"": 175}}"
gcn_distmult,GCN + relation-aware decoder,0.0,3,67840,0.8212589643042791,0.8040586888657648,0.7912119916792087,0.3444981276988983,0.39129438717067583,0.7047899961471558,0.8778923253150057,0.3305421471595764,"{""hasForce"": {""auc"": 0.8282006920415224, ""ap"": 0.78453964423648, ""neg_fail"": 0.0, ""n_test"": 170}, ""hasIntensity"": {""auc"": 0.7199673469387755, ""ap"": 0.7023908855789591, ""neg_fail"": 0.0, ""n_test"": 175}, ""hasMechanic"": {""auc"": 0.831677615766704, ""ap"": 0.8133779425122444, ""neg_fail"": 0.0, ""n_test"": 158}, ""isVariationOf"": {""auc"": 0.7307692307692307, ""ap"": 0.7297285361826814, ""neg_fail"": 0.0, ""n_test"": 26}, ""recruits"": {""auc"": 0.8067526079067089, ""ap"": 0.7933628034001152, ""neg_fail"": 0.0, ""n_test"": 341}, ""requires"": {""auc"": 0.6513959183673469, ""ap"": 0.6238860918563155, ""neg_fail"": 0.0, ""n_test"": 175}, ""supportsGoal"": {""auc"": 0.9211202938475667, ""ap"": 0.915511048751053, ""neg_fail"": 0.0, ""n_test"": 330}, ""targets"": {""auc"": 0.7460897959183673, ""ap"": 0.6942186875563041, ""neg_fail"": 0.0, ""n_test"": 175}}"
gcn_distmult,GCN + relation-aware decoder,0.0,4,67840,0.7985737861284804,0.8061581685744016,0.7910475287044909,0.34821081161499023,0.3759450171821306,0.7098597288131714,0.8781214203894616,0.3091093897819519,"{""hasForce"": {""auc"": 0.8029757785467128, ""ap"": 0.8228254718835917, ""neg_fail"": 0.0, ""n_test"": 170}, ""hasIntensity"": {""auc"": 0.6791836734693878, ""ap"": 0.6802980496648459, ""neg_fail"": 0.0, ""n_test"": 175}, ""hasMechanic"": {""auc"": 0.8063211023874379, ""ap"": 0.7771902851737598, ""neg_fail"": 0.0, ""n_test"": 158}, ""isVariationOf"": {""auc"": 0.44378698224852076, ""ap"": 0.506597335310082, ""neg_fail"": 0.0, ""n_test"": 26}, ""recruits"": {""auc"": 0.805454029463111, ""ap"": 0.7697866693787533, ""neg_fail"": 0.0, ""n_test"": 341}, ""requires"": {""auc"": 0.6467265306122449, ""ap"": 0.6231639434757281, ""neg_fail"": 0.0, ""n_test"": 175}, ""supportsGoal"": {""auc"": 0.9388246097337005, ""ap"": 0.9164960083690626, ""neg_fail"": 0.0, ""n_test"": 330}, ""targets"": {""auc"": 0.7505632653061225, ""ap"": 0.70225156705926, ""neg_fail"": 0.0, ""n_test"": 175}}"
gcn_distmult,GCN + relation-aware decoder,0.0,5,67840,0.7623935764861441,0.7573714880332987,0.7520609447436617,0.37724804878234863,0.3963344788087056,0.6710850596427917,0.8801832760595647,0.2969510555267334,"{""hasForce"": {""auc"": 0.6933217993079585, ""ap"": 0.6676313942942886, ""neg_fail"": 0.0, ""n_test"": 170}, ""hasIntensity"": {""auc"": 0.6253061224489797, ""ap"": 0.6114220973630623, ""neg_fail"": 0.0, ""n_test"": 175}, ""hasMechanic"": {""auc"": 0.7935427014901457, ""ap"": 0.7980875062906474, ""neg_fail"": 0.0, ""n_test"": 158}, ""isVariationOf"": {""auc"": 0.40828402366863903, ""ap"": 0.43440152147821226, ""neg_fail"": 0.0, ""n_test"": 26}, ""recruits"": {""auc"": 0.7777366895709531, ""ap"": 0.7474186200967099, ""neg_fail"": 0.0, ""n_test"": 341}, ""requires"": {""auc"": 0.6205061224489795, ""ap"": 0.5797124200657804, ""neg_fail"": 0.0, ""n_test"": 175}, ""supportsGoal"": {""auc"": 0.9046923783287419, ""ap"": 0.9054143369632666, ""neg_fail"": 0.0, ""n_test"": 330}, ""targets"": {""auc"": 0.7011591836734694, ""ap"": 0.6552619764243087, ""neg_fail"": 0.0, ""n_test"": 175}}"
gcn_distmult,GCN + relation-aware decoder,0.0,6,67840,0.8069043016884769,0.7962959417273672,0.7809943052489576,0.31655704975128174,0.36082474226804123,0.8122149705886841,0.9026345933562429,0.34549540281295776,"{""hasForce"": {""auc"": 0.7074048442906575, ""ap"": 0.6850764306422539, ""neg_fail"": 0.0, ""n_test"": 170}, ""hasIntensity"": {""auc"": 0.6829714285714286, ""ap"": 0.6325949315821479, ""neg_fail"": 0.0, ""n_test"": 175}, ""hasMechanic"": {""auc"": 0.8361640762698285, ""ap"": 0.8384945094958405, ""neg_fail"": 0.0, ""n_test"": 158}, ""isVariationOf"": {""auc"": 0.6760355029585798, ""ap"": 0.6630083551713444, ""neg_fail"": 0.0, ""n_test"": 26}, ""recruits"": {""auc"": 0.7885295104101272, ""ap"": 0.7820061620739923, ""neg_fail"": 0.0, ""n_test"": 341}, ""requires"": {""auc"": 0.6850938775510204, ""ap"": 0.7066987889482552, ""neg_fail"": 0.0, ""n_test"": 175}, ""supportsGoal"": {""auc"": 0.9375665748393021, ""ap"": 0.9163631691029921, ""neg_fail"": 0.0, ""n_test"": 330}, ""targets"": {""auc"": 0.7083755102040817, ""ap"": 0.6504429880945448, ""neg_fail"": 0.0, ""n_test"": 175}}"
gcn_distmult,GCN + relation-aware decoder,0.0,7,67840,0.7873397023422005,0.7778235171696151,0.7586238651405743,0.4284476041793823,0.36082474226804123,0.6931095123291016,0.8678121420389462,0.28537628054618835,"{""hasForce"": {""auc"": 0.7265743944636678, ""ap"": 0.699651763175253, ""neg_fail"": 0.0, ""n_test"": 170}, ""hasIntensity"": {""auc"": 0.678661224489796, ""ap"": 0.7046978140327194, ""neg_fail"": 0.0, ""n_test"": 175}, ""hasMechanic"": {""auc"": 0.8451369972760776, ""ap"": 0.8459005548588115, ""neg_fail"": 0.0, ""n_test"": 158}, ""isVariationOf"": {""auc"": 0.7174556213017752, ""ap"": 0.6773938493665336, ""neg_fail"": 0.0, ""n_test"": 26}, ""recruits"": {""auc"": 0.7645187089894309, ""ap"": 0.7487741807816137, ""neg_fail"": 0.0, ""n_test"": 341}, ""requires"": {""auc"": 0.630138775510204, ""ap"": 0.6348463819423654, ""neg_fail"": 0.0, ""n_test"": 175}, ""supportsGoal"": {""auc"": 0.9014416896235078, ""ap"": 0.887072063894524, ""neg_fail"": 0.0, ""n_test"": 330}, ""targets"": {""auc"": 0.7427591836734693, ""ap"": 0.6830803211232612, ""neg_fail"": 0.0, ""n_test"": 175}}"
gcn_distmult,GCN + relation-aware decoder,0.0,8,67840,0.7993493046408306,0.7976486992715922,0.7800009983435858,0.37219345569610596,0.3759450171821306,0.7831891775131226,0.8820160366552119,0.3099936544895172,"{""hasForce"": {""auc"": 0.7680276816608996, ""ap"": 0.765911276137984, ""neg_fail"": 0.0, ""n_test"": 170}, ""hasIntensity"": {""auc"": 0.6971755102040816, ""ap"": 0.6511140522005155, ""neg_fail"": 0.0, ""n_test"": 175}, ""hasMechanic"": {""auc"": 0.8277119051434064, ""ap"": 0.8260357244753065, ""neg_fail"": 0.0, ""n_test"": 158}, ""isVariationOf"": {""auc"": 0.75, ""ap"": 0.7403232929839358, ""neg_fail"": 0.0, ""n_test"": 26}, ""recruits"": {""auc"": 0.7734367609497682, ""ap"": 0.7518210077412544, ""neg_fail"": 0.0, ""n_test"": 341}, ""requires"": {""auc"": 0.6834285714285714, ""ap"": 0.6741865710996062, ""neg_fail"": 0.0, ""n_test"": 175}, ""supportsGoal"": {""auc"": 0.9361065197428833, ""ap"": 0.9152050813357494, ""neg_fail"": 0.0, ""n_test"": 330}, ""targets"": {""auc"": 0.7332571428571428, ""ap"": 0.6976397602405064, ""neg_fail"": 0.0, ""n_test"": 175}}"
gcn_distmult,GCN + relation-aware decoder,0.0,9,67840,0.8168615556463974,0.8023841831425598,0.7775663149088017,0.3716394305229187,0.3715922107674685,0.7230346202850342,0.8572737686139748,0.2910204827785492,"{""hasForce"": {""auc"": 0.7949480968858131, ""ap"": 0.7669881583867815, ""neg_fail"": 0.0, ""n_test"": 170}, ""hasIntensity"": {""auc"": 0.7437387755102042, ""ap"": 0.6894919716930604, ""neg_fail"": 0.0, ""n_test"": 175}, ""hasMechanic"": {""auc"": 0.8810286813010736, ""ap"": 0.8880071972850158, ""neg_fail"": 0.0, ""n_test"": 158}, ""isVariationOf"": {""auc"": 0.8550295857988166, ""ap"": 0.8546552391470823, ""neg_fail"": 0.0, ""n_test"": 26}, ""recruits"": {""auc"": 0.783524393495068, ""ap"": 0.7643001891522704, ""neg_fail"": 0.0, ""n_test"": 341}, ""requires"": {""auc"": 0.6699102040816327, ""ap"": 0.663070596875097, ""neg_fail"": 0.0, ""n_test"": 175}, ""supportsGoal"": {""auc"": 0.9208723599632691, ""ap"": 0.8943983930934045, ""neg_fail"": 0.0, ""n_test"": 330}, ""targets"": {""auc"": 0.728065306122449, ""ap"": 0.6722612607295049, ""neg_fail"": 0.0, ""n_test"": 175}}"
gcn_distmult,GCN + relation-aware decoder,0.0,10,67840,0.813710696267586,0.8092836628511967,0.796557135761095,0.37893345952033997,0.38671248568155786,0.6497526168823242,0.8875143184421534,0.2891649901866913,"{""hasForce"": {""auc"": 0.80719723183391, ""ap"": 0.8181334169115524, ""neg_fail"": 0.0, ""n_test"": 170}, ""hasIntensity"": {""auc"": 0.6800326530612246, ""ap"": 0.6785797024780474, ""neg_fail"": 0.0, ""n_test"": 175}, ""hasMechanic"": {""auc"": 0.8355231533408107, ""ap"": 0.8388164626117098, ""neg_fail"": 0.0, ""n_test"": 158}, ""isVariationOf"": {""auc"": 0.3476331360946745, ""ap"": 0.41045017020806907, ""neg_fail"": 0.0, ""n_test"": 26}, ""recruits"": {""auc"": 0.7840747843585796, ""ap"": 0.752492322767741, ""neg_fail"": 0.0, ""n_test"": 341}, ""requires"": {""auc"": 0.7291755102040818, ""ap"": 0.714517069973577, ""neg_fail"": 0.0, ""n_test"": 175}, ""supportsGoal"": {""auc"": 0.9413498622589532, ""ap"": 0.9282636322579716, ""neg_fail"": 0.0, ""n_test"": 330}, ""targets"": {""auc"": 0.7365224489795918, ""ap"": 0.6863577033288359, ""neg_fail"": 0.0, ""n_test"": 175}}"
gcn_distmult,GCN + relation-aware decoder,0.0,11,67840,0.7850753901564664,0.785993756503642,0.763290257451309,0.350192666053772,0.3983963344788087,0.8161752820014954,0.8911798396334479,0.36116823554039,"{""hasForce"": {""auc"": 0.7499307958477509, ""ap"": 0.7853982714731527, ""neg_fail"": 0.0, ""n_test"": 170}, ""hasIntensity"": {""auc"": 0.6233795918367347, ""ap"": 0.6160947617925475, ""neg_fail"": 0.0, ""n_test"": 175}, ""hasMechanic"": {""auc"": 0.6899535330876463, ""ap"": 0.7164177262692928, ""neg_fail"": 0.0, ""n_test"": 158}, ""isVariationOf"": {""auc"": 0.47337278106508873, ""ap"": 0.4996679159893597, ""neg_fail"": 0.0, ""n_test"": 26}, ""recruits"": {""auc"": 0.7876523249714055, ""ap"": 0.7476939156024648, ""neg_fail"": 0.0, ""n_test"": 341}, ""requires"": {""auc"": 0.6605061224489795, ""ap"": 0.6541613231103931, ""neg_fail"": 0.0, ""n_test"": 175}, ""supportsGoal"": {""auc"": 0.9477502295684114, ""ap"": 0.9403918409601864, ""neg_fail"": 0.0, ""n_test"": 330}, ""targets"": {""auc"": 0.7446857142857143, ""ap"": 0.681067588872101, ""neg_fail"": 0.0, ""n_test"": 175}}"
gcn_distmult,GCN + relation-aware decoder,0.0,12,67840,0.8340541786316893,0.8064303850156087,0.7789657237392952,0.34069156646728516,0.3335624284077892,0.7434811592102051,0.8847651775486827,0.3291333019733429,"{""hasForce"": {""auc"": 0.8211072664359863, ""ap"": 0.836706253066344, ""neg_fail"": 0.0, ""n_test"": 170}, ""hasIntensity"": {""auc"": 0.7415836734693877, ""ap"": 0.7027355655615413, ""neg_fail"": 0.0, ""n_test"": 175}, ""hasMechanic"": {""auc"": 0.8602387437910591, ""ap"": 0.8639827909587489, ""neg_fail"": 0.0, ""n_test"": 158}, ""isVariationOf"": {""auc"": 0.6198224852071006, ""ap"": 0.5809969950098209, ""neg_fail"": 0.0, ""n_test"": 26}, ""recruits"": {""auc"": 0.772224181078594, ""ap"": 0.7540428787101174, ""neg_fail"": 0.0, ""n_test"": 341}, ""requires"": {""auc"": 0.6918204081632654, ""ap"": 0.6635562586341472, ""neg_fail"": 0.0, ""n_test"": 175}, ""supportsGoal"": {""auc"": 0.924692378328742, ""ap"": 0.8928547970652622, ""neg_fail"": 0.0, ""n_test"": 330}, ""targets"": {""auc"": 0.7285224489795918, ""ap"": 0.6494845085331884, ""neg_fail"": 0.0, ""n_test"": 175}}"
gcn_distmult,GCN + relation-aware decoder,0.0,13,67840,0.81428602670408,0.7949098855359001,0.7722911266562472,0.3435862362384796,0.3539518900343643,0.8372128009796143,0.8946162657502864,0.334154337644577,"{""hasForce"": {""auc"": 0.7494117647058823, ""ap"": 0.7326677987108435, ""neg_fail"": 0.0, ""n_test"": 170}, ""hasIntensity"": {""auc"": 0.6807510204081633, ""ap"": 0.6082246764576507, ""neg_fail"": 0.0, ""n_test"": 175}, ""hasMechanic"": {""auc"": 0.8261496555039256, ""ap"": 0.8328000472909957, ""neg_fail"": 0.0, ""n_test"": 158}, ""isVariationOf"": {""auc"": 0.7559171597633136, ""ap"": 0.7094310033395914, ""neg_fail"": 0.0, ""n_test"": 26}, ""recruits"": {""auc"": 0.799038535960303, ""ap"": 0.7510188484638325, ""neg_fail"": 0.0, ""n_test"": 341}, ""requires"": {""auc"": 0.7044571428571429, ""ap"": 0.7143155844785354, ""neg_fail"": 0.0, ""n_test"": 175}, ""supportsGoal"": {""auc"": 0.9230211202938476, ""ap"": 0.9029449470228748, ""neg_fail"": 0.0, ""n_test"": 330}, ""targets"": {""auc"": 0.7160816326530612, ""ap"": 0.6629714830168443, ""neg_fail"": 0.0, ""n_test"": 175}}"
gcn_distmult,GCN + relation-aware decoder,0.0,14,67840,0.8211142905687865,0.7851180020811654,0.7615362570675355,0.41403305530548096,0.3919816723940435,0.7083859443664551,0.8739977090492554,0.2842462360858917,"{""hasForce"": {""auc"": 0.7510726643598615, ""ap"": 0.7513286604003996, ""neg_fail"": 0.0, ""n_test"": 170}, ""hasIntensity"": {""auc"": 0.7471673469387754, ""ap"": 0.6949092857477602, ""neg_fail"": 0.0, ""n_test"": 175}, ""hasMechanic"": {""auc"": 0.7973481813811889, ""ap"": 0.7800070968391164, ""neg_fail"": 0.0, ""n_test"": 158}, ""isVariationOf"": {""auc"": 0.6642011834319527, ""ap"": 0.6750991226011017, ""neg_fail"": 0.0, ""n_test"": 26}, ""recruits"": {""auc"": 0.8055314281782923, ""ap"": 0.7878223940310007, ""neg_fail"": 0.0, ""n_test"": 341}, ""requires"": {""auc"": 0.6755591836734693, ""ap"": 0.6575245789526692, ""neg_fail"": 0.0, ""n_test"": 175}, ""supportsGoal"": {""auc"": 0.9025987144168963, ""ap"": 0.8918247286926786, ""neg_fail"": 0.0, ""n_test"": 330}, ""targets"": {""auc"": 0.7197714285714285, ""ap"": 0.6680102482602828, ""neg_fail"": 0.0, ""n_test"": 175}}"
gcn_distmult,GCN + relation-aware decoder,0.0,15,67840,0.8147856557673511,0.8010364203954214,0.7798535785829275,0.37852388620376587,0.3729667812142039,0.7472878694534302,0.8776632302405498,0.30575454235076904,"{""hasForce"": {""auc"": 0.7814532871972318, ""ap"": 0.7744566816789578, ""neg_fail"": 0.0, ""n_test"": 170}, ""hasIntensity"": {""auc"": 0.664130612244898, ""ap"": 0.6382537843351855, ""neg_fail"": 0.0, ""n_test"": 175}, ""hasMechanic"": {""auc"": 0.872215991027079, ""ap"": 0.8554278448578522, ""neg_fail"": 0.0, ""n_test"": 158}, ""isVariationOf"": {""auc"": 0.7085798816568047, ""ap"": 0.6992729852314947, ""neg_fail"": 0.0, ""n_test"": 26}, ""recruits"": {""auc"": 0.8074319966288559, ""ap"": 0.7793417553735718, ""neg_fail"": 0.0, ""n_test"": 341}, ""requires"": {""auc"": 0.6836897959183674, ""ap"": 0.6836205494467102, ""neg_fail"": 0.0, ""n_test"": 175}, ""supportsGoal"": {""auc"": 0.9117814508723601, ""ap"": 0.8935745966283458, ""neg_fail"": 0.0, ""n_test"": 330}, ""targets"": {""auc"": 0.7388734693877551, ""ap"": 0.6868887876073122, ""neg_fail"": 0.0, ""n_test"": 175}}"
gcn_distmult,GCN + relation-aware decoder,0.0,16,67840,0.817083613007851,0.7887279916753382,0.7682904046307758,0.31535691022872925,0.372737686139748,0.7322208881378174,0.8989690721649485,0.2608385980129242,"{""hasForce"": {""auc"": 0.8006920415224914, ""ap"": 0.785280163349654, ""neg_fail"": 0.0, ""n_test"": 170}, ""hasIntensity"": {""auc"": 0.6422530612244899, ""ap"": 0.6111884581876437, ""neg_fail"": 0.0, ""n_test"": 175}, ""hasMechanic"": {""auc"": 0.8077231212946643, ""ap"": 0.8069931768694706, ""neg_fail"": 0.0, ""n_test"": 158}, ""isVariationOf"": {""auc"": 0.7781065088757396, ""ap"": 0.8300406508048173, ""neg_fail"": 0.0, ""n_test"": 26}, ""recruits"": {""auc"": 0.7431480637421419, ""ap"": 0.7031805109301053, ""neg_fail"": 0.0, ""n_test"": 341}, ""requires"": {""auc"": 0.6740244897959184, ""ap"": 0.6634302333525559, ""neg_fail"": 0.0, ""n_test"": 175}, ""supportsGoal"": {""auc"": 0.9399632690541782, ""ap"": 0.9254054621775902, ""neg_fail"": 0.0, ""n_test"": 330}, ""targets"": {""auc"": 0.6914285714285715, ""ap"": 0.6160625753147637, ""neg_fail"": 0.0, ""n_test"": 175}}"
gcn_distmult,GCN + relation-aware decoder,0.0,17,67840,0.8124733993785758,0.8088728407908429,0.8074371947359995,0.31603991985321045,0.3770904925544101,0.44490766525268555,0.8703321878579611,0.15907862782478333,"{""hasForce"": {""auc"": 0.7927681660899655, ""ap"": 0.7761074435527541, ""neg_fail"": 0.0, ""n_test"": 170}, ""hasIntensity"": {""auc"": 0.7162775510204082, ""ap"": 0.6736303694714594, ""neg_fail"": 0.0, ""n_test"": 175}, ""hasMechanic"": {""auc"": 0.8366047107835284, ""ap"": 0.840441824017327, ""neg_fail"": 0.0, ""n_test"": 158}, ""isVariationOf"": {""auc"": 0.6094674556213018, ""ap"": 0.5962887001641886, ""neg_fail"": 0.0, ""n_test"": 26}, ""recruits"": {""auc"": 0.8079307883489133, ""ap"": 0.8089430468698895, ""neg_fail"": 0.0, ""n_test"": 341}, ""requires"": {""auc"": 0.6866285714285716, ""ap"": 0.6688003008134151, ""neg_fail"": 0.0, ""n_test"": 175}, ""supportsGoal"": {""auc"": 0.9407438016528926, ""ap"": 0.9282900276753148, ""neg_fail"": 0.0, ""n_test"": 330}, ""targets"": {""auc"": 0.7512489795918367, ""ap"": 0.7456280505645323, ""neg_fail"": 0.0, ""n_test"": 175}}"
gcn_distmult,GCN + relation-aware decoder,0.0,18,67840,0.8053902742240189,0.7960836628511967,0.7713291646162601,0.3333601951599121,0.35097365406643755,0.7764484882354736,0.8898052691867124,0.31719711422920227,"{""hasForce"": {""auc"": 0.8187197231833911, ""ap"": 0.8094071376374948, ""neg_fail"": 0.0, ""n_test"": 170}, ""hasIntensity"": {""auc"": 0.731461224489796, ""ap"": 0.6969075766793817, ""neg_fail"": 0.0, ""n_test"": 175}, ""hasMechanic"": {""auc"": 0.8527479570581638, ""ap"": 0.8192587954012538, ""neg_fail"": 0.0, ""n_test"": 158}, ""isVariationOf"": {""auc"": 0.6789940828402367, ""ap"": 0.7155938334539685, ""neg_fail"": 0.0, ""n_test"": 26}, ""recruits"": {""auc"": 0.7647423052777325, ""ap"": 0.7481996071454344, ""neg_fail"": 0.0, ""n_test"": 341}, ""requires"": {""auc"": 0.6818612244897959, ""ap"": 0.6806241326087705, ""neg_fail"": 0.0, ""n_test"": 175}, ""supportsGoal"": {""auc"": 0.9094949494949495, ""ap"": 0.8587773644826132, ""neg_fail"": 0.0, ""n_test"": 330}, ""targets"": {""auc"": 0.6872163265306123, ""ap"": 0.6523192976993893, ""neg_fail"": 0.0, ""n_test"": 175}}"
gcn_distmult,GCN + relation-aware decoder,0.0,19,67840,0.8027625954468146,0.7741652445369407,0.7522764822457245,0.3678514063358307,0.38785796105383735,0.8484545946121216,0.8707903780068729,0.34053218364715576,"{""hasForce"": {""auc"": 0.7735640138408304, ""ap"": 0.7682185593262576, ""neg_fail"": 0.0, ""n_test"": 170}, ""hasIntensity"": {""auc"": 0.6805224489795919, ""ap"": 0.6387839143913498, ""neg_fail"": 0.0, ""n_test"": 175}, ""hasMechanic"": {""auc"": 0.8120092933824709, ""ap"": 0.8196973663073542, ""neg_fail"": 0.0, ""n_test"": 158}, ""isVariationOf"": {""auc"": 0.613905325443787, ""ap"": 0.6430940645617923, ""neg_fail"": 0.0, ""n_test"": 26}, ""recruits"": {""auc"": 0.7223020097866376, ""ap"": 0.6809710586340258, ""neg_fail"": 0.0, ""n_test"": 341}, ""requires"": {""auc"": 0.6981551020408163, ""ap"": 0.692625381599109, ""neg_fail"": 0.0, ""n_test"": 175}, ""supportsGoal"": {""auc"": 0.90921028466483, ""ap"": 0.8837974011993603, ""neg_fail"": 0.0, ""n_test"": 330}, ""targets"": {""auc"": 0.7128816326530611, ""ap"": 0.6899387221565307, ""neg_fail"": 0.0, ""n_test"": 175}}"
gcn_distmult,GCN + relation-aware decoder,0.0,20,67840,0.8219957910036488,0.7943109261186264,0.7723435372195959,0.2954920530319214,0.3747995418098511,0.7932626605033875,0.8994272623138603,0.3381299376487732,"{""hasForce"": {""auc"": 0.7378892733564013, ""ap"": 0.7144273083184646, ""neg_fail"": 0.0, ""n_test"": 170}, ""hasIntensity"": {""auc"": 0.606465306122449, ""ap"": 0.5965141272947474, ""neg_fail"": 0.0, ""n_test"": 175}, ""hasMechanic"": {""auc"": 0.9267344976766544, ""ap"": 0.9176039289435167, ""neg_fail"": 0.0, ""n_test"": 158}, ""isVariationOf"": {""auc"": 0.4881656804733728, ""ap"": 0.5004212130265816, ""neg_fail"": 0.0, ""n_test"": 26}, ""recruits"": {""auc"": 0.7617839543863572, ""ap"": 0.7073013293578654, ""neg_fail"": 0.0, ""n_test"": 341}, ""requires"": {""auc"": 0.6985795918367347, ""ap"": 0.6882243539423023, ""neg_fail"": 0.0, ""n_test"": 175}, ""supportsGoal"": {""auc"": 0.9312121212121213, ""ap"": 0.9063778968979158, ""neg_fail"": 0.0030303029343485832, ""n_test"": 330}, ""targets"": {""auc"": 0.6368979591836735, ""ap"": 0.6484260508185923, ""neg_fail"": 0.0, ""n_test"": 175}}"
gcn_distmult,GCN + relation-aware decoder,0.0,21,67840,0.8040007334621939,0.7920819979188345,0.7708763283244302,0.3983340263366699,0.39862542955326463,0.760202944278717,0.893241695303551,0.3148352801799774,"{""hasForce"": {""auc"": 0.7836678200692042, ""ap"": 0.7907450354502988, ""neg_fail"": 0.0, ""n_test"": 170}, ""hasIntensity"": {""auc"": 0.6216489795918367, ""ap"": 0.591200206652145, ""neg_fail"": 0.0, ""n_test"": 175}, ""hasMechanic"": {""auc"": 0.8593975324467232, ""ap"": 0.8556989158282622, ""neg_fail"": 0.0, ""n_test"": 158}, ""isVariationOf"": {""auc"": 0.6553254437869822, ""ap"": 0.7120253105384811, ""neg_fail"": 0.0, ""n_test"": 26}, ""recruits"": {""auc"": 0.7797576560229099, ""ap"": 0.7538871418067743, ""neg_fail"": 0.0, ""n_test"": 341}, ""requires"": {""auc"": 0.668865306122449, ""ap"": 0.6503627697002154, ""neg_fail"": 0.0, ""n_test"": 175}, ""supportsGoal"": {""auc"": 0.942929292929293, ""ap"": 0.9362250842384036, ""neg_fail"": 0.0, ""n_test"": 330}, ""targets"": {""auc"": 0.7179755102040817, ""ap"": 0.6625585049017998, ""neg_fail"": 0.0, ""n_test"": 175}}"
gcn_distmult,GCN + relation-aware decoder,0.0,22,67840,0.8520677409532654,0.8352924037460978,0.8114246065361947,0.3660231828689575,0.3915234822451317,0.6482658386230469,0.8852233676975945,0.2554357349872589,"{""hasForce"": {""auc"": 0.8686851211072665, ""ap"": 0.853000538624496, ""neg_fail"": 0.0, ""n_test"": 170}, ""hasIntensity"": {""auc"": 0.7478530612244898, ""ap"": 0.6839926885738232, ""neg_fail"": 0.0, ""n_test"": 175}, ""hasMechanic"": {""auc"": 0.8263098862361801, ""ap"": 0.8072458959319048, ""neg_fail"": 0.0, ""n_test"": 158}, ""isVariationOf"": {""auc"": 0.7337278106508877, ""ap"": 0.7283917927863922, ""neg_fail"": 0.0, ""n_test"": 26}, ""recruits"": {""auc"": 0.8278824571512113, ""ap"": 0.8141408157563524, ""neg_fail"": 0.0, ""n_test"": 341}, ""requires"": {""auc"": 0.731134693877551, ""ap"": 0.7208210202263126, ""neg_fail"": 0.0, ""n_test"": 175}, ""supportsGoal"": {""auc"": 0.9474196510560148, ""ap"": 0.9148461889081022, ""neg_fail"": 0.0, ""n_test"": 330}, ""targets"": {""auc"": 0.7606530612244898, ""ap"": 0.7311867212937109, ""neg_fail"": 0.0, ""n_test"": 175}}"
gcn_distmult,GCN + relation-aware decoder,0.0,23,67840,0.8071482283355287,0.7781204994797086,0.7610704885784214,0.3380337655544281,0.40756013745704467,0.7348873615264893,0.8827033218785796,0.2690993547439575,"{""hasForce"": {""auc"": 0.8623875432525953, ""ap"": 0.8778121473075788, ""neg_fail"": 0.0, ""n_test"": 170}, ""hasIntensity"": {""auc"": 0.6365714285714286, ""ap"": 0.5846606976034797, ""neg_fail"": 0.0, ""n_test"": 175}, ""hasMechanic"": {""auc"": 0.7659429578593173, ""ap"": 0.7863245451845291, ""neg_fail"": 0.0, ""n_test"": 158}, ""isVariationOf"": {""auc"": 0.3476331360946746, ""ap"": 0.4297369209309555, ""neg_fail"": 0.0, ""n_test"": 26}, ""recruits"": {""auc"": 0.723523189515054, ""ap"": 0.7046880019121582, ""neg_fail"": 0.0, ""n_test"": 341}, ""requires"": {""auc"": 0.6822204081632652, ""ap"": 0.6660963767226646, ""neg_fail"": 0.0, ""n_test"": 175}, ""supportsGoal"": {""auc"": 0.9219421487603305, ""ap"": 0.9043522802150672, ""neg_fail"": 0.0030303029343485832, ""n_test"": 330}, ""targets"": {""auc"": 0.722612244897959, ""ap"": 0.674346572274771, ""neg_fail"": 0.0, ""n_test"": 175}}"
gcn_distmult,GCN + relation-aware decoder,0.0,24,67840,0.8017145519908621,0.7922955254942767,0.7548874398709299,0.3409954905509949,0.3441008018327606,0.7261520624160767,0.874914089347079,0.26565563678741455,"{""hasForce"": {""auc"": 0.8150173010380622, ""ap"": 0.7903539921591292, ""neg_fail"": 0.0, ""n_test"": 170}, ""hasIntensity"": {""auc"": 0.7264, ""ap"": 0.6582127542672431, ""neg_fail"": 0.0, ""n_test"": 175}, ""hasMechanic"": {""auc"": 0.8359237301714469, ""ap"": 0.8133179994458142, ""neg_fail"": 0.0, ""n_test"": 158}, ""isVariationOf"": {""auc"": 0.6213017751479291, ""ap"": 0.6088697183698182, ""neg_fail"": 0.0, ""n_test"": 26}, ""recruits"": {""auc"": 0.7903182807165401, ""ap"": 0.7478508610217097, ""neg_fail"": 0.0, ""n_test"": 341}, ""requires"": {""auc"": 0.6814367346938774, ""ap"": 0.657987330676665, ""neg_fail"": 0.0, ""n_test"": 175}, ""supportsGoal"": {""auc"": 0.9042516069788797, ""ap"": 0.8670555115418253, ""neg_fail"": 0.0, ""n_test"": 330}, ""targets"": {""auc"": 0.7384816326530612, ""ap"": 0.6930839947590042, ""neg_fail"": 0.0, ""n_test"": 175}}"
gcn_distmult,GCN + relation-aware decoder,0.0,25,67840,0.824019541047808,0.8038559833506764,0.7850624410298408,0.2994641065597534,0.397709049255441,0.4764145016670227,0.8877434135166093,0.23819826543331146,"{""hasForce"": {""auc"": 0.7277854671280276, ""ap"": 0.6808061095839771, ""neg_fail"": 0.0, ""n_test"": 170}, ""hasIntensity"": {""auc"": 0.673338775510204, ""ap"": 0.6728843586512373, ""neg_fail"": 0.0, ""n_test"": 175}, ""hasMechanic"": {""auc"": 0.8457779202050953, ""ap"": 0.8552471810075841, ""neg_fail"": 0.0, ""n_test"": 158}, ""isVariationOf"": {""auc"": 0.8032544378698225, ""ap"": 0.7364242172362442, ""neg_fail"": 0.0, ""n_test"": 26}, ""recruits"": {""auc"": 0.7865343435298975, ""ap"": 0.7573636998256259, ""neg_fail"": 0.0, ""n_test"": 341}, ""requires"": {""auc"": 0.6901224489795919, ""ap"": 0.689833177475727, ""neg_fail"": 0.0, ""n_test"": 175}, ""supportsGoal"": {""auc"": 0.911368227731864, ""ap"": 0.8948210389522504, ""neg_fail"": 0.0, ""n_test"": 330}, ""targets"": {""auc"": 0.8120816326530613, ""ap"": 0.7613545132865425, ""neg_fail"": 0.0, ""n_test"": 175}}"
gcn_distmult,GCN + relation-aware decoder,0.0,26,67840,0.7846531447191563,0.7737977107180021,0.7597994555819562,0.31043967604637146,0.3995418098510882,0.5561623573303223,0.8804123711340206,0.27662310004234314,"{""hasForce"": {""auc"": 0.6659861591695502, ""ap"": 0.5846123492032727, ""neg_fail"": 0.0, ""n_test"": 170}, ""hasIntensity"": {""auc"": 0.7419755102040817, ""ap"": 0.7153348627972764, ""neg_fail"": 0.0, ""n_test"": 175}, ""hasMechanic"": {""auc"": 0.7236420445441436, ""ap"": 0.7602022896757279, ""neg_fail"": 0.0, ""n_test"": 158}, ""isVariationOf"": {""auc"": 0.5133136094674556, ""ap"": 0.5271980872659605, ""neg_fail"": 0.0, ""n_test"": 26}, ""recruits"": {""auc"": 0.799038535960303, ""ap"": 0.7899303142184009, ""neg_fail"": 0.0, ""n_test"": 341}, ""requires"": {""auc"": 0.716277551020408, ""ap"": 0.6818953247679455, ""neg_fail"": 0.0, ""n_test"": 175}, ""supportsGoal"": {""auc"": 0.925307621671258, ""ap"": 0.919783482641974, ""neg_fail"": 0.0, ""n_test"": 330}, ""targets"": {""auc"": 0.672326530612245, ""ap"": 0.6303710230935673, ""neg_fail"": 0.0, ""n_test"": 175}}"
gcn_distmult,GCN + relation-aware decoder,0.0,27,67840,0.8324324869919807,0.8131454734651404,0.7908599677760328,0.3220580816268921,0.36128293241695303,0.7444483041763306,0.872852233676976,0.30449041724205017,"{""hasForce"": {""auc"": 0.7854325259515572, ""ap"": 0.7494428288509487, ""neg_fail"": 0.0, ""n_test"": 170}, ""hasIntensity"": {""auc"": 0.7511836734693877, ""ap"": 0.714060434625997, ""neg_fail"": 0.0, ""n_test"": 175}, ""hasMechanic"": {""auc"": 0.8954494472039737, ""ap"": 0.892252636742235, ""neg_fail"": 0.0, ""n_test"": 158}, ""isVariationOf"": {""auc"": 0.8535502958579881, ""ap"": 0.8692040132623331, ""neg_fail"": 0.0, ""n_test"": 26}, ""recruits"": {""auc"": 0.7713211960681453, ""ap"": 0.7362219599686957, ""neg_fail"": 0.0, ""n_test"": 341}, ""requires"": {""auc"": 0.6973714285714286, ""ap"": 0.7113191086498509, ""neg_fail"": 0.0, ""n_test"": 175}, ""supportsGoal"": {""auc"": 0.9274012855831038, ""ap"": 0.8960968771502703, ""neg_fail"": 0.0, ""n_test"": 330}, ""targets"": {""auc"": 0.735869387755102, ""ap"": 0.7076140995637974, ""neg_fail"": 0.0, ""n_test"": 175}}"
gcn_distmult,GCN + relation-aware decoder,0.0,28,67840,0.7891884981015779,0.7859329864724245,0.7667847754105787,0.4085397720336914,0.3649484536082474,0.825069785118103,0.8707903780068729,0.316068559885025,"{""hasForce"": {""auc"": 0.695432525951557, ""ap"": 0.6528601683174599, ""neg_fail"": 0.0, ""n_test"": 170}, ""hasIntensity"": {""auc"": 0.7205224489795918, ""ap"": 0.6811192146847931, ""neg_fail"": 0.0, ""n_test"": 175}, ""hasMechanic"": {""auc"": 0.790538375260375, ""ap"": 0.7859364075977674, ""neg_fail"": 0.0, ""n_test"": 158}, ""isVariationOf"": {""auc"": 0.584319526627219, ""ap"": 0.6213790887580449, ""neg_fail"": 0.0, ""n_test"": 26}, ""recruits"": {""auc"": 0.8108719395258039, ""ap"": 0.7830189323741079, ""neg_fail"": 0.0, ""n_test"": 341}, ""requires"": {""auc"": 0.5562122448979592, ""ap"": 0.5648306178958354, ""neg_fail"": 0.0, ""n_test"": 175}, ""supportsGoal"": {""auc"": 0.9167952249770431, ""ap"": 0.8831331286713094, ""neg_fail"": 0.0, ""n_test"": 330}, ""targets"": {""auc"": 0.7419102040816327, ""ap"": 0.7177010584772101, ""neg_fail"": 0.0, ""n_test"": 175}}"
gcn_distmult,GCN + relation-aware decoder,0.0,29,67840,0.8295608815677249,0.8061702393340271,0.8050551477283115,0.3008420169353485,0.3693012600229095,0.6967990398406982,0.8904925544100801,0.3407854735851288,"{""hasForce"": {""auc"": 0.7545674740484429, ""ap"": 0.7302571742041767, ""neg_fail"": 0.0, ""n_test"": 170}, ""hasIntensity"": {""auc"": 0.7245061224489795, ""ap"": 0.7008701282120098, ""neg_fail"": 0.0, ""n_test"": 175}, ""hasMechanic"": {""auc"": 0.8006329113924051, ""ap"": 0.8152545170228832, ""neg_fail"": 0.0, ""n_test"": 158}, ""isVariationOf"": {""auc"": 0.6257396449704142, ""ap"": 0.5447567905151487, ""neg_fail"": 0.0, ""n_test"": 26}, ""recruits"": {""auc"": 0.819824390915111, ""ap"": 0.7944446267500191, ""neg_fail"": 0.0, ""n_test"": 341}, ""requires"": {""auc"": 0.6270693877551019, ""ap"": 0.6395140279621299, ""neg_fail"": 0.0, ""n_test"": 175}, ""supportsGoal"": {""auc"": 0.96, ""ap"": 0.9605227112134614, ""neg_fail"": 0.0, ""n_test"": 330}, ""targets"": {""auc"": 0.709061224489796, ""ap"": 0.684063023434609, ""neg_fail"": 0.0, ""n_test"": 175}}"
rgcn,R-GCN (relation-aware propagation),0.0,0,198912,0.8518616649928251,0.8324457856399585,0.8186096958814961,0.3003958761692047,0.46758304696449027,0.5383574366569519,0.8753722794959908,0.18641668558120728,"{""hasForce"": {""auc"": 0.878650519031142, ""ap"": 0.8704786308815268, ""neg_fail"": 0.0, ""n_test"": 170}, ""hasIntensity"": {""auc"": 0.7605551020408163, ""ap"": 0.7486449507304551, ""neg_fail"": 0.0, ""n_test"": 175}, ""hasMechanic"": {""auc"": 0.8680099343053997, ""ap"": 0.8593901997357993, ""neg_fail"": 0.0, ""n_test"": 158}, ""isVariationOf"": {""auc"": 0.6819526627218935, ""ap"": 0.6958636256466898, ""neg_fail"": 0.0, ""n_test"": 26}, ""recruits"": {""auc"": 0.795572793491628, ""ap"": 0.8073544631387352, ""neg_fail"": 0.0, ""n_test"": 341}, ""requires"": {""auc"": 0.7423346938775511, ""ap"": 0.7406218785541121, ""neg_fail"": 0.0, ""n_test"": 175}, ""supportsGoal"": {""auc"": 0.9330394857667584, ""ap"": 0.9048033278969825, ""neg_fail"": 0.0, ""n_test"": 330}, ""targets"": {""auc"": 0.7903346938775511, ""ap"": 0.7662768010938693, ""neg_fail"": 0.0, ""n_test"": 175}}"
rgcn,R-GCN (relation-aware propagation),0.0,1,198912,0.8364766225748225,0.812035379812695,0.7926091270417834,0.334216833114624,0.47033218785796105,0.7043435573577881,0.8829324169530355,0.271686851978302,"{""hasForce"": {""auc"": 0.8504498269896195, ""ap"": 0.8430075128511612, ""neg_fail"": 0.0, ""n_test"": 170}, ""hasIntensity"": {""auc"": 0.7606204081632653, ""ap"": 0.691810273926048, ""neg_fail"": 0.0, ""n_test"": 175}, ""hasMechanic"": {""auc"": 0.8683704534529721, ""ap"": 0.8575242911344693, ""neg_fail"": 0.0, ""n_test"": 158}, ""isVariationOf"": {""auc"": 0.8328402366863906, ""ap"": 0.831928208528939, ""neg_fail"": 0.0, ""n_test"": 26}, ""recruits"": {""auc"": 0.786594542530594, ""ap"": 0.7601984614114007, ""neg_fail"": 0.0, ""n_test"": 341}, ""requires"": {""auc"": 0.6853551020408163, ""ap"": 0.6685200935592402, ""neg_fail"": 0.0, ""n_test"": 175}, ""supportsGoal"": {""auc"": 0.919641873278237, ""ap"": 0.8990322188533795, ""neg_fail"": 0.0, ""n_test"": 330}, ""targets"": {""auc"": 0.7377632653061225, ""ap"": 0.7211628668545254, ""neg_fail"": 0.0, ""n_test"": 175}}"
rgcn,R-GCN (relation-aware propagation),0.0,2,198912,0.8446523708828967,0.8379783558792924,0.8172714929700119,0.3141609728336334,0.46048109965635736,0.7438259124755859,0.8943871706758305,0.27811670303344727,"{""hasForce"": {""auc"": 0.808719723183391, ""ap"": 0.8052128588253591, ""neg_fail"": 0.0, ""n_test"": 170}, ""hasIntensity"": {""auc"": 0.7590204081632653, ""ap"": 0.7555271308579014, ""neg_fail"": 0.0, ""n_test"": 175}, ""hasMechanic"": {""auc"": 0.9053036372376221, ""ap"": 0.9051599743550041, ""neg_fail"": 0.0, ""n_test"": 158}, ""isVariationOf"": {""auc"": 0.5547337278106509, ""ap"": 0.6071416095242784, ""neg_fail"": 0.0, ""n_test"": 26}, ""recruits"": {""auc"": 0.8268160748531574, ""ap"": 0.8054167110355774, ""neg_fail"": 0.0, ""n_test"": 341}, ""requires"": {""auc"": 0.769208163265306, ""ap"": 0.7589494114546194, ""neg_fail"": 0.0, ""n_test"": 175}, ""supportsGoal"": {""auc"": 0.9357759412304867, ""ap"": 0.9087321218979791, ""neg_fail"": 0.0, ""n_test"": 330}, ""targets"": {""auc"": 0.7379918367346939, ""ap"": 0.6857919285239527, ""neg_fail"": 0.0, ""n_test"": 175}}"
rgcn,R-GCN (relation-aware propagation),0.0,3,198912,0.8289350835490822,0.8356657648283039,0.8121696829563352,0.3492361009120941,0.44215349369988544,0.6567215323448181,0.8620847651775487,0.25960573554039,"{""hasForce"": {""auc"": 0.840242214532872, ""ap"": 0.8377191627347531, ""neg_fail"": 0.0, ""n_test"": 170}, ""hasIntensity"": {""auc"": 0.7594448979591837, ""ap"": 0.7006369394762578, ""neg_fail"": 0.0, ""n_test"": 175}, ""hasMechanic"": {""auc"": 0.9079474443198206, ""ap"": 0.8907721136767807, ""neg_fail"": 0.0, ""n_test"": 158}, ""isVariationOf"": {""auc"": 0.4526627218934911, ""ap"": 0.5007101370839189, ""neg_fail"": 0.0, ""n_test"": 26}, ""recruits"": {""auc"": 0.839225668853897, ""ap"": 0.8242703761589855, ""neg_fail"": 0.0, ""n_test"": 341}, ""requires"": {""auc"": 0.6911020408163265, ""ap"": 0.6805237676805242, ""neg_fail"": 0.0, ""n_test"": 175}, ""supportsGoal"": {""auc"": 0.9283471074380165, ""ap"": 0.8963078251026995, ""neg_fail"": 0.0, ""n_test"": 330}, ""targets"": {""auc"": 0.7962775510204081, ""ap"": 0.7825768674399094, ""neg_fail"": 0.0, ""n_test"": 175}}"
rgcn,R-GCN (relation-aware propagation),0.0,4,198912,0.8470041602110219,0.829198335067638,0.8065936874486017,0.32881543040275574,0.40985108820160365,0.7095891237258911,0.9120274914089347,0.25952771306037903,"{""hasForce"": {""auc"": 0.8348096885813149, ""ap"": 0.8483048956236247, ""neg_fail"": 0.0, ""n_test"": 170}, ""hasIntensity"": {""auc"": 0.7731918367346939, ""ap"": 0.7755585421062791, ""neg_fail"": 0.0, ""n_test"": 175}, ""hasMechanic"": {""auc"": 0.8498237461945201, ""ap"": 0.8431950759796962, ""neg_fail"": 0.0, ""n_test"": 158}, ""isVariationOf"": {""auc"": 0.8461538461538461, ""ap"": 0.8172554262968647, ""neg_fail"": 0.0, ""n_test"": 26}, ""recruits"": {""auc"": 0.8256292945537105, ""ap"": 0.8108745111439857, ""neg_fail"": 0.0, ""n_test"": 341}, ""requires"": {""auc"": 0.7204571428571429, ""ap"": 0.7035825224220338, ""neg_fail"": 0.0, ""n_test"": 175}, ""supportsGoal"": {""auc"": 0.9308539944903582, ""ap"": 0.8840383903597467, ""neg_fail"": 0.0, ""n_test"": 330}, ""targets"": {""auc"": 0.7723102040816325, ""ap"": 0.750039584285029, ""neg_fail"": 0.0, ""n_test"": 175}}"
rgcn,R-GCN (relation-aware propagation),0.0,5,198912,0.8362562474661068,0.8163063475546305,0.7873207513799774,0.35446038842201233,0.4261168384879725,0.7412505149841309,0.886368843069874,0.30786949396133423,"{""hasForce"": {""auc"": 0.8304844290657439, ""ap"": 0.8111669686578011, ""neg_fail"": 0.0, ""n_test"": 170}, ""hasIntensity"": {""auc"": 0.7428244897959184, ""ap"": 0.6571372501582824, ""neg_fail"": 0.0, ""n_test"": 175}, ""hasMechanic"": {""auc"": 0.8873978529081878, ""ap"": 0.8891303609712008, ""neg_fail"": 0.0, ""n_test"": 158}, ""isVariationOf"": {""auc"": 0.7411242603550295, ""ap"": 0.7546988103311242, ""neg_fail"": 0.0, ""n_test"": 26}, ""recruits"": {""auc"": 0.8227655420920013, ""ap"": 0.8109050152422723, ""neg_fail"": 0.0, ""n_test"": 341}, ""requires"": {""auc"": 0.6763102040816327, ""ap"": 0.6531471373216208, ""neg_fail"": 0.0, ""n_test"": 175}, ""supportsGoal"": {""auc"": 0.9045179063360882, ""ap"": 0.8647454692111614, ""neg_fail"": 0.0, ""n_test"": 330}, ""targets"": {""auc"": 0.7359020408163266, ""ap"": 0.7010503763117792, ""neg_fail"": 0.0, ""n_test"": 175}}"
rgcn,R-GCN (relation-aware propagation),0.0,6,198912,0.8251331923605538,0.8269286160249738,0.8121322714306545,0.32757148146629333,0.40985108820160365,0.7553461790084839,0.8804123711340206,0.3022114932537079,"{""hasForce"": {""auc"": 0.8664013840830449, ""ap"": 0.8781647648693793, ""neg_fail"": 0.0, ""n_test"": 170}, ""hasIntensity"": {""auc"": 0.7440979591836735, ""ap"": 0.6632913730803087, ""neg_fail"": 0.0, ""n_test"": 175}, ""hasMechanic"": {""auc"": 0.8850344496074347, ""ap"": 0.8846270415252862, ""neg_fail"": 0.0, ""n_test"": 158}, ""isVariationOf"": {""auc"": 0.6923076923076923, ""ap"": 0.7287736450494811, ""neg_fail"": 0.0, ""n_test"": 26}, ""recruits"": {""auc"": 0.8277620591498182, ""ap"": 0.8238810847352012, ""neg_fail"": 0.0, ""n_test"": 341}, ""requires"": {""auc"": 0.6820244897959183, ""ap"": 0.6805400048089374, ""neg_fail"": 0.0, ""n_test"": 175}, ""supportsGoal"": {""auc"": 0.9238659320477501, ""ap"": 0.9042733968399957, ""neg_fail"": 0.0, ""n_test"": 330}, ""targets"": {""auc"": 0.7821714285714286, ""ap"": 0.7472562340176128, ""neg_fail"": 0.0, ""n_test"": 175}}"
rgcn,R-GCN (relation-aware propagation),0.0,7,198912,0.8151439756006063,0.8013964620187305,0.7963555869271297,0.2779542803764343,0.48064146620847653,0.5812761783599854,0.8742268041237113,0.2629319727420807,"{""hasForce"": {""auc"": 0.8277162629757784, ""ap"": 0.8066648456285347, ""neg_fail"": 0.0, ""n_test"": 170}, ""hasIntensity"": {""auc"": 0.7031510204081634, ""ap"": 0.6629901170139567, ""neg_fail"": 0.0, ""n_test"": 175}, ""hasMechanic"": {""auc"": 0.866647973081237, ""ap"": 0.8627529237363477, ""neg_fail"": 0.0, ""n_test"": 158}, ""isVariationOf"": {""auc"": 0.5784023668639053, ""ap"": 0.6220614274385523, ""neg_fail"": 0.0, ""n_test"": 26}, ""recruits"": {""auc"": 0.7775818921405906, ""ap"": 0.7813479952216257, ""neg_fail"": 0.0, ""n_test"": 341}, ""requires"": {""auc"": 0.641795918367347, ""ap"": 0.5804257994523235, ""neg_fail"": 0.0, ""n_test"": 175}, ""supportsGoal"": {""auc"": 0.9429476584022037, ""ap"": 0.9446572723954256, ""neg_fail"": 0.0, ""n_test"": 330}, ""targets"": {""auc"": 0.7155265306122449, ""ap"": 0.6666937426999608, ""neg_fail"": 0.0, ""n_test"": 175}}"
rgcn,R-GCN (relation-aware propagation),0.0,8,198912,0.8274513366339132,0.8125864724245577,0.809361325453309,0.25424107909202576,0.44238258877434133,0.5776867866516113,0.8655211912943872,0.222005695104599,"{""hasForce"": {""auc"": 0.824878892733564, ""ap"": 0.8312855591848243, ""neg_fail"": 0.0, ""n_test"": 170}, ""hasIntensity"": {""auc"": 0.7405714285714285, ""ap"": 0.7366743202201971, ""neg_fail"": 0.0, ""n_test"": 175}, ""hasMechanic"": {""auc"": 0.7924210863643647, ""ap"": 0.7894250230536883, ""neg_fail"": 0.0, ""n_test"": 158}, ""isVariationOf"": {""auc"": 0.6597633136094675, ""ap"": 0.6575208623370108, ""neg_fail"": 0.0, ""n_test"": 26}, ""recruits"": {""auc"": 0.7912384654414737, ""ap"": 0.7813011656604469, ""neg_fail"": 0.0, ""n_test"": 341}, ""requires"": {""auc"": 0.7191510204081634, ""ap"": 0.6760872910413289, ""neg_fail"": 0.0, ""n_test"": 175}, ""supportsGoal"": {""auc"": 0.9453719008264463, ""ap"": 0.9412106340799893, ""neg_fail"": 0.0, ""n_test"": 330}, ""targets"": {""auc"": 0.7327673469387755, ""ap"": 0.7052498584381184, ""neg_fail"": 0.0, ""n_test"": 175}}"
rgcn,R-GCN (relation-aware propagation),0.0,9,198912,0.8264604897710622,0.8241548387096773,0.8069523606960998,0.3110154867172241,0.4449026345933562,0.7010395526885986,0.8687285223367698,0.25260353088378906,"{""hasForce"": {""auc"": 0.8402768166089966, ""ap"": 0.8118085343723662, ""neg_fail"": 0.0, ""n_test"": 170}, ""hasIntensity"": {""auc"": 0.8087836734693877, ""ap"": 0.7988682881542084, ""neg_fail"": 0.0, ""n_test"": 175}, ""hasMechanic"": {""auc"": 0.9011776958820702, ""ap"": 0.901203732686009, ""neg_fail"": 0.0, ""n_test"": 158}, ""isVariationOf"": {""auc"": 0.7810650887573964, ""ap"": 0.715969207022434, ""neg_fail"": 0.0, ""n_test"": 26}, ""recruits"": {""auc"": 0.810338748376777, ""ap"": 0.795749269018485, ""neg_fail"": 0.0, ""n_test"": 341}, ""requires"": {""auc"": 0.702595918367347, ""ap"": 0.7227815500217711, ""neg_fail"": 0.0, ""n_test"": 175}, ""supportsGoal"": {""auc"": 0.9209825528007346, ""ap"": 0.9073255694824834, ""neg_fail"": 0.0, ""n_test"": 330}, ""targets"": {""auc"": 0.7181714285714286, ""ap"": 0.6535303366234997, ""neg_fail"": 0.0, ""n_test"": 175}}"
rgcn,R-GCN (relation-aware propagation),0.0,10,198912,0.8445177906638337,0.8329103017689906,0.8153011656175941,0.34427610039711,0.4517754868270332,0.7264397144317627,0.890950744558992,0.31259220838546753,"{""hasForce"": {""auc"": 0.8703114186851212, ""ap"": 0.8583346031286996, ""neg_fail"": 0.0, ""n_test"": 170}, ""hasIntensity"": {""auc"": 0.7985632653061224, ""ap"": 0.7799145275003001, ""neg_fail"": 0.0, ""n_test"": 175}, ""hasMechanic"": {""auc"": 0.9230091331517385, ""ap"": 0.9138206268536367, ""neg_fail"": 0.0, ""n_test"": 158}, ""isVariationOf"": {""auc"": 0.7366863905325444, ""ap"": 0.6794287713235002, ""neg_fail"": 0.0, ""n_test"": 26}, ""recruits"": {""auc"": 0.7857087572346299, ""ap"": 0.7770759248910708, ""neg_fail"": 0.0, ""n_test"": 341}, ""requires"": {""auc"": 0.7224816326530612, ""ap"": 0.7332472612157228, ""neg_fail"": 0.0, ""n_test"": 175}, ""supportsGoal"": {""auc"": 0.9358126721763086, ""ap"": 0.9219947114409949, ""neg_fail"": 0.0, ""n_test"": 330}, ""targets"": {""auc"": 0.7629387755102041, ""ap"": 0.7299685487360705, ""neg_fail"": 0.0, ""n_test"": 175}}"
rgcn,R-GCN (relation-aware propagation),0.0,11,198912,0.8324964125960357,0.8185681581685744,0.7977206845483382,0.3212738633155823,0.43184421534937,0.6913831233978271,0.8769759450171821,0.26557740569114685,"{""hasForce"": {""auc"": 0.8509342560553633, ""ap"": 0.844365175910951, ""neg_fail"": 0.0, ""n_test"": 170}, ""hasIntensity"": {""auc"": 0.7112163265306123, ""ap"": 0.6405149739693754, ""neg_fail"": 0.0, ""n_test"": 175}, ""hasMechanic"": {""auc"": 0.8674491267425093, ""ap"": 0.8564429238831589, ""neg_fail"": 0.0, ""n_test"": 158}, ""isVariationOf"": {""auc"": 0.7056213017751479, ""ap"": 0.7427463180287501, ""neg_fail"": 0.0, ""n_test"": 26}, ""recruits"": {""auc"": 0.8206585770676207, ""ap"": 0.8044572999440067, ""neg_fail"": 0.0, ""n_test"": 341}, ""requires"": {""auc"": 0.694073469387755, ""ap"": 0.666412263640155, ""neg_fail"": 0.0, ""n_test"": 175}, ""supportsGoal"": {""auc"": 0.9208907254361799, ""ap"": 0.8958272717306592, ""neg_fail"": 0.0, ""n_test"": 330}, ""targets"": {""auc"": 0.773126530612245, ""ap"": 0.7686434021755052, ""neg_fail"": 0.0, ""n_test"": 175}}"
rgcn,R-GCN (relation-aware propagation),0.0,12,198912,0.8419590842488994,0.8122476586888658,0.8100214907640477,0.283835232257843,0.4547537227949599,0.6709365844726562,0.8815578465063001,0.2920166254043579,"{""hasForce"": {""auc"": 0.7906574394463667, ""ap"": 0.8051121656322748, ""neg_fail"": 0.0, ""n_test"": 170}, ""hasIntensity"": {""auc"": 0.6603428571428572, ""ap"": 0.6465300912855895, ""neg_fail"": 0.0, ""n_test"": 175}, ""hasMechanic"": {""auc"": 0.8466591892324947, ""ap"": 0.83444678318944, ""neg_fail"": 0.0, ""n_test"": 158}, ""isVariationOf"": {""auc"": 0.606508875739645, ""ap"": 0.5969833162247957, ""neg_fail"": 0.0, ""n_test"": 26}, ""recruits"": {""auc"": 0.793199232892734, ""ap"": 0.7922424188338596, ""neg_fail"": 0.0, ""n_test"": 341}, ""requires"": {""auc"": 0.7308734693877552, ""ap"": 0.6988630114566977, ""neg_fail"": 0.0, ""n_test"": 175}, ""supportsGoal"": {""auc"": 0.9518089990817263, ""ap"": 0.9432191355024161, ""neg_fail"": 0.0, ""n_test"": 330}, ""targets"": {""auc"": 0.7293714285714286, ""ap"": 0.7267355240602968, ""neg_fail"": 0.0, ""n_test"": 175}}"
rgcn,R-GCN (relation-aware propagation),0.0,13,198912,0.8546600924229655,0.8374160249739854,0.824929309012491,0.3019395172595978,0.43802978235967927,0.5880148410797119,0.8813287514318442,0.22386349737644196,"{""hasForce"": {""auc"": 0.9275086505190312, ""ap"": 0.9350207441678126, ""neg_fail"": 0.0, ""n_test"": 170}, ""hasIntensity"": {""auc"": 0.761795918367347, ""ap"": 0.7631631434037621, ""neg_fail"": 0.0, ""n_test"": 175}, ""hasMechanic"": {""auc"": 0.9029001762538055, ""ap"": 0.8942110333879675, ""neg_fail"": 0.0, ""n_test"": 158}, ""isVariationOf"": {""auc"": 0.7692307692307693, ""ap"": 0.7511761992970741, ""neg_fail"": 0.0, ""n_test"": 26}, ""recruits"": {""auc"": 0.7834039954936748, ""ap"": 0.7912297069923239, ""neg_fail"": 0.0, ""n_test"": 341}, ""requires"": {""auc"": 0.7308408163265305, ""ap"": 0.7162744411882431, ""neg_fail"": 0.0, ""n_test"": 175}, ""supportsGoal"": {""auc"": 0.9403122130394859, ""ap"": 0.9279938413680107, ""neg_fail"": 0.0, ""n_test"": 330}, ""targets"": {""auc"": 0.7480816326530612, ""ap"": 0.6906667594861036, ""neg_fail"": 0.0, ""n_test"": 175}}"
rgcn,R-GCN (relation-aware propagation),0.0,14,198912,0.8500322151399381,0.8229669094693028,0.776323603817775,0.3711434006690979,0.4043528064146621,0.698783278465271,0.8788087056128293,0.26221710443496704,"{""hasForce"": {""auc"": 0.903114186851211, ""ap"": 0.870134101727738, ""neg_fail"": 0.0, ""n_test"": 170}, ""hasIntensity"": {""auc"": 0.766595918367347, ""ap"": 0.6963842548971622, ""neg_fail"": 0.0, ""n_test"": 175}, ""hasMechanic"": {""auc"": 0.9034609838166962, ""ap"": 0.9064002716447019, ""neg_fail"": 0.0, ""n_test"": 158}, ""isVariationOf"": {""auc"": 0.7218934911242603, ""ap"": 0.658715793839756, ""neg_fail"": 0.0, ""n_test"": 26}, ""recruits"": {""auc"": 0.8201597853475633, ""ap"": 0.7962809146278209, ""neg_fail"": 0.0, ""n_test"": 341}, ""requires"": {""auc"": 0.7145142857142857, ""ap"": 0.6862560829987497, ""neg_fail"": 0.0, ""n_test"": 175}, ""supportsGoal"": {""auc"": 0.8893204775022957, ""ap"": 0.809736913195232, ""neg_fail"": 0.0, ""n_test"": 330}, ""targets"": {""auc"": 0.7556897959183674, ""ap"": 0.7477220705319113, ""neg_fail"": 0.0, ""n_test"": 175}}"
rgcn,R-GCN (relation-aware propagation),0.0,15,198912,0.8441140500066451,0.823335691987513,0.8095838676931901,0.2620745897293091,0.4327605956471936,0.6205992698669434,0.8765177548682703,0.2428584098815918,"{""hasForce"": {""auc"": 0.8778892733564014, ""ap"": 0.8559048347139028, ""neg_fail"": 0.0, ""n_test"": 170}, ""hasIntensity"": {""auc"": 0.7696979591836735, ""ap"": 0.727264585063742, ""neg_fail"": 0.0, ""n_test"": 175}, ""hasMechanic"": {""auc"": 0.8828713347219996, ""ap"": 0.8814102947675622, ""neg_fail"": 0.0, ""n_test"": 158}, ""isVariationOf"": {""auc"": 0.6227810650887574, ""ap"": 0.6196763793665161, ""neg_fail"": 0.0, ""n_test"": 26}, ""recruits"": {""auc"": 0.7770831004205331, ""ap"": 0.7741268319634604, ""neg_fail"": 0.0, ""n_test"": 341}, ""requires"": {""auc"": 0.6967183673469388, ""ap"": 0.6639080002985271, ""neg_fail"": 0.0, ""n_test"": 175}, ""supportsGoal"": {""auc"": 0.9381083562901746, ""ap"": 0.92612226450198, ""neg_fail"": 0.0, ""n_test"": 330}, ""targets"": {""auc"": 0.7161795918367346, ""ap"": 0.6935952122048259, ""neg_fail"": 0.0, ""n_test"": 175}}"
rgcn,R-GCN (relation-aware propagation),0.0,16,198912,0.8468594864755291,0.8119862643080125,0.7949137472358648,0.30488598346710205,0.4627720504009164,0.6896482706069946,0.8907216494845361,0.2800847291946411,"{""hasForce"": {""auc"": 0.7688581314878893, ""ap"": 0.7290728953098959, ""neg_fail"": 0.0, ""n_test"": 170}, ""hasIntensity"": {""auc"": 0.715265306122449, ""ap"": 0.6329000037145447, ""neg_fail"": 0.0, ""n_test"": 175}, ""hasMechanic"": {""auc"": 0.9006168883191796, ""ap"": 0.8961591059850943, ""neg_fail"": 0.0, ""n_test"": 158}, ""isVariationOf"": {""auc"": 0.7189349112426037, ""ap"": 0.6883890653663446, ""neg_fail"": 0.0, ""n_test"": 26}, ""recruits"": {""auc"": 0.7795426595918509, ""ap"": 0.7512452185446286, ""neg_fail"": 0.0, ""n_test"": 341}, ""requires"": {""auc"": 0.6982857142857143, ""ap"": 0.6858371044771872, ""neg_fail"": 0.0, ""n_test"": 175}, ""supportsGoal"": {""auc"": 0.9458494031221304, ""ap"": 0.9344925786104652, ""neg_fail"": 0.0, ""n_test"": 330}, ""targets"": {""auc"": 0.7379591836734694, ""ap"": 0.7112238587050743, ""neg_fail"": 0.0, ""n_test"": 175}}"
rgcn,R-GCN (relation-aware propagation),0.0,17,198912,0.8151826674135869,0.8143975026014568,0.7957922506490389,0.2447270154953003,0.4639175257731959,0.5298874974250793,0.8788087056128293,0.17955419421195984,"{""hasForce"": {""auc"": 0.8971626297577855, ""ap"": 0.8948639786759108, ""neg_fail"": 0.0, ""n_test"": 170}, ""hasIntensity"": {""auc"": 0.6858122448979591, ""ap"": 0.6300956759733016, ""neg_fail"": 0.0, ""n_test"": 175}, ""hasMechanic"": {""auc"": 0.8825909309405544, ""ap"": 0.8805863286175192, ""neg_fail"": 0.0, ""n_test"": 158}, ""isVariationOf"": {""auc"": 0.636094674556213, ""ap"": 0.6708680922626344, ""neg_fail"": 0.0, ""n_test"": 26}, ""recruits"": {""auc"": 0.7912556651559584, ""ap"": 0.7909819158178285, ""neg_fail"": 0.0, ""n_test"": 341}, ""requires"": {""auc"": 0.675657142857143, ""ap"": 0.6310691388158027, ""neg_fail"": 0.0, ""n_test"": 175}, ""supportsGoal"": {""auc"": 0.9224426078971533, ""ap"": 0.899211144889782, ""neg_fail"": 0.0, ""n_test"": 330}, ""targets"": {""auc"": 0.7590530612244898, ""ap"": 0.7349273302160217, ""neg_fail"": 0.0, ""n_test"": 175}}"
rgcn,R-GCN (relation-aware propagation),0.0,18,198912,0.8289922801421841,0.8194156087408948,0.8057063374983786,0.317686527967453,0.4586483390607102,0.7546051740646362,0.8781214203894616,0.30749890208244324,"{""hasForce"": {""auc"": 0.8050865051903113, ""ap"": 0.8093091263119225, ""neg_fail"": 0.0, ""n_test"": 170}, ""hasIntensity"": {""auc"": 0.7467102040816327, ""ap"": 0.7040564015864521, ""neg_fail"": 0.0, ""n_test"": 175}, ""hasMechanic"": {""auc"": 0.8694520108956898, ""ap"": 0.859462224278463, ""neg_fail"": 0.0, ""n_test"": 158}, ""isVariationOf"": {""auc"": 0.5236686390532544, ""ap"": 0.5450352096397318, ""neg_fail"": 0.0, ""n_test"": 26}, ""recruits"": {""auc"": 0.7778914870013158, ""ap"": 0.7682699361405189, ""neg_fail"": 0.0, ""n_test"": 341}, ""requires"": {""auc"": 0.7036408163265306, ""ap"": 0.6654458225145832, ""neg_fail"": 0.0, ""n_test"": 175}, ""supportsGoal"": {""auc"": 0.9401561065197428, ""ap"": 0.9217527609062935, ""neg_fail"": 0.0, ""n_test"": 330}, ""targets"": {""auc"": 0.7722775510204082, ""ap"": 0.7479543481378484, ""neg_fail"": 0.0, ""n_test"": 175}}"
rgcn,R-GCN (relation-aware propagation),0.0,19,198912,0.8432611478683334,0.8204711758584807,0.8083259513774533,0.30545729398727417,0.48018327605956473,0.6496689319610596,0.87262313860252,0.25182971358299255,"{""hasForce"": {""auc"": 0.8616955017301039, ""ap"": 0.8338743887184557, ""neg_fail"": 0.0, ""n_test"": 170}, ""hasIntensity"": {""auc"": 0.7059918367346938, ""ap"": 0.6785391594177574, ""neg_fail"": 0.0, ""n_test"": 175}, ""hasMechanic"": {""auc"": 0.885715430219516, ""ap"": 0.8764687285261485, ""neg_fail"": 0.0, ""n_test"": 158}, ""isVariationOf"": {""auc"": 0.7218934911242605, ""ap"": 0.7216830824507794, ""neg_fail"": 0.0, ""n_test"": 26}, ""recruits"": {""auc"": 0.7946956080529064, ""ap"": 0.7918240743022, ""neg_fail"": 0.0, ""n_test"": 341}, ""requires"": {""auc"": 0.7204897959183673, ""ap"": 0.6847401079713583, ""neg_fail"": 0.0, ""n_test"": 175}, ""supportsGoal"": {""auc"": 0.9366391184573002, ""ap"": 0.930293993033398, ""neg_fail"": 0.0, ""n_test"": 330}, ""targets"": {""auc"": 0.7313632653061224, ""ap"": 0.7172262822783346, ""neg_fail"": 0.0, ""n_test"": 175}}"
rgcn,R-GCN (relation-aware propagation),0.0,20,198912,0.8468729444974354,0.824460353798127,0.8200252498623597,0.26740342378616333,0.49072164948453606,0.4684390425682068,0.8733104238258877,0.21888437867164612,"{""hasForce"": {""auc"": 0.8096885813148789, ""ap"": 0.8193976362132298, ""neg_fail"": 0.0, ""n_test"": 170}, ""hasIntensity"": {""auc"": 0.7253877551020408, ""ap"": 0.6826952131616495, ""neg_fail"": 0.0, ""n_test"": 175}, ""hasMechanic"": {""auc"": 0.8931261015862842, ""ap"": 0.8848178082588642, ""neg_fail"": 0.0, ""n_test"": 158}, ""isVariationOf"": {""auc"": 0.8017751479289941, ""ap"": 0.7626120872383443, ""neg_fail"": 0.0, ""n_test"": 26}, ""recruits"": {""auc"": 0.8229633388085758, ""ap"": 0.805831555691545, ""neg_fail"": 0.0, ""n_test"": 341}, ""requires"": {""auc"": 0.5940897959183673, ""ap"": 0.5587207230933442, ""neg_fail"": 0.0, ""n_test"": 175}, ""supportsGoal"": {""auc"": 0.9600550964187328, ""ap"": 0.9605553901240644, ""neg_fail"": 0.0, ""n_test"": 330}, ""targets"": {""auc"": 0.7283265306122448, ""ap"": 0.7131982257726065, ""neg_fail"": 0.0, ""n_test"": 175}}"
rgcn,R-GCN (relation-aware propagation),0.0,21,198912,0.8390033661877292,0.8091492195629554,0.801352648935385,0.2553723454475403,0.4760595647193585,0.5772501230239868,0.8730813287514319,0.23035354912281036,"{""hasForce"": {""auc"": 0.8155017301038062, ""ap"": 0.8055386076926606, ""neg_fail"": 0.0, ""n_test"": 170}, ""hasIntensity"": {""auc"": 0.7318857142857143, ""ap"": 0.7279947512101327, ""neg_fail"": 0.0, ""n_test"": 175}, ""hasMechanic"": {""auc"": 0.8906024675532768, ""ap"": 0.8916283316768945, ""neg_fail"": 0.0, ""n_test"": 158}, ""isVariationOf"": {""auc"": 0.44378698224852076, ""ap"": 0.4822260563104619, ""neg_fail"": 0.0, ""n_test"": 26}, ""recruits"": {""auc"": 0.8003801136901127, ""ap"": 0.7856974744580195, ""neg_fail"": 0.0, ""n_test"": 341}, ""requires"": {""auc"": 0.6451591836734694, ""ap"": 0.6384413397100852, ""neg_fail"": 0.0, ""n_test"": 175}, ""supportsGoal"": {""auc"": 0.9334802571166207, ""ap"": 0.92903269927646, ""neg_fail"": 0.0, ""n_test"": 330}, ""targets"": {""auc"": 0.7261387755102041, ""ap"": 0.7113550030368962, ""neg_fail"": 0.0, ""n_test"": 175}}"
rgcn,R-GCN (relation-aware propagation),0.0,22,198912,0.8536170957252276,0.8395821019771073,0.8208286102088602,0.2942434251308441,0.4586483390607102,0.6812161207199097,0.8813287514318442,0.2973020076751709,"{""hasForce"": {""auc"": 0.8758823529411764, ""ap"": 0.8760826189112071, ""neg_fail"": 0.0, ""n_test"": 170}, ""hasIntensity"": {""auc"": 0.7512163265306122, ""ap"": 0.6972353500771264, ""neg_fail"": 0.0, ""n_test"": 175}, ""hasMechanic"": {""auc"": 0.8873177375420606, ""ap"": 0.8708611015766138, ""neg_fail"": 0.0, ""n_test"": 158}, ""isVariationOf"": {""auc"": 0.8002958579881656, ""ap"": 0.7290787532413617, ""neg_fail"": 0.0, ""n_test"": 26}, ""recruits"": {""auc"": 0.8322339849158504, ""ap"": 0.8033294358718136, ""neg_fail"": 0.0, ""n_test"": 341}, ""requires"": {""auc"": 0.7533387755102041, ""ap"": 0.7221364818000469, ""neg_fail"": 0.0, ""n_test"": 175}, ""supportsGoal"": {""auc"": 0.924435261707989, ""ap"": 0.9103258283253073, ""neg_fail"": 0.0, ""n_test"": 330}, ""targets"": {""auc"": 0.8056163265306123, ""ap"": 0.8003136581981289, ""neg_fail"": 0.0, ""n_test"": 175}}"
rgcn,R-GCN (relation-aware propagation),0.0,23,198912,0.832710058693798,0.8121157127991676,0.8039471687097719,0.3112243413925171,0.4435280641466208,0.6667929887771606,0.8788087056128293,0.2905319333076477,"{""hasForce"": {""auc"": 0.8604498269896194, ""ap"": 0.8500652856241515, ""neg_fail"": 0.0, ""n_test"": 170}, ""hasIntensity"": {""auc"": 0.7205877551020408, ""ap"": 0.6774418076487445, ""neg_fail"": 0.0, ""n_test"": 175}, ""hasMechanic"": {""auc"": 0.8868771030283609, ""ap"": 0.8875031980527125, ""neg_fail"": 0.0, ""n_test"": 158}, ""isVariationOf"": {""auc"": 0.5591715976331361, ""ap"": 0.571350941789732, ""neg_fail"": 0.0, ""n_test"": 26}, ""recruits"": {""auc"": 0.7704010113432116, ""ap"": 0.775863100706617, ""neg_fail"": 0.0, ""n_test"": 341}, ""requires"": {""auc"": 0.7141877551020408, ""ap"": 0.6827477151132322, ""neg_fail"": 0.0, ""n_test"": 175}, ""supportsGoal"": {""auc"": 0.935583103764922, ""ap"": 0.9280414485754452, ""neg_fail"": 0.0, ""n_test"": 330}, ""targets"": {""auc"": 0.7045551020408163, ""ap"": 0.6816473467443371, ""neg_fail"": 0.0, ""n_test"": 175}}"
rgcn,R-GCN (relation-aware propagation),0.0,24,198912,0.8426336675969525,0.8322938605619147,0.8125287887116899,0.3156217634677887,0.4437571592210767,0.6724857687950134,0.8827033218785796,0.2826218605041504,"{""hasForce"": {""auc"": 0.8754325259515572, ""ap"": 0.8796802126119864, ""neg_fail"": 0.0, ""n_test"": 170}, ""hasIntensity"": {""auc"": 0.7789714285714285, ""ap"": 0.7258265350164161, ""neg_fail"": 0.0, ""n_test"": 175}, ""hasMechanic"": {""auc"": 0.8917240826790578, ""ap"": 0.8814734191871068, ""neg_fail"": 0.0, ""n_test"": 158}, ""isVariationOf"": {""auc"": 0.7588757396449705, ""ap"": 0.7172672374370026, ""neg_fail"": 0.0, ""n_test"": 26}, ""recruits"": {""auc"": 0.8231267360961809, ""ap"": 0.827447058233097, ""neg_fail"": 0.0, ""n_test"": 341}, ""requires"": {""auc"": 0.6573061224489796, ""ap"": 0.6311680005205346, ""neg_fail"": 0.0, ""n_test"": 175}, ""supportsGoal"": {""auc"": 0.9308999081726353, ""ap"": 0.9124693661133959, ""neg_fail"": 0.0, ""n_test"": 330}, ""targets"": {""auc"": 0.8089469387755102, ""ap"": 0.7955700281743072, ""neg_fail"": 0.0, ""n_test"": 175}}"
rgcn,R-GCN (relation-aware propagation),0.0,25,198912,0.8504460493135568,0.8231250780437045,0.8083422076431882,0.2432575821876526,0.4655211912943872,0.5855259895324707,0.8735395189003436,0.21960115432739258,"{""hasForce"": {""auc"": 0.8666782006920415, ""ap"": 0.8620443243878657, ""neg_fail"": 0.0, ""n_test"": 170}, ""hasIntensity"": {""auc"": 0.7508244897959184, ""ap"": 0.684605543783569, ""neg_fail"": 0.0, ""n_test"": 175}, ""hasMechanic"": {""auc"": 0.8322384233295946, ""ap"": 0.8162925941910057, ""neg_fail"": 0.0, ""n_test"": 158}, ""isVariationOf"": {""auc"": 0.7603550295857988, ""ap"": 0.7769408525803452, ""neg_fail"": 0.0, ""n_test"": 26}, ""recruits"": {""auc"": 0.8064774124749529, ""ap"": 0.7982145968805818, ""neg_fail"": 0.0, ""n_test"": 341}, ""requires"": {""auc"": 0.7257142857142856, ""ap"": 0.7108490765734554, ""neg_fail"": 0.0, ""n_test"": 175}, ""supportsGoal"": {""auc"": 0.926556473829201, ""ap"": 0.909037710113769, ""neg_fail"": 0.0, ""n_test"": 330}, ""targets"": {""auc"": 0.764604081632653, ""ap"": 0.7457041927953066, ""neg_fail"": 0.0, ""n_test"": 175}}"
rgcn,R-GCN (relation-aware propagation),0.0,26,198912,0.838989908165823,0.8155554630593133,0.8033175400380879,0.3535037040710449,0.4563573883161512,0.7612094283103943,0.8943871706758305,0.3065180778503418,"{""hasForce"": {""auc"": 0.8361937716262976, ""ap"": 0.8193625337974546, ""neg_fail"": 0.0, ""n_test"": 170}, ""hasIntensity"": {""auc"": 0.6672653061224489, ""ap"": 0.6487835638550375, ""neg_fail"": 0.0, ""n_test"": 175}, ""hasMechanic"": {""auc"": 0.8349623457779202, ""ap"": 0.8249826662065578, ""neg_fail"": 0.0, ""n_test"": 158}, ""isVariationOf"": {""auc"": 0.6923076923076923, ""ap"": 0.6484191598171996, ""neg_fail"": 0.0, ""n_test"": 26}, ""recruits"": {""auc"": 0.7988063398147591, ""ap"": 0.8032623098935308, ""neg_fail"": 0.0, ""n_test"": 341}, ""requires"": {""auc"": 0.7223183673469389, ""ap"": 0.7124140342332961, ""neg_fail"": 0.0, ""n_test"": 175}, ""supportsGoal"": {""auc"": 0.9346189164370984, ""ap"": 0.909604029058997, ""neg_fail"": 0.0, ""n_test"": 330}, ""targets"": {""auc"": 0.7422693877551021, ""ap"": 0.7186020829593834, ""neg_fail"": 0.0, ""n_test"": 175}}"
rgcn,R-GCN (relation-aware propagation),0.0,27,198912,0.8561152410415837,0.8372749219562956,0.8265443572252079,0.2678053379058838,0.41649484536082476,0.6131942272186279,0.8762886597938144,0.22377143800258636,"{""hasForce"": {""auc"": 0.8769550173010381, ""ap"": 0.8502767816201117, ""neg_fail"": 0.0, ""n_test"": 170}, ""hasIntensity"": {""auc"": 0.6939428571428572, ""ap"": 0.6692710142616899, ""neg_fail"": 0.0, ""n_test"": 175}, ""hasMechanic"": {""auc"": 0.9265742669443999, ""ap"": 0.9251066430776764, ""neg_fail"": 0.0, ""n_test"": 158}, ""isVariationOf"": {""auc"": 0.6050295857988165, ""ap"": 0.6405770322291756, ""neg_fail"": 0.0, ""n_test"": 26}, ""recruits"": {""auc"": 0.8028310730041881, ""ap"": 0.7978884800283512, ""neg_fail"": 0.0, ""n_test"": 341}, ""requires"": {""auc"": 0.6904489795918367, ""ap"": 0.7009005552272924, ""neg_fail"": 0.0, ""n_test"": 175}, ""supportsGoal"": {""auc"": 0.9487511478420569, ""ap"": 0.9264662442690543, ""neg_fail"": 0.0, ""n_test"": 330}, ""targets"": {""auc"": 0.7771102040816326, ""ap"": 0.7481730819658969, ""neg_fail"": 0.0, ""n_test"": 175}}"
rgcn,R-GCN (relation-aware propagation),0.0,28,198912,0.8381218657528668,0.8267667013527574,0.8028528891389555,0.3378686308860779,0.427262313860252,0.6632671356201172,0.8744558991981672,0.24285386502742767,"{""hasForce"": {""auc"": 0.8078546712802769, ""ap"": 0.7916376839424982, ""neg_fail"": 0.0, ""n_test"": 170}, ""hasIntensity"": {""auc"": 0.7878530612244898, ""ap"": 0.716047694443773, ""neg_fail"": 0.0, ""n_test"": 175}, ""hasMechanic"": {""auc"": 0.8859958340009614, ""ap"": 0.8807492366941814, ""neg_fail"": 0.0, ""n_test"": 158}, ""isVariationOf"": {""auc"": 0.5502958579881656, ""ap"": 0.5355705134127883, ""neg_fail"": 0.0, ""n_test"": 26}, ""recruits"": {""auc"": 0.8268676739966119, ""ap"": 0.802965353828039, ""neg_fail"": 0.0, ""n_test"": 341}, ""requires"": {""auc"": 0.7280326530612246, ""ap"": 0.6701582629828139, ""neg_fail"": 0.0, ""n_test"": 175}, ""supportsGoal"": {""auc"": 0.9265197428833793, ""ap"": 0.9099411460684913, ""neg_fail"": 0.0, ""n_test"": 330}, ""targets"": {""auc"": 0.7516081632653062, ""ap"": 0.712021379236067, ""neg_fail"": 0.0, ""n_test"": 175}}"
rgcn,R-GCN (relation-aware propagation),0.0,29,198912,0.8617020023854344,0.8153448491155046,0.7870729496715818,0.364269495010376,0.44123711340206184,0.7085186243057251,0.8964490263459336,0.27932074666023254,"{""hasForce"": {""auc"": 0.8592387543252596, ""ap"": 0.8633204156972053, ""neg_fail"": 0.0, ""n_test"": 170}, ""hasIntensity"": {""auc"": 0.7770448979591836, ""ap"": 0.6806768769282002, ""neg_fail"": 0.0, ""n_test"": 175}, ""hasMechanic"": {""auc"": 0.8863964108315975, ""ap"": 0.8915517607066208, ""neg_fail"": 0.0, ""n_test"": 158}, ""isVariationOf"": {""auc"": 0.7721893491124261, ""ap"": 0.7515013941115644, ""neg_fail"": 0.0, ""n_test"": 26}, ""recruits"": {""auc"": 0.8002253162597501, ""ap"": 0.7653639228409685, ""neg_fail"": 0.0, ""n_test"": 341}, ""requires"": {""auc"": 0.6317061224489796, ""ap"": 0.619867268990593, ""neg_fail"": 0.0, ""n_test"": 175}, ""supportsGoal"": {""auc"": 0.9199173553719008, ""ap"": 0.8847009516073655, ""neg_fail"": 0.0, ""n_test"": 330}, ""targets"": {""auc"": 0.7485387755102042, ""ap"": 0.7330724040353704, ""neg_fail"": 0.0, ""n_test"": 175}}"
