model,label,lam,seed,params,val_auc,auc,ap,delta_muscle,retrieval_muscle,delta_type,retrieval_type,silhouette_type,per_relation
jaccard,Jaccard on target-muscle sets (no learning),,0,0,,,,,1.0,,0.5427262313860252,,{}
mf,Free embeddings (matrix factorization),0.0,0,59008,0.836222483634502,0.8257205724267671,0.7775019076861857,0.20661784708499908,0.4238258877434135,0.04754985123872757,0.7049255441008019,-0.06826858967542648,"{""hasForce"": {""auc"": 0.9241868512110727, ""ap"": 0.9218069252609932, ""neg_fail"": 0.0, ""n_test"": 170}, ""hasIntensity"": {""auc"": 0.8504163265306122, ""ap"": 0.8317435795609882, ""neg_fail"": 0.0, ""n_test"": 175}, ""hasMechanic"": {""auc"": 0.9256529402339368, ""ap"": 0.9222629044660695, ""neg_fail"": 0.0, ""n_test"": 158}, ""isVariationOf"": {""auc"": 0.9334319526627219, ""ap"": 0.9434705299399402, ""neg_fail"": 0.0, ""n_test"": 26}, ""recruits"": {""auc"": 0.8227483423775166, ""ap"": 0.7776804600191097, ""neg_fail"": 0.0, ""n_test"": 341}, ""requires"": {""auc"": 0.706938775510204, ""ap"": 0.7297132034487304, ""neg_fail"": 0.0, ""n_test"": 175}, ""targets"": {""auc"": 0.7222857142857143, ""ap"": 0.6333817768438148, ""neg_fail"": 0.0, ""n_test"": 175}}"
mf,Free embeddings (matrix factorization),0.0,1,59008,0.8676287183173762,0.8394319403386186,0.801759253983063,0.3492969274520874,0.4609392898052692,0.08923239260911942,0.7736540664375716,-0.1178298369050026,"{""hasForce"": {""auc"": 0.9219377162629757, ""ap"": 0.9209077890111899, ""neg_fail"": 0.0, ""n_test"": 170}, ""hasIntensity"": {""auc"": 0.8614857142857143, ""ap"": 0.8243311711453116, ""neg_fail"": 0.0, ""n_test"": 175}, ""hasMechanic"": {""auc"": 0.9207258452171125, ""ap"": 0.9187799573863452, ""neg_fail"": 0.0, ""n_test"": 158}, ""isVariationOf"": {""auc"": 0.9911242603550297, ""ap"": 0.9918540433925047, ""neg_fail"": 0.0, ""n_test"": 26}, ""recruits"": {""auc"": 0.8277620591498179, ""ap"": 0.7769553655744903, ""neg_fail"": 0.0, ""n_test"": 341}, ""requires"": {""auc"": 0.7306775510204083, ""ap"": 0.735757946266128, ""neg_fail"": 0.0, ""n_test"": 175}, ""targets"": {""auc"": 0.7938612244897959, ""ap"": 0.7666821958054841, ""neg_fail"": 0.0, ""n_test"": 175}}"
mf,Free embeddings (matrix factorization),0.0,2,59008,0.8824202964850941,0.8414885111529159,0.7984377078375957,0.38984569907188416,0.44581901489117987,0.10927586257457733,0.7649484536082474,-0.1209389716386795,"{""hasForce"": {""auc"": 0.9205190311418684, ""ap"": 0.9206852476483465, ""neg_fail"": 0.0, ""n_test"": 170}, ""hasIntensity"": {""auc"": 0.8706612244897959, ""ap"": 0.8487825898065071, ""neg_fail"": 0.0, ""n_test"": 175}, ""hasMechanic"": {""auc"": 0.9176414036212145, ""ap"": 0.9162989704301576, ""neg_fail"": 0.0, ""n_test"": 158}, ""isVariationOf"": {""auc"": 0.9718934911242604, ""ap"": 0.9727837466796276, ""neg_fail"": 0.0, ""n_test"": 26}, ""recruits"": {""auc"": 0.8797309964654587, ""ap"": 0.8309026208713988, ""neg_fail"": 0.0, ""n_test"": 341}, ""requires"": {""auc"": 0.6944979591836734, ""ap"": 0.6536417452684812, ""neg_fail"": 0.0, ""n_test"": 175}, ""targets"": {""auc"": 0.7376326530612245, ""ap"": 0.718832726792351, ""neg_fail"": 0.0, ""n_test"": 175}}"
mf,Free embeddings (matrix factorization),0.0,3,59008,0.849626670587851,0.8378443294813223,0.7795817238443715,0.25489041209220886,0.44627720504009166,0.06511890143156052,0.7189003436426117,-0.06787562370300293,"{""hasForce"": {""auc"": 0.9103806228373702, ""ap"": 0.9031760478566937, ""neg_fail"": 0.0, ""n_test"": 170}, ""hasIntensity"": {""auc"": 0.8875428571428571, ""ap"": 0.8741197205538866, ""neg_fail"": 0.0, ""n_test"": 175}, ""hasMechanic"": {""auc"": 0.9651498157346579, ""ap"": 0.965733198654932, ""neg_fail"": 0.0, ""n_test"": 158}, ""isVariationOf"": {""auc"": 0.8668639053254438, ""ap"": 0.7957847643052663, ""neg_fail"": 0.0, ""n_test"": 26}, ""recruits"": {""auc"": 0.8319931889130641, ""ap"": 0.7710373048110075, ""neg_fail"": 0.0, ""n_test"": 341}, ""requires"": {""auc"": 0.6965224489795917, ""ap"": 0.6607324389247506, ""neg_fail"": 0.0, ""n_test"": 175}, ""targets"": {""auc"": 0.7618285714285715, ""ap"": 0.6936618665923349, ""neg_fail"": 0.0, ""n_test"": 175}}"
mf,Free embeddings (matrix factorization),0.0,4,59008,0.8391415874260693,0.8305949341574845,0.7920640888719412,0.26498737931251526,0.45956471935853377,0.06854696571826935,0.7108820160366552,-0.08731264621019363,"{""hasForce"": {""auc"": 0.9053979238754325, ""ap"": 0.8805274346418993, ""neg_fail"": 0.0, ""n_test"": 170}, ""hasIntensity"": {""auc"": 0.8444408163265307, ""ap"": 0.8379562605247406, ""neg_fail"": 0.0, ""n_test"": 175}, ""hasMechanic"": {""auc"": 0.9263339208460183, ""ap"": 0.9256964166728937, ""neg_fail"": 0.0, ""n_test"": 158}, ""isVariationOf"": {""auc"": 0.9008875739644971, ""ap"": 0.9174977518408134, ""neg_fail"": 0.0, ""n_test"": 26}, ""recruits"": {""auc"": 0.858386150789897, ""ap"": 0.8140243044829739, ""neg_fail"": 0.0, ""n_test"": 341}, ""requires"": {""auc"": 0.6589061224489796, ""ap"": 0.6588096126059177, ""neg_fail"": 0.0, ""n_test"": 175}, ""targets"": {""auc"": 0.7759020408163265, ""ap"": 0.7023985757547024, ""neg_fail"": 0.0, ""n_test"": 175}}"
mf,Free embeddings (matrix factorization),0.0,5,59008,0.8378644795172587,0.8242921929588821,0.7846658188584703,0.24842320382595062,0.4446735395189003,0.05380075424909592,0.7379152348224514,-0.07829619199037552,"{""hasForce"": {""auc"": 0.8962975778546712, ""ap"": 0.8928363464962085, ""neg_fail"": 0.0, ""n_test"": 170}, ""hasIntensity"": {""auc"": 0.8468571428571429, ""ap"": 0.8407307701172138, ""neg_fail"": 0.0, ""n_test"": 175}, ""hasMechanic"": {""auc"": 0.9508492228809485, ""ap"": 0.95341418464547, ""neg_fail"": 0.0, ""n_test"": 158}, ""isVariationOf"": {""auc"": 0.8328402366863905, ""ap"": 0.859715239484528, ""neg_fail"": 0.0, ""n_test"": 26}, ""recruits"": {""auc"": 0.8211573687876781, ""ap"": 0.7714652033105303, ""neg_fail"": 0.0, ""n_test"": 341}, ""requires"": {""auc"": 0.6608979591836734, ""ap"": 0.6727942504310362, ""neg_fail"": 0.0, ""n_test"": 175}, ""targets"": {""auc"": 0.7696326530612245, ""ap"": 0.7112788513816447, ""neg_fail"": 0.0, ""n_test"": 175}}"
mf,Free embeddings (matrix factorization),0.0,6,59008,0.852971930856452,0.8413719430260682,0.7960975240850714,0.24979646503925323,0.44536082474226807,0.05819806084036827,0.7296678121420389,-0.07861761748790741,"{""hasForce"": {""auc"": 0.9058823529411765, ""ap"": 0.9030179465217056, ""neg_fail"": 0.0, ""n_test"": 170}, ""hasIntensity"": {""auc"": 0.8567510204081632, ""ap"": 0.8045882802467312, ""neg_fail"": 0.0, ""n_test"": 175}, ""hasMechanic"": {""auc"": 0.9492869732414678, ""ap"": 0.9501715334849972, ""neg_fail"": 0.0, ""n_test"": 158}, ""isVariationOf"": {""auc"": 0.9556213017751479, ""ap"": 0.9641846483792755, ""neg_fail"": 0.0, ""n_test"": 26}, ""recruits"": {""auc"": 0.8557115951875199, ""ap"": 0.8184771426877115, ""neg_fail"": 0.0, ""n_test"": 341}, ""requires"": {""auc"": 0.729665306122449, ""ap"": 0.720560260633465, ""neg_fail"": 0.0, ""n_test"": 175}, ""targets"": {""auc"": 0.7484081632653062, ""ap"": 0.6854954478503666, ""neg_fail"": 0.0, ""n_test"": 175}}"
mf,Free embeddings (matrix factorization),0.0,7,59008,0.8578066965112352,0.8322063961300725,0.7882027917334602,0.27917447686195374,0.42061855670103093,0.0749044269323349,0.7351660939289806,-0.07751025259494781,"{""hasForce"": {""auc"": 0.9156401384083045, ""ap"": 0.8976817066231741, ""neg_fail"": 0.0, ""n_test"": 170}, ""hasIntensity"": {""auc"": 0.8810775510204082, ""ap"": 0.8695997506777683, ""neg_fail"": 0.0, ""n_test"": 175}, ""hasMechanic"": {""auc"": 0.9172007691075148, ""ap"": 0.9176967668816612, ""neg_fail"": 0.0, ""n_test"": 158}, ""isVariationOf"": {""auc"": 0.9038461538461537, ""ap"": 0.9033758028950335, ""neg_fail"": 0.0, ""n_test"": 26}, ""recruits"": {""auc"": 0.8322597844875774, ""ap"": 0.8052071483065946, ""neg_fail"": 0.0, ""n_test"": 341}, ""requires"": {""auc"": 0.7004734693877551, ""ap"": 0.6957487393245874, ""neg_fail"": 0.0, ""n_test"": 175}, ""targets"": {""auc"": 0.7522285714285714, ""ap"": 0.6780381362000046, ""neg_fail"": 0.0, ""n_test"": 175}}"
mf,Free embeddings (matrix factorization),0.0,8,59008,0.8612731322637215,0.8286297366299382,0.7836318442848617,0.3340998589992523,0.4570446735395189,0.09364432096481323,0.7541809851088201,-0.0877542495727539,"{""hasForce"": {""auc"": 0.9368858131487889, ""ap"": 0.925823745549582, ""neg_fail"": 0.0, ""n_test"": 170}, ""hasIntensity"": {""auc"": 0.8302693877551021, ""ap"": 0.8105167647207727, ""neg_fail"": 0.0, ""n_test"": 175}, ""hasMechanic"": {""auc"": 0.906665598461785, ""ap"": 0.9109891058850079, ""neg_fail"": 0.0, ""n_test"": 158}, ""isVariationOf"": {""auc"": 0.8328402366863905, ""ap"": 0.8071193317875233, ""neg_fail"": 0.0, ""n_test"": 26}, ""recruits"": {""auc"": 0.8218711569387946, ""ap"": 0.7493536652886219, ""neg_fail"": 0.0, ""n_test"": 341}, ""requires"": {""auc"": 0.6834285714285715, ""ap"": 0.6998087131550602, ""neg_fail"": 0.0, ""n_test"": 175}, ""targets"": {""auc"": 0.8095673469387756, ""ap"": 0.7841591832670005, ""neg_fail"": 0.0, ""n_test"": 175}}"
mf,Free embeddings (matrix factorization),0.0,9,59008,0.846305917720485,0.8213588417092179,0.7627574609196163,0.1989368498325348,0.41008018327605955,0.051858216524124146,0.7060710194730814,-0.06359037756919861,"{""hasForce"": {""auc"": 0.8681314878892733, ""ap"": 0.8321848170208177, ""neg_fail"": 0.0, ""n_test"": 170}, ""hasIntensity"": {""auc"": 0.88, ""ap"": 0.8596987236174204, ""neg_fail"": 0.0, ""n_test"": 175}, ""hasMechanic"": {""auc"": 0.9409549751642365, ""ap"": 0.9377242461764843, ""neg_fail"": 0.0, ""n_test"": 158}, ""isVariationOf"": {""auc"": 0.8195266272189349, ""ap"": 0.7981277648403391, ""neg_fail"": 0.0, ""n_test"": 26}, ""recruits"": {""auc"": 0.8294304314548379, ""ap"": 0.7918021320156852, ""neg_fail"": 0.0, ""n_test"": 341}, ""requires"": {""auc"": 0.6852244897959183, ""ap"": 0.6394766538306148, ""neg_fail"": 0.0, ""n_test"": 175}, ""targets"": {""auc"": 0.7440979591836735, ""ap"": 0.6504196386685637, ""neg_fail"": 0.0, ""n_test"": 175}}"
mf,Free embeddings (matrix factorization),0.0,10,59008,0.8611941639708525,0.8499754770223058,0.8172137965010137,0.24571853876113892,0.43940435280641466,0.05568839609622955,0.7177548682703322,-0.0821349248290062,"{""hasForce"": {""auc"": 0.8956401384083045, ""ap"": 0.8904768584592153, ""neg_fail"": 0.0, ""n_test"": 170}, ""hasIntensity"": {""auc"": 0.8847673469387756, ""ap"": 0.8848180387650154, ""neg_fail"": 0.0, ""n_test"": 175}, ""hasMechanic"": {""auc"": 0.9623858356032688, ""ap"": 0.9606108121316869, ""neg_fail"": 0.0, ""n_test"": 158}, ""isVariationOf"": {""auc"": 0.8846153846153846, ""ap"": 0.9014295870744403, ""neg_fail"": 0.0, ""n_test"": 26}, ""recruits"": {""auc"": 0.8566403797696959, ""ap"": 0.8207809401356145, ""neg_fail"": 0.0, ""n_test"": 341}, ""requires"": {""auc"": 0.7025632653061225, ""ap"": 0.7084590787353396, ""neg_fail"": 0.0, ""n_test"": 175}, ""targets"": {""auc"": 0.7894857142857142, ""ap"": 0.7575944973138616, ""neg_fail"": 0.0, ""n_test"": 175}}"
mf,Free embeddings (matrix factorization),0.0,11,59008,0.8602928362143145,0.8543227626981995,0.8165374914497183,0.3271052837371826,0.4563573883161512,0.08163028955459595,0.7441008018327606,-0.09608065336942673,"{""hasForce"": {""auc"": 0.9187543252595155, ""ap"": 0.9054324453904137, ""neg_fail"": 0.0, ""n_test"": 170}, ""hasIntensity"": {""auc"": 0.8712489795918368, ""ap"": 0.8602352455187687, ""neg_fail"": 0.0, ""n_test"": 175}, ""hasMechanic"": {""auc"": 0.9385515141804198, ""ap"": 0.9336814769299733, ""neg_fail"": 0.0, ""n_test"": 158}, ""isVariationOf"": {""auc"": 0.8757396449704142, ""ap"": 0.8653023538951068, ""neg_fail"": 0.0, ""n_test"": 26}, ""recruits"": {""auc"": 0.8871182738366543, ""ap"": 0.864282443348753, ""neg_fail"": 0.0, ""n_test"": 341}, ""requires"": {""auc"": 0.7270857142857144, ""ap"": 0.7296275752082659, ""neg_fail"": 0.0, ""n_test"": 175}, ""targets"": {""auc"": 0.7869714285714287, ""ap"": 0.7413755690621888, ""neg_fail"": 0.0, ""n_test"": 175}}"
mf,Free embeddings (matrix factorization),0.0,12,59008,0.8358834645840821,0.8238709352324644,0.7945213417659804,0.24386319518089294,0.4327605956471936,0.05306632071733475,0.713631156930126,-0.08103901147842407,"{""hasForce"": {""auc"": 0.8895501730103806, ""ap"": 0.8900160532166678, ""neg_fail"": 0.0, ""n_test"": 170}, ""hasIntensity"": {""auc"": 0.8006530612244899, ""ap"": 0.8058500874614043, ""neg_fail"": 0.0, ""n_test"": 175}, ""hasMechanic"": {""auc"": 0.9188030764300593, ""ap"": 0.9156267286996775, ""neg_fail"": 0.0, ""n_test"": 158}, ""isVariationOf"": {""auc"": 0.8298816568047337, ""ap"": 0.8349506217328837, ""neg_fail"": 0.0, ""n_test"": 26}, ""recruits"": {""auc"": 0.8543528177432255, ""ap"": 0.8130672611905659, ""neg_fail"": 0.0, ""n_test"": 341}, ""requires"": {""auc"": 0.6869877551020409, ""ap"": 0.6779928769786221, ""neg_fail"": 0.0, ""n_test"": 175}, ""targets"": {""auc"": 0.7672816326530613, ""ap"": 0.7454021654080054, ""neg_fail"": 0.0, ""n_test"": 175}}"
mf,Free embeddings (matrix factorization),0.0,13,59008,0.8749455391083663,0.8568059661381349,0.811501941138743,0.3586096465587616,0.47056128293241695,0.0976819097995758,0.7489117983963345,-0.09971778839826584,"{""hasForce"": {""auc"": 0.9585467128027683, ""ap"": 0.9574737143780744, ""neg_fail"": 0.0, ""n_test"": 170}, ""hasIntensity"": {""auc"": 0.8550204081632653, ""ap"": 0.8309060799660725, ""neg_fail"": 0.0, ""n_test"": 175}, ""hasMechanic"": {""auc"": 0.9590610479089888, ""ap"": 0.9587426664460134, ""neg_fail"": 0.0, ""n_test"": 158}, ""isVariationOf"": {""auc"": 0.9541420118343196, ""ap"": 0.9626548718583959, ""neg_fail"": 0.0, ""n_test"": 26}, ""recruits"": {""auc"": 0.859830926806615, ""ap"": 0.8221218325986129, ""neg_fail"": 0.0, ""n_test"": 341}, ""requires"": {""auc"": 0.7485714285714286, ""ap"": 0.7055544214206425, ""neg_fail"": 0.0, ""n_test"": 175}, ""targets"": {""auc"": 0.7956571428571428, ""ap"": 0.7358478342571744, ""neg_fail"": 0.0, ""n_test"": 175}}"
mf,Free embeddings (matrix factorization),0.0,14,59008,0.8612990011872474,0.8392915210964795,0.796881846097653,0.2718367874622345,0.44994272623138604,0.0718359649181366,0.7397479954180985,-0.08398885279893875,"{""hasForce"": {""auc"": 0.9098269896193771, ""ap"": 0.9044041381624133, ""neg_fail"": 0.0, ""n_test"": 170}, ""hasIntensity"": {""auc"": 0.8713795918367347, ""ap"": 0.8627455913387818, ""neg_fail"": 0.0, ""n_test"": 175}, ""hasMechanic"": {""auc"": 0.9416760134593816, ""ap"": 0.9400739579121175, ""neg_fail"": 0.0, ""n_test"": 158}, ""isVariationOf"": {""auc"": 0.9186390532544378, ""ap"": 0.9242604087961417, ""neg_fail"": 0.0, ""n_test"": 26}, ""recruits"": {""auc"": 0.8549548077501914, ""ap"": 0.8050499560203724, ""neg_fail"": 0.0, ""n_test"": 341}, ""requires"": {""auc"": 0.7375020408163264, ""ap"": 0.7209497689937157, ""neg_fail"": 0.0, ""n_test"": 175}, ""targets"": {""auc"": 0.7262040816326532, ""ap"": 0.6972742174628096, ""neg_fail"": 0.0, ""n_test"": 175}}"
mf,Free embeddings (matrix factorization),0.0,15,59008,0.8267163349998367,0.8065472991131417,0.7629536616175099,0.15964549779891968,0.4054982817869416,0.0400727204978466,0.7010309278350515,-0.04459577798843384,"{""hasForce"": {""auc"": 0.8636678200692042, ""ap"": 0.8498762720241322, ""neg_fail"": 0.0, ""n_test"": 170}, ""hasIntensity"": {""auc"": 0.7976489795918368, ""ap"": 0.7859420738140566, ""neg_fail"": 0.0, ""n_test"": 175}, ""hasMechanic"": {""auc"": 0.917601345938151, ""ap"": 0.9211247458233911, ""neg_fail"": 0.0, ""n_test"": 158}, ""isVariationOf"": {""auc"": 0.8402366863905326, ""ap"": 0.8667853713523969, ""neg_fail"": 0.0, ""n_test"": 26}, ""recruits"": {""auc"": 0.8107773410961379, ""ap"": 0.7616459546143424, ""neg_fail"": 0.0, ""n_test"": 341}, ""requires"": {""auc"": 0.7003428571428572, ""ap"": 0.6881651287358541, ""neg_fail"": 0.0, ""n_test"": 175}, ""targets"": {""auc"": 0.7578448979591837, ""ap"": 0.676837760119248, ""neg_fail"": 0.0, ""n_test"": 175}}"
mf,Free embeddings (matrix factorization),0.0,16,59008,0.8683952553671209,0.8519033861865091,0.8103043969004189,0.36489570140838623,0.47720504009163806,0.09682866185903549,0.7617411225658648,-0.11669021844863892,"{""hasForce"": {""auc"": 0.9114186851211072, ""ap"": 0.8964364768959981, ""neg_fail"": 0.0, ""n_test"": 170}, ""hasIntensity"": {""auc"": 0.8336326530612245, ""ap"": 0.8141980211387669, ""neg_fail"": 0.0, ""n_test"": 175}, ""hasMechanic"": {""auc"": 0.9585002403460984, ""ap"": 0.9599769343271929, ""neg_fail"": 0.0, ""n_test"": 158}, ""isVariationOf"": {""auc"": 0.8609467455621302, ""ap"": 0.8219141706659907, ""neg_fail"": 0.0, ""n_test"": 26}, ""recruits"": {""auc"": 0.850293685124827, ""ap"": 0.7840768397709037, ""neg_fail"": 0.0, ""n_test"": 341}, ""requires"": {""auc"": 0.734791836734694, ""ap"": 0.7501135667305239, ""neg_fail"": 0.0, ""n_test"": 175}, ""targets"": {""auc"": 0.8398040816326531, ""ap"": 0.8193931476188879, ""neg_fail"": 0.0, ""n_test"": 175}}"
mf,Free embeddings (matrix factorization),0.0,17,59008,0.8469499177640537,0.8207733136253695,0.7657326206537458,0.2860228419303894,0.4437571592210767,0.07711305469274521,0.7399770904925544,-0.09136643260717392,"{""hasForce"": {""auc"": 0.9141522491349481, ""ap"": 0.8890371439675218, ""neg_fail"": 0.0, ""n_test"": 170}, ""hasIntensity"": {""auc"": 0.8144, ""ap"": 0.7961063103776056, ""neg_fail"": 0.0, ""n_test"": 175}, ""hasMechanic"": {""auc"": 0.9303396891523794, ""ap"": 0.9329625786305185, ""neg_fail"": 0.0, ""n_test"": 158}, ""isVariationOf"": {""auc"": 0.7973372781065089, ""ap"": 0.728649677625689, ""neg_fail"": 0.0, ""n_test"": 26}, ""recruits"": {""auc"": 0.8315631960509455, ""ap"": 0.772671548507603, ""neg_fail"": 0.0, ""n_test"": 341}, ""requires"": {""auc"": 0.699265306122449, ""ap"": 0.697884549926393, ""neg_fail"": 0.0, ""n_test"": 175}, ""targets"": {""auc"": 0.7544816326530612, ""ap"": 0.7032852327075054, ""neg_fail"": 0.0, ""n_test"": 175}}"
mf,Free embeddings (matrix factorization),0.0,18,59008,0.8384404034462851,0.833099973125504,0.7771574075532767,0.22822682559490204,0.43871706758304696,0.05126208811998367,0.7072164948453609,-0.06555411964654922,"{""hasForce"": {""auc"": 0.9035986159169551, ""ap"": 0.9071344795142476, ""neg_fail"": 0.0, ""n_test"": 170}, ""hasIntensity"": {""auc"": 0.851265306122449, ""ap"": 0.8110110534771637, ""neg_fail"": 0.0, ""n_test"": 175}, ""hasMechanic"": {""auc"": 0.9474843775036051, ""ap"": 0.9453198303763468, ""neg_fail"": 0.0, ""n_test"": 158}, ""isVariationOf"": {""auc"": 0.9289940828402368, ""ap"": 0.93352723803073, ""neg_fail"": 0.0, ""n_test"": 26}, ""recruits"": {""auc"": 0.8239351226769637, ""ap"": 0.7768713963128877, ""neg_fail"": 0.0, ""n_test"": 341}, ""requires"": {""auc"": 0.7279673469387755, ""ap"": 0.6866227941747128, ""neg_fail"": 0.0, ""n_test"": 175}, ""targets"": {""auc"": 0.7731265306122449, ""ap"": 0.6934387641222975, ""neg_fail"": 0.0, ""n_test"": 175}}"
mf,Free embeddings (matrix factorization),0.0,19,59008,0.8352122340946965,0.8235951357162054,0.7836546216542817,0.1742447316646576,0.40733104238258877,0.03625018522143364,0.7058419243986255,-0.05390520021319389,"{""hasForce"": {""auc"": 0.8671972318339101, ""ap"": 0.8441756963143872, ""neg_fail"": 0.0, ""n_test"": 170}, ""hasIntensity"": {""auc"": 0.8474448979591838, ""ap"": 0.8545995329659545, ""neg_fail"": 0.0, ""n_test"": 175}, ""hasMechanic"": {""auc"": 0.9554157987502003, ""ap"": 0.9554319331138497, ""neg_fail"": 0.0, ""n_test"": 158}, ""isVariationOf"": {""auc"": 0.8520710059171598, ""ap"": 0.8398841853621646, ""neg_fail"": 0.0, ""n_test"": 26}, ""recruits"": {""auc"": 0.8431644034709025, ""ap"": 0.8069632374113008, ""neg_fail"": 0.0, ""n_test"": 341}, ""requires"": {""auc"": 0.639934693877551, ""ap"": 0.6233403553353106, ""neg_fail"": 0.0, ""n_test"": 175}, ""targets"": {""auc"": 0.7680326530612245, ""ap"": 0.7055176074428521, ""neg_fail"": 0.0, ""n_test"": 175}}"
mf,Free embeddings (matrix factorization),0.0,20,59008,0.8626455467328911,0.8320461569470572,0.7783590290329931,0.2835668921470642,0.44604810996563576,0.07566767185926437,0.7269186712485681,-0.08465651422739029,"{""hasForce"": {""auc"": 0.8913148788927335, ""ap"": 0.8833019912362838, ""neg_fail"": 0.0, ""n_test"": 170}, ""hasIntensity"": {""auc"": 0.8317061224489795, ""ap"": 0.8073307790009157, ""neg_fail"": 0.0, ""n_test"": 175}, ""hasMechanic"": {""auc"": 0.9481653581156866, ""ap"": 0.9485337014626234, ""neg_fail"": 0.0, ""n_test"": 158}, ""isVariationOf"": {""auc"": 0.8550295857988165, ""ap"": 0.8439272397131927, ""neg_fail"": 0.0, ""n_test"": 26}, ""recruits"": {""auc"": 0.8320189884847913, ""ap"": 0.7732429764064015, ""neg_fail"": 0.0, ""n_test"": 341}, ""requires"": {""auc"": 0.7110857142857143, ""ap"": 0.7171980833918897, ""neg_fail"": 0.0, ""n_test"": 175}, ""targets"": {""auc"": 0.7914448979591836, ""ap"": 0.7114923282570615, ""neg_fail"": 0.0, ""n_test"": 175}}"
mf,Free embeddings (matrix factorization),0.0,21,59008,0.8599878552211656,0.8527015587207739,0.8081912058191488,0.31447792053222656,0.4735395189003436,0.08117160201072693,0.7507445589919817,-0.10740142315626144,"{""hasForce"": {""auc"": 0.9466782006920414, ""ap"": 0.9458780764946122, ""neg_fail"": 0.0, ""n_test"": 170}, ""hasIntensity"": {""auc"": 0.854008163265306, ""ap"": 0.792448854957271, ""neg_fail"": 0.0, ""n_test"": 175}, ""hasMechanic"": {""auc"": 0.971839448806281, ""ap"": 0.9714107912222233, ""neg_fail"": 0.0, ""n_test"": 158}, ""isVariationOf"": {""auc"": 0.955621301775148, ""ap"": 0.9604487015504648, ""neg_fail"": 0.0, ""n_test"": 26}, ""recruits"": {""auc"": 0.8790946070295234, ""ap"": 0.8416329306769583, ""neg_fail"": 0.0, ""n_test"": 341}, ""requires"": {""auc"": 0.660865306122449, ""ap"": 0.647766132512355, ""neg_fail"": 0.0, ""n_test"": 175}, ""targets"": {""auc"": 0.7794285714285715, ""ap"": 0.7195728850697376, ""neg_fail"": 0.0, ""n_test"": 175}}"
mf,Free embeddings (matrix factorization),0.0,22,59008,0.8667124138156389,0.8417498656275195,0.8021178210700876,0.27099159359931946,0.44994272623138604,0.06270278990268707,0.7374570446735396,-0.07668282836675644,"{""hasForce"": {""auc"": 0.9168858131487889, ""ap"": 0.9067003188241322, ""neg_fail"": 0.0, ""n_test"": 170}, ""hasIntensity"": {""auc"": 0.867265306122449, ""ap"": 0.8637098755606933, ""neg_fail"": 0.0, ""n_test"": 175}, ""hasMechanic"": {""auc"": 0.9374699567377023, ""ap"": 0.9332876680201555, ""neg_fail"": 0.0, ""n_test"": 158}, ""isVariationOf"": {""auc"": 0.9482248520710059, ""ap"": 0.9517295403620851, ""neg_fail"": 0.0, ""n_test"": 26}, ""recruits"": {""auc"": 0.8399996560057104, ""ap"": 0.7923183993923427, ""neg_fail"": 0.0, ""n_test"": 341}, ""requires"": {""auc"": 0.7258775510204083, ""ap"": 0.7050707432498399, ""neg_fail"": 0.0, ""n_test"": 175}, ""targets"": {""auc"": 0.785730612244898, ""ap"": 0.7407837550227747, ""neg_fail"": 0.0, ""n_test"": 175}}"
mf,Free embeddings (matrix factorization),0.0,23,59008,0.8481616726029038,0.8318093254501479,0.7885996284892989,0.29548779129981995,0.46368843069874,0.06902849674224854,0.7399770904925544,-0.08535754680633545,"{""hasForce"": {""auc"": 0.9317993079584775, ""ap"": 0.9336324561376967, ""neg_fail"": 0.0, ""n_test"": 170}, ""hasIntensity"": {""auc"": 0.8103836734693877, ""ap"": 0.7904801719686743, ""neg_fail"": 0.0, ""n_test"": 175}, ""hasMechanic"": {""auc"": 0.9315814773273514, ""ap"": 0.928269468581536, ""neg_fail"": 0.0, ""n_test"": 158}, ""isVariationOf"": {""auc"": 0.8979289940828403, ""ap"": 0.9124776017677321, ""neg_fail"": 0.0, ""n_test"": 26}, ""recruits"": {""auc"": 0.836619912109459, ""ap"": 0.7866187765812138, ""neg_fail"": 0.0, ""n_test"": 341}, ""requires"": {""auc"": 0.701322448979592, ""ap"": 0.7036989367428834, ""neg_fail"": 0.0, ""n_test"": 175}, ""targets"": {""auc"": 0.7819755102040816, ""ap"": 0.712724568647968, ""neg_fail"": 0.0, ""n_test"": 175}}"
mf,Free embeddings (matrix factorization),0.0,24,59008,0.8445250465640624,0.8288971378661649,0.7745186969429116,0.19845573604106903,0.4245131729667812,0.042112085968256,0.7120274914089347,-0.06370441615581512,"{""hasForce"": {""auc"": 0.8507612456747404, ""ap"": 0.8474666040483987, ""neg_fail"": 0.0, ""n_test"": 170}, ""hasIntensity"": {""auc"": 0.8613224489795919, ""ap"": 0.8411468368575261, ""neg_fail"": 0.0, ""n_test"": 175}, ""hasMechanic"": {""auc"": 0.9614645088928057, ""ap"": 0.9609835471792658, ""neg_fail"": 0.0, ""n_test"": 158}, ""isVariationOf"": {""auc"": 0.863905325443787, ""ap"": 0.8877575245741446, ""neg_fail"": 0.0, ""n_test"": 26}, ""recruits"": {""auc"": 0.8249499058315631, ""ap"": 0.7655232745045557, ""neg_fail"": 0.0, ""n_test"": 341}, ""requires"": {""auc"": 0.7078204081632653, ""ap"": 0.713397526111387, ""neg_fail"": 0.0, ""n_test"": 175}, ""targets"": {""auc"": 0.7694367346938776, ""ap"": 0.6749776140908703, ""neg_fail"": 0.0, ""n_test"": 175}}"
mf,Free embeddings (matrix factorization),0.0,25,59008,0.8676205491836313,0.8339324106423005,0.7951516925591197,0.37533241510391235,0.4652920962199313,0.10085785388946533,0.7434135166093929,-0.10145355761051178,"{""hasForce"": {""auc"": 0.9137024221453286, ""ap"": 0.9133724848720408, ""neg_fail"": 0.0, ""n_test"": 170}, ""hasIntensity"": {""auc"": 0.845126530612245, ""ap"": 0.820445673422749, ""neg_fail"": 0.0, ""n_test"": 175}, ""hasMechanic"": {""auc"": 0.9282566896330716, ""ap"": 0.9273974547927226, ""neg_fail"": 0.0, ""n_test"": 158}, ""isVariationOf"": {""auc"": 0.900887573964497, ""ap"": 0.88521021146213, ""neg_fail"": 0.0, ""n_test"": 26}, ""recruits"": {""auc"": 0.8479158245973117, ""ap"": 0.8031396919134709, ""neg_fail"": 0.0, ""n_test"": 341}, ""requires"": {""auc"": 0.6178938775510204, ""ap"": 0.6064497605369668, ""neg_fail"": 0.0, ""n_test"": 175}, ""targets"": {""auc"": 0.8324897959183674, ""ap"": 0.7974183590604591, ""neg_fail"": 0.0, ""n_test"": 175}}"
mf,Free embeddings (matrix factorization),0.0,26,59008,0.8534157871232668,0.8364478634775598,0.7897483758378523,0.24191012978553772,0.47857961053837345,0.05313294753432274,0.7445589919816724,-0.07822555303573608,"{""hasForce"": {""auc"": 0.8647404844290658, ""ap"": 0.8670946339694223, ""neg_fail"": 0.0, ""n_test"": 170}, ""hasIntensity"": {""auc"": 0.8633795918367347, ""ap"": 0.8410169046051094, ""neg_fail"": 0.0, ""n_test"": 175}, ""hasMechanic"": {""auc"": 0.9550953372856914, ""ap"": 0.9532437413491224, ""neg_fail"": 0.0, ""n_test"": 158}, ""isVariationOf"": {""auc"": 0.9023668639053254, ""ap"": 0.8731981843668573, ""neg_fail"": 0.0, ""n_test"": 26}, ""recruits"": {""auc"": 0.8363361168204608, ""ap"": 0.7995885712426563, ""neg_fail"": 0.0, ""n_test"": 341}, ""requires"": {""auc"": 0.7186285714285714, ""ap"": 0.7036752224809477, ""neg_fail"": 0.0, ""n_test"": 175}, ""targets"": {""auc"": 0.782073469387755, ""ap"": 0.7013732956987051, ""neg_fail"": 0.0, ""n_test"": 175}}"
mf,Free embeddings (matrix factorization),0.0,27,59008,0.8650404644424838,0.8407692824509541,0.7889522677824468,0.23570863902568817,0.44994272623138604,0.057494789361953735,0.7216494845360825,-0.0790192186832428,"{""hasForce"": {""auc"": 0.874878892733564, ""ap"": 0.8660697584189421, ""neg_fail"": 0.0, ""n_test"": 170}, ""hasIntensity"": {""auc"": 0.8612244897959185, ""ap"": 0.85253316952731, ""neg_fail"": 0.0, ""n_test"": 175}, ""hasMechanic"": {""auc"": 0.9658307963467393, ""ap"": 0.9668510961972353, ""neg_fail"": 0.0, ""n_test"": 158}, ""isVariationOf"": {""auc"": 0.8905325443786982, ""ap"": 0.8885736610755293, ""neg_fail"": 0.0, ""n_test"": 26}, ""recruits"": {""auc"": 0.8552300031819472, ""ap"": 0.7944200927356967, ""neg_fail"": 0.0, ""n_test"": 341}, ""requires"": {""auc"": 0.6956734693877551, ""ap"": 0.7035383302195144, ""neg_fail"": 0.0, ""n_test"": 175}, ""targets"": {""auc"": 0.7777306122448979, ""ap"": 0.6915858239028184, ""neg_fail"": 0.0, ""n_test"": 175}}"
mf,Free embeddings (matrix factorization),0.0,28,59008,0.8679582067117602,0.8482608841709217,0.8063081425465003,0.28347036242485046,0.47216494845360824,0.0638539269566536,0.7463917525773196,-0.09062789380550385,"{""hasForce"": {""auc"": 0.8925259515570935, ""ap"": 0.8856794519868306, ""neg_fail"": 0.0, ""n_test"": 170}, ""hasIntensity"": {""auc"": 0.881665306122449, ""ap"": 0.8218452323768438, ""neg_fail"": 0.0, ""n_test"": 175}, ""hasMechanic"": {""auc"": 0.9461224162794424, ""ap"": 0.9453877692675863, ""neg_fail"": 0.0, ""n_test"": 158}, ""isVariationOf"": {""auc"": 0.9097633136094675, ""ap"": 0.9239151723160208, ""neg_fail"": 0.0, ""n_test"": 26}, ""recruits"": {""auc"": 0.8597277285197066, ""ap"": 0.8002262485650369, ""neg_fail"": 0.0, ""n_test"": 341}, ""requires"": {""auc"": 0.7256816326530612, ""ap"": 0.7283655008736345, ""neg_fail"": 0.0, ""n_test"": 175}, ""targets"": {""auc"": 0.7815510204081633, ""ap"": 0.7596457927901347, ""neg_fail"": 0.0, ""n_test"": 175}}"
mf,Free embeddings (matrix factorization),0.0,29,59008,0.8569897831367295,0.8236986025262026,0.7717221130029654,0.27649617195129395,0.44810996563573885,0.07005231827497482,0.7395189003436426,-0.0742219015955925,"{""hasForce"": {""auc"": 0.9166089965397924, ""ap"": 0.9078849529892677, ""neg_fail"": 0.0, ""n_test"": 170}, ""hasIntensity"": {""auc"": 0.8061387755102041, ""ap"": 0.798252446164877, ""neg_fail"": 0.0, ""n_test"": 175}, ""hasMechanic"": {""auc"": 0.9477647812850505, ""ap"": 0.9465889507471221, ""neg_fail"": 0.0, ""n_test"": 158}, ""isVariationOf"": {""auc"": 0.8136094674556213, ""ap"": 0.8098967183691126, ""neg_fail"": 0.0, ""n_test"": 26}, ""recruits"": {""auc"": 0.8019366878509817, ""ap"": 0.7403973274170873, ""neg_fail"": 0.0, ""n_test"": 341}, ""requires"": {""auc"": 0.7101714285714286, ""ap"": 0.6858725868928118, ""neg_fail"": 0.0, ""n_test"": 175}, ""targets"": {""auc"": 0.8033632653061225, ""ap"": 0.7415287115397262, ""neg_fail"": 0.0, ""n_test"": 175}}"
distmult,"DistMult (relation types, no propagation)",0.0,0,59456,0.8456660022437887,0.8425678581026605,0.8296552888103914,0.3237731456756592,0.5379152348224513,0.07794474065303802,0.743184421534937,-0.10181237012147903,"{""hasForce"": {""auc"": 0.9557785467128028, ""ap"": 0.9446691786256888, ""neg_fail"": 0.0, ""n_test"": 170}, ""hasIntensity"": {""auc"": 0.8146612244897959, ""ap"": 0.7689754814732699, ""neg_fail"": 0.0, ""n_test"": 175}, ""hasMechanic"": {""auc"": 0.9355071302675854, ""ap"": 0.9362672189856853, ""neg_fail"": 0.0, ""n_test"": 158}, ""isVariationOf"": {""auc"": 0.650887573964497, ""ap"": 0.6845377967660083, ""neg_fail"": 0.0, ""n_test"": 26}, ""recruits"": {""auc"": 0.880599582046938, ""ap"": 0.875154522109484, ""neg_fail"": 0.0, ""n_test"": 341}, ""requires"": {""auc"": 0.6873142857142857, ""ap"": 0.6761700123396015, ""neg_fail"": 0.0, ""n_test"": 175}, ""targets"": {""auc"": 0.7996734693877551, ""ap"": 0.8111460329605183, ""neg_fail"": 0.0, ""n_test"": 175}}"
distmult,"DistMult (relation types, no propagation)",0.0,1,59456,0.8670010565412978,0.8379514915345337,0.8265445843381408,0.3362884521484375,0.550057273768614,0.0663519948720932,0.7633447880870561,-0.15100370347499847,"{""hasForce"": {""auc"": 0.8676816608996539, ""ap"": 0.8568372677396654, ""neg_fail"": 0.0, ""n_test"": 170}, ""hasIntensity"": {""auc"": 0.8795755102040816, ""ap"": 0.8391955445009641, ""neg_fail"": 0.0, ""n_test"": 175}, ""hasMechanic"": {""auc"": 0.9496474923890402, ""ap"": 0.947899984793159, ""neg_fail"": 0.0, ""n_test"": 158}, ""isVariationOf"": {""auc"": 0.8106508875739644, ""ap"": 0.8080688468832568, ""neg_fail"": 0.0, ""n_test"": 26}, ""recruits"": {""auc"": 0.8342377516533226, ""ap"": 0.8349103989397263, ""neg_fail"": 0.0, ""n_test"": 341}, ""requires"": {""auc"": 0.6854530612244898, ""ap"": 0.6907154348993785, ""neg_fail"": 0.0, ""n_test"": 175}, ""targets"": {""auc"": 0.8114285714285715, ""ap"": 0.8060262871086629, ""neg_fail"": 0.0, ""n_test"": 175}}"
distmult,"DistMult (relation types, no propagation)",0.0,2,59456,0.8753662494962369,0.8447178177909165,0.8347118019479933,0.2936553955078125,0.53631156930126,0.06285282224416733,0.7443298969072165,-0.09070762246847153,"{""hasForce"": {""auc"": 0.9284083044982699, ""ap"": 0.9324570794494936, ""neg_fail"": 0.0, ""n_test"": 170}, ""hasIntensity"": {""auc"": 0.8362775510204082, ""ap"": 0.7982717816740303, ""neg_fail"": 0.0, ""n_test"": 175}, ""hasMechanic"": {""auc"": 0.9311408428136517, ""ap"": 0.9324058822098038, ""neg_fail"": 0.0, ""n_test"": 158}, ""isVariationOf"": {""auc"": 0.7633136094674555, ""ap"": 0.7403399688536018, ""neg_fail"": 0.0, ""n_test"": 26}, ""recruits"": {""auc"": 0.8552816023254014, ""ap"": 0.8514231479578442, ""neg_fail"": 0.0, ""n_test"": 341}, ""requires"": {""auc"": 0.7400816326530614, ""ap"": 0.7343225167322139, ""neg_fail"": 0.0, ""n_test"": 175}, ""targets"": {""auc"": 0.8002938775510203, ""ap"": 0.7902663079776409, ""neg_fail"": 0.0, ""n_test"": 175}}"
distmult,"DistMult (relation types, no propagation)",0.0,3,59456,0.8533150344737445,0.8382753292125773,0.8370123867181558,0.3041622042655945,0.5525773195876289,0.0630427822470665,0.7301260022909507,-0.11701259016990662,"{""hasForce"": {""auc"": 0.8774048442906575, ""ap"": 0.8802293932307895, ""neg_fail"": 0.0, ""n_test"": 170}, ""hasIntensity"": {""auc"": 0.875526530612245, ""ap"": 0.8161655859652539, ""neg_fail"": 0.0, ""n_test"": 175}, ""hasMechanic"": {""auc"": 0.9670325268386476, ""ap"": 0.9662014371802808, ""neg_fail"": 0.0, ""n_test"": 158}, ""isVariationOf"": {""auc"": 0.7781065088757396, ""ap"": 0.7741347507901334, ""neg_fail"": 0.0, ""n_test"": 26}, ""recruits"": {""auc"": 0.839621262287046, ""ap"": 0.8514669603119569, ""neg_fail"": 0.0, ""n_test"": 341}, ""requires"": {""auc"": 0.6582530612244898, ""ap"": 0.6795578608989028, ""neg_fail"": 0.0, ""n_test"": 175}, ""targets"": {""auc"": 0.7919999999999999, ""ap"": 0.8099673039322155, ""neg_fail"": 0.0, ""n_test"": 175}}"
distmult,"DistMult (relation types, no propagation)",0.0,4,59456,0.8501290723131718,0.8434076861058856,0.8369184488341779,0.3246682286262512,0.5768613974799541,0.06840138137340546,0.7369988545246278,-0.12834100425243378,"{""hasForce"": {""auc"": 0.9039446366782008, ""ap"": 0.8910045624598968, ""neg_fail"": 0.0, ""n_test"": 170}, ""hasIntensity"": {""auc"": 0.8576653061224491, ""ap"": 0.8035423094514351, ""neg_fail"": 0.0, ""n_test"": 175}, ""hasMechanic"": {""auc"": 0.9687149495273194, ""ap"": 0.9687320884232409, ""neg_fail"": 0.0, ""n_test"": 158}, ""isVariationOf"": {""auc"": 0.8594674556213018, ""ap"": 0.8471032626214021, ""neg_fail"": 0.0, ""n_test"": 26}, ""recruits"": {""auc"": 0.841066038303764, ""ap"": 0.8575328348088951, ""neg_fail"": 0.0, ""n_test"": 341}, ""requires"": {""auc"": 0.6776489795918368, ""ap"": 0.6325250007714471, ""neg_fail"": 0.0, ""n_test"": 175}, ""targets"": {""auc"": 0.7773714285714286, ""ap"": 0.7940774594522458, ""neg_fail"": 0.0, ""n_test"": 175}}"
distmult,"DistMult (relation types, no propagation)",0.0,5,59456,0.8495953555751616,0.8377358237033055,0.8285405794933856,0.32288599014282227,0.5768613974799541,0.06786472350358963,0.7257731958762886,-0.1285179853439331,"{""hasForce"": {""auc"": 0.8875778546712804, ""ap"": 0.8773157000738226, ""neg_fail"": 0.0, ""n_test"": 170}, ""hasIntensity"": {""auc"": 0.8757551020408163, ""ap"": 0.8635564361030492, ""neg_fail"": 0.0, ""n_test"": 175}, ""hasMechanic"": {""auc"": 0.9760455055279602, ""ap"": 0.9762421564628354, ""neg_fail"": 0.0, ""n_test"": 158}, ""isVariationOf"": {""auc"": 0.8535502958579881, ""ap"": 0.830625252757075, ""neg_fail"": 0.0, ""n_test"": 26}, ""recruits"": {""auc"": 0.8286994435892365, ""ap"": 0.8228445406309437, ""neg_fail"": 0.0, ""n_test"": 341}, ""requires"": {""auc"": 0.6499918367346939, ""ap"": 0.6268046527750348, ""neg_fail"": 0.0, ""n_test"": 175}, ""targets"": {""auc"": 0.7797224489795918, ""ap"": 0.7890112992509297, ""neg_fail"": 0.0, ""n_test"": 175}}"
distmult,"DistMult (relation types, no propagation)",0.0,6,59456,0.8749441775860756,0.8520236495565707,0.8403802140388523,0.29709309339523315,0.53631156930126,0.06419455260038376,0.738831615120275,-0.09055811911821365,"{""hasForce"": {""auc"": 0.9276816608996541, ""ap"": 0.9221857069050083, ""neg_fail"": 0.0, ""n_test"": 170}, ""hasIntensity"": {""auc"": 0.8448326530612245, ""ap"": 0.8035730486719205, ""neg_fail"": 0.0, ""n_test"": 175}, ""hasMechanic"": {""auc"": 0.9695161031885916, ""ap"": 0.9682425366326357, ""neg_fail"": 0.0, ""n_test"": 158}, ""isVariationOf"": {""auc"": 0.8846153846153847, ""ap"": 0.8909038646390189, ""neg_fail"": 0.0, ""n_test"": 26}, ""recruits"": {""auc"": 0.8552300031819471, ""ap"": 0.855005337032043, ""neg_fail"": 0.0, ""n_test"": 341}, ""requires"": {""auc"": 0.7213387755102041, ""ap"": 0.7047426986828422, ""neg_fail"": 0.0, ""n_test"": 175}, ""targets"": {""auc"": 0.7962122448979592, ""ap"": 0.8070316247077032, ""neg_fail"": 0.0, ""n_test"": 175}}"
distmult,"DistMult (relation types, no propagation)",0.0,7,59456,0.8694463505756516,0.8549395323837677,0.8349351068648012,0.3733871281147003,0.5434135166093929,0.08441954106092453,0.7489117983963345,-0.1219354122877121,"{""hasForce"": {""auc"": 0.9215570934256054, ""ap"": 0.9052898377146348, ""neg_fail"": 0.0, ""n_test"": 170}, ""hasIntensity"": {""auc"": 0.9092897959183673, ""ap"": 0.8738089461238905, ""neg_fail"": 0.0, ""n_test"": 175}, ""hasMechanic"": {""auc"": 0.9474843775036051, ""ap"": 0.9474338093562851, ""neg_fail"": 0.0, ""n_test"": 158}, ""isVariationOf"": {""auc"": 0.8032544378698225, ""ap"": 0.8022188368114225, ""neg_fail"": 0.0, ""n_test"": 26}, ""recruits"": {""auc"": 0.8561587877641229, ""ap"": 0.8583981264333598, ""neg_fail"": 0.0, ""n_test"": 341}, ""requires"": {""auc"": 0.7116734693877551, ""ap"": 0.6865198140469702, ""neg_fail"": 0.0, ""n_test"": 175}, ""targets"": {""auc"": 0.8264489795918368, ""ap"": 0.8169818878116211, ""neg_fail"": 0.0, ""n_test"": 175}}"
distmult,"DistMult (relation types, no propagation)",0.0,8,59456,0.864700083869773,0.8444188390217683,0.8275467280346694,0.34356170892715454,0.5230240549828179,0.07203628867864609,0.752348224513173,-0.1341443508863449,"{""hasForce"": {""auc"": 0.922076124567474, ""ap"": 0.8857165262366713, ""neg_fail"": 0.0, ""n_test"": 170}, ""hasIntensity"": {""auc"": 0.8722612244897959, ""ap"": 0.8433249435462398, ""neg_fail"": 0.0, ""n_test"": 175}, ""hasMechanic"": {""auc"": 0.9585803557122257, ""ap"": 0.9571926002298344, ""neg_fail"": 0.0, ""n_test"": 158}, ""isVariationOf"": {""auc"": 0.7899408284023668, ""ap"": 0.7717941633568776, ""neg_fail"": 0.0, ""n_test"": 26}, ""recruits"": {""auc"": 0.8530972385858395, ""ap"": 0.8514562621532871, ""neg_fail"": 0.0, ""n_test"": 341}, ""requires"": {""auc"": 0.6648163265306123, ""ap"": 0.6348879453157807, ""neg_fail"": 0.0, ""n_test"": 175}, ""targets"": {""auc"": 0.7927183673469388, ""ap"": 0.808537647278894, ""neg_fail"": 0.0, ""n_test"": 175}}"
distmult,"DistMult (relation types, no propagation)",0.0,9,59456,0.8686838980927796,0.8610051061542596,0.8423397047621216,0.3324907422065735,0.5608247422680412,0.07089509814977646,0.7292096219931271,-0.09501118212938309,"{""hasForce"": {""auc"": 0.9440484429065743, ""ap"": 0.9231729944027735, ""neg_fail"": 0.0, ""n_test"": 170}, ""hasIntensity"": {""auc"": 0.8840163265306122, ""ap"": 0.8121031014257869, ""neg_fail"": 0.0, ""n_test"": 175}, ""hasMechanic"": {""auc"": 0.9696763339208461, ""ap"": 0.9698662770520619, ""neg_fail"": 0.0, ""n_test"": 158}, ""isVariationOf"": {""auc"": 0.9053254437869822, ""ap"": 0.8979466840806059, ""neg_fail"": 0.0, ""n_test"": 26}, ""recruits"": {""auc"": 0.8520566558595128, ""ap"": 0.8543082432358716, ""neg_fail"": 0.0, ""n_test"": 341}, ""requires"": {""auc"": 0.7170938775510204, ""ap"": 0.6997166359477451, ""neg_fail"": 0.0, ""n_test"": 175}, ""targets"": {""auc"": 0.8226285714285714, ""ap"": 0.820933611520823, ""neg_fail"": 0.0, ""n_test"": 175}}"
distmult,"DistMult (relation types, no propagation)",0.0,10,59456,0.8775256238495137,0.8725907014243484,0.8679079524305605,0.31357985734939575,0.5347079037800687,0.06670168042182922,0.7253150057273768,-0.12475161254405975,"{""hasForce"": {""auc"": 0.9384083044982698, ""ap"": 0.9353983042328442, ""neg_fail"": 0.0, ""n_test"": 170}, ""hasIntensity"": {""auc"": 0.8813714285714286, ""ap"": 0.8431055941236919, ""neg_fail"": 0.0, ""n_test"": 175}, ""hasMechanic"": {""auc"": 0.9744832558884795, ""ap"": 0.9742753226088952, ""neg_fail"": 0.0, ""n_test"": 158}, ""isVariationOf"": {""auc"": 0.7825443786982249, ""ap"": 0.7758290547799868, ""neg_fail"": 0.0, ""n_test"": 26}, ""recruits"": {""auc"": 0.869204771200798, ""ap"": 0.8769628396115952, ""neg_fail"": 0.0, ""n_test"": 341}, ""requires"": {""auc"": 0.7248979591836735, ""ap"": 0.7168845922979721, ""neg_fail"": 0.0, ""n_test"": 175}, ""targets"": {""auc"": 0.8257959183673469, ""ap"": 0.8424948055040067, ""neg_fail"": 0.0, ""n_test"": 175}}"
distmult,"DistMult (relation types, no propagation)",0.0,11,59456,0.8732014290537964,0.864059392636388,0.8457600476509584,0.32323551177978516,0.5337915234822451,0.07276081293821335,0.7482245131729668,-0.11552604287862778,"{""hasForce"": {""auc"": 0.937923875432526, ""ap"": 0.9311825592399391, ""neg_fail"": 0.0, ""n_test"": 170}, ""hasIntensity"": {""auc"": 0.8803265306122449, ""ap"": 0.8374648582199227, ""neg_fail"": 0.0, ""n_test"": 175}, ""hasMechanic"": {""auc"": 0.9794103509053036, ""ap"": 0.9794927441266045, ""neg_fail"": 0.0, ""n_test"": 158}, ""isVariationOf"": {""auc"": 0.6908284023668638, ""ap"": 0.7267548511980568, ""neg_fail"": 0.0, ""n_test"": 26}, ""recruits"": {""auc"": 0.8716299309431462, ""ap"": 0.8652633120699922, ""neg_fail"": 0.0, ""n_test"": 341}, ""requires"": {""auc"": 0.7089959183673469, ""ap"": 0.6895062953039821, ""neg_fail"": 0.0, ""n_test"": 175}, ""targets"": {""auc"": 0.8302367346938776, ""ap"": 0.8297189849558351, ""neg_fail"": 0.0, ""n_test"": 175}}"
distmult,"DistMult (relation types, no propagation)",0.0,12,59456,0.8528303325382044,0.8488605213652243,0.8329129491856186,0.3421175181865692,0.5331042382588774,0.06906615197658539,0.7184421534936999,-0.12636831402778625,"{""hasForce"": {""auc"": 0.8751903114186851, ""ap"": 0.8815382648866287, ""neg_fail"": 0.0, ""n_test"": 170}, ""hasIntensity"": {""auc"": 0.8762122448979591, ""ap"": 0.8244289728612682, ""neg_fail"": 0.0, ""n_test"": 175}, ""hasMechanic"": {""auc"": 0.9423970517545265, ""ap"": 0.9430712924273035, ""neg_fail"": 0.0, ""n_test"": 158}, ""isVariationOf"": {""auc"": 0.8150887573964497, ""ap"": 0.769230681996459, ""neg_fail"": 0.0, ""n_test"": 26}, ""recruits"": {""auc"": 0.8562103869075774, ""ap"": 0.8463186735106704, ""neg_fail"": 0.0, ""n_test"": 341}, ""requires"": {""auc"": 0.7339755102040817, ""ap"": 0.7197057548999672, ""neg_fail"": 0.0, ""n_test"": 175}, ""targets"": {""auc"": 0.814465306122449, ""ap"": 0.8112607155582069, ""neg_fail"": 0.0, ""n_test"": 175}}"
distmult,"DistMult (relation types, no propagation)",0.0,13,59456,0.8828818525416899,0.8630489115829078,0.8347064548283327,0.3824255168437958,0.5216494845360825,0.07685288041830063,0.7402061855670103,-0.1343631148338318,"{""hasForce"": {""auc"": 0.943840830449827, ""ap"": 0.9271003374885319, ""neg_fail"": 0.0, ""n_test"": 170}, ""hasIntensity"": {""auc"": 0.8819265306122449, ""ap"": 0.8541511050454915, ""neg_fail"": 0.0, ""n_test"": 175}, ""hasMechanic"": {""auc"": 0.9696763339208461, ""ap"": 0.9694999894634342, ""neg_fail"": 0.0, ""n_test"": 158}, ""isVariationOf"": {""auc"": 0.8313609467455622, ""ap"": 0.7633497176913169, ""neg_fail"": 0.0, ""n_test"": 26}, ""recruits"": {""auc"": 0.8469139412285756, ""ap"": 0.8228749470996191, ""neg_fail"": 0.0, ""n_test"": 341}, ""requires"": {""auc"": 0.752065306122449, ""ap"": 0.7415089906911916, ""neg_fail"": 0.0, ""n_test"": 175}, ""targets"": {""auc"": 0.8133877551020409, ""ap"": 0.8074897857456828, ""neg_fail"": 0.0, ""n_test"": 175}}"
distmult,"DistMult (relation types, no propagation)",0.0,14,59456,0.8727303423411648,0.8699885783391562,0.8576443759664076,0.28188350796699524,0.5342497136311569,0.06940217316150665,0.7376861397479955,-0.09398751705884933,"{""hasForce"": {""auc"": 0.9333910034602075, ""ap"": 0.9221574375866044, ""neg_fail"": 0.0, ""n_test"": 170}, ""hasIntensity"": {""auc"": 0.8918530612244897, ""ap"": 0.844229877391956, ""neg_fail"": 0.0, ""n_test"": 175}, ""hasMechanic"": {""auc"": 0.9758051594295786, ""ap"": 0.9700858709229785, ""neg_fail"": 0.0, ""n_test"": 158}, ""isVariationOf"": {""auc"": 0.6982248520710059, ""ap"": 0.6729237454581319, ""neg_fail"": 0.0, ""n_test"": 26}, ""recruits"": {""auc"": 0.8839793259431894, ""ap"": 0.8864405753804289, ""neg_fail"": 0.0, ""n_test"": 341}, ""requires"": {""auc"": 0.696065306122449, ""ap"": 0.6759833762915968, ""neg_fail"": 0.0, ""n_test"": 175}, ""targets"": {""auc"": 0.7938612244897959, ""ap"": 0.8074654985796758, ""neg_fail"": 0.0, ""n_test"": 175}}"
distmult,"DistMult (relation types, no propagation)",0.0,15,59456,0.8780538944983607,0.8539713786616501,0.828092548066373,0.31703031063079834,0.5388316151202749,0.0726848915219307,0.7241695303550973,-0.08885123580694199,"{""hasForce"": {""auc"": 0.9572664359861591, ""ap"": 0.9474245282944094, ""neg_fail"": 0.0, ""n_test"": 170}, ""hasIntensity"": {""auc"": 0.8921142857142857, ""ap"": 0.8247075731484067, ""neg_fail"": 0.0, ""n_test"": 175}, ""hasMechanic"": {""auc"": 0.9938711744912674, ""ap"": 0.9940446049369492, ""neg_fail"": 0.0, ""n_test"": 158}, ""isVariationOf"": {""auc"": 0.7218934911242604, ""ap"": 0.6997355589299262, ""neg_fail"": 0.0, ""n_test"": 26}, ""recruits"": {""auc"": 0.8311246033315847, ""ap"": 0.8266453861159759, ""neg_fail"": 0.0, ""n_test"": 341}, ""requires"": {""auc"": 0.6633142857142856, ""ap"": 0.651598653091393, ""neg_fail"": 0.0, ""n_test"": 175}, ""targets"": {""auc"": 0.8216489795918368, ""ap"": 0.8163930384590872, ""neg_fail"": 0.0, ""n_test"": 175}}"
distmult,"DistMult (relation types, no propagation)",0.0,16,59456,0.8689562025509482,0.829668771835528,0.8156252258777126,0.32480525970458984,0.5411225658648339,0.07896961271762848,0.761282932416953,-0.11790801584720612,"{""hasForce"": {""auc"": 0.8996193771626299, ""ap"": 0.8819964777422615, ""neg_fail"": 0.0, ""n_test"": 170}, ""hasIntensity"": {""auc"": 0.8007183673469388, ""ap"": 0.7707001575225928, ""neg_fail"": 0.0, ""n_test"": 175}, ""hasMechanic"": {""auc"": 0.9554558564332639, ""ap"": 0.9543772559925583, ""neg_fail"": 0.0, ""n_test"": 158}, ""isVariationOf"": {""auc"": 0.8002958579881657, ""ap"": 0.7844025705141953, ""neg_fail"": 0.0, ""n_test"": 26}, ""recruits"": {""auc"": 0.8455895632132506, ""ap"": 0.8267622733626323, ""neg_fail"": 0.0, ""n_test"": 341}, ""requires"": {""auc"": 0.6733061224489796, ""ap"": 0.6894223430039307, ""neg_fail"": 0.0, ""n_test"": 175}, ""targets"": {""auc"": 0.7705469387755102, ""ap"": 0.7759729191032514, ""neg_fail"": 0.0, ""n_test"": 175}}"
distmult,"DistMult (relation types, no propagation)",0.0,17,59456,0.8626469082551819,0.8605072561139477,0.8455921860322836,0.31944218277931213,0.5285223367697595,0.07160185277462006,0.7514318442153494,-0.12709783017635345,"{""hasForce"": {""auc"": 0.9386851211072664, ""ap"": 0.9253563343686277, ""neg_fail"": 0.0, ""n_test"": 170}, ""hasIntensity"": {""auc"": 0.827395918367347, ""ap"": 0.7659571913002391, ""neg_fail"": 0.0, ""n_test"": 175}, ""hasMechanic"": {""auc"": 0.9836164076269829, ""ap"": 0.984222466153217, ""neg_fail"": 0.0, ""n_test"": 158}, ""isVariationOf"": {""auc"": 0.8047337278106509, ""ap"": 0.7768490986228463, ""neg_fail"": 0.0, ""n_test"": 26}, ""recruits"": {""auc"": 0.8597965273776456, ""ap"": 0.8647183999485654, ""neg_fail"": 0.0, ""n_test"": 341}, ""requires"": {""auc"": 0.7124244897959184, ""ap"": 0.6885724945307703, ""neg_fail"": 0.0, ""n_test"": 175}, ""targets"": {""auc"": 0.8472489795918368, ""ap"": 0.8545533649695031, ""neg_fail"": 0.0, ""n_test"": 175}}"
distmult,"DistMult (relation types, no propagation)",0.0,18,59456,0.8509541548214226,0.8408445310400429,0.8279083949604402,0.32397809624671936,0.5555555555555556,0.0676552876830101,0.7358533791523483,-0.11768969148397446,"{""hasForce"": {""auc"": 0.892560553633218, ""ap"": 0.862365293405233, ""neg_fail"": 0.0, ""n_test"": 170}, ""hasIntensity"": {""auc"": 0.8595918367346939, ""ap"": 0.8147081171562042, ""neg_fail"": 0.0, ""n_test"": 175}, ""hasMechanic"": {""auc"": 0.968234257330556, ""ap"": 0.9678473895844715, ""neg_fail"": 0.0, ""n_test"": 158}, ""isVariationOf"": {""auc"": 0.7825443786982249, ""ap"": 0.7577383380191942, ""neg_fail"": 0.0, ""n_test"": 26}, ""recruits"": {""auc"": 0.8577239617822344, ""ap"": 0.853249125100443, ""neg_fail"": 0.0, ""n_test"": 341}, ""requires"": {""auc"": 0.6467591836734694, ""ap"": 0.6350710476196287, ""neg_fail"": 0.0, ""n_test"": 175}, ""targets"": {""auc"": 0.7631673469387755, ""ap"": 0.7831784846592431, ""neg_fail"": 0.0, ""n_test"": 175}}"
distmult,"DistMult (relation types, no propagation)",0.0,19,59456,0.8608496988312693,0.8360662456328944,0.8250809285019027,0.37098389863967896,0.5388316151202749,0.09903930127620697,0.7424971363115693,-0.11140408366918564,"{""hasForce"": {""auc"": 0.9152941176470588, ""ap"": 0.9174485180086528, ""neg_fail"": 0.0, ""n_test"": 170}, ""hasIntensity"": {""auc"": 0.862204081632653, ""ap"": 0.8557876387318334, ""neg_fail"": 0.0, ""n_test"": 175}, ""hasMechanic"": {""auc"": 0.9443598782246434, ""ap"": 0.9461034230837869, ""neg_fail"": 0.0, ""n_test"": 158}, ""isVariationOf"": {""auc"": 0.7677514792899408, ""ap"": 0.7528135675726324, ""neg_fail"": 0.0, ""n_test"": 26}, ""recruits"": {""auc"": 0.8456841616429168, ""ap"": 0.844121381101024, ""neg_fail"": 0.0, ""n_test"": 341}, ""requires"": {""auc"": 0.6777469387755102, ""ap"": 0.653280994690763, ""neg_fail"": 0.0, ""n_test"": 175}, ""targets"": {""auc"": 0.815869387755102, ""ap"": 0.8175860326330673, ""neg_fail"": 0.0, ""n_test"": 175}}"
distmult,"DistMult (relation types, no propagation)",0.0,20,59456,0.8809512139332745,0.8483888739586133,0.8280709165236138,0.37089383602142334,0.5262313860252005,0.08514358103275299,0.7452462772050401,-0.11276167631149292,"{""hasForce"": {""auc"": 0.9475432525951557, ""ap"": 0.9365374434616447, ""neg_fail"": 0.0, ""n_test"": 170}, ""hasIntensity"": {""auc"": 0.8443755102040816, ""ap"": 0.7905635005763703, ""neg_fail"": 0.0, ""n_test"": 175}, ""hasMechanic"": {""auc"": 0.9606633552315333, ""ap"": 0.9583824035206259, ""neg_fail"": 0.0, ""n_test"": 158}, ""isVariationOf"": {""auc"": 0.8372781065088757, ""ap"": 0.8059133764646731, ""neg_fail"": 0.0, ""n_test"": 26}, ""recruits"": {""auc"": 0.8552730024681591, ""ap"": 0.8511328982498242, ""neg_fail"": 0.0, ""n_test"": 341}, ""requires"": {""auc"": 0.6700408163265306, ""ap"": 0.646513037710143, ""neg_fail"": 0.0, ""n_test"": 175}, ""targets"": {""auc"": 0.8248489795918368, ""ap"": 0.8210798687545326, ""neg_fail"": 0.0, ""n_test"": 175}}"
distmult,"DistMult (relation types, no propagation)",0.0,21,59456,0.8767849557232952,0.8668576995431335,0.8529479149004455,0.3238242566585541,0.5441008018327605,0.07430103421211243,0.7507445589919817,-0.11365177482366562,"{""hasForce"": {""auc"": 0.9641522491349481, ""ap"": 0.9617359864716553, ""neg_fail"": 0.0, ""n_test"": 170}, ""hasIntensity"": {""auc"": 0.8596897959183674, ""ap"": 0.7937772263740366, ""neg_fail"": 0.0, ""n_test"": 175}, ""hasMechanic"": {""auc"": 0.9734818138118891, ""ap"": 0.9726096178989332, ""neg_fail"": 0.0, ""n_test"": 158}, ""isVariationOf"": {""auc"": 0.9186390532544378, ""ap"": 0.9085236970407933, ""neg_fail"": 0.0, ""n_test"": 26}, ""recruits"": {""auc"": 0.8860260919668734, ""ap"": 0.8846605119714991, ""neg_fail"": 0.0, ""n_test"": 341}, ""requires"": {""auc"": 0.6695510204081633, ""ap"": 0.6722007209149414, ""neg_fail"": 0.0, ""n_test"": 175}, ""targets"": {""auc"": 0.8036897959183674, ""ap"": 0.8055699131542778, ""neg_fail"": 0.0, ""n_test"": 175}}"
distmult,"DistMult (relation types, no propagation)",0.0,22,59456,0.8839792395081092,0.865582504703037,0.8427251176765248,0.3322637677192688,0.5390607101947308,0.08383318036794662,0.7420389461626575,-0.1013687402009964,"{""hasForce"": {""auc"": 0.924878892733564, ""ap"": 0.9078236512206678, ""neg_fail"": 0.0, ""n_test"": 170}, ""hasIntensity"": {""auc"": 0.8872163265306122, ""ap"": 0.8194795977922804, ""neg_fail"": 0.0, ""n_test"": 175}, ""hasMechanic"": {""auc"": 0.9757250440634513, ""ap"": 0.9762586451986386, ""neg_fail"": 0.0, ""n_test"": 158}, ""isVariationOf"": {""auc"": 0.8772189349112426, ""ap"": 0.8628815799750693, ""neg_fail"": 0.0, ""n_test"": 26}, ""recruits"": {""auc"": 0.8522888520050567, ""ap"": 0.8426305676471011, ""neg_fail"": 0.0, ""n_test"": 341}, ""requires"": {""auc"": 0.7352163265306122, ""ap"": 0.6912583659845026, ""neg_fail"": 0.0, ""n_test"": 175}, ""targets"": {""auc"": 0.8365387755102041, ""ap"": 0.8367151875157457, ""neg_fail"": 0.0, ""n_test"": 175}}"
distmult,"DistMult (relation types, no propagation)",0.0,23,59456,0.8534511867028287,0.8318644181671594,0.819761308146332,0.36278197169303894,0.5468499427262313,0.08247093856334686,0.7445589919816724,-0.12016072869300842,"{""hasForce"": {""auc"": 0.9280968858131488, ""ap"": 0.9369745711204325, ""neg_fail"": 0.0, ""n_test"": 170}, ""hasIntensity"": {""auc"": 0.7847836734693877, ""ap"": 0.7330516098939568, ""neg_fail"": 0.0, ""n_test"": 175}, ""hasMechanic"": {""auc"": 0.9385915718634834, ""ap"": 0.9369960790304623, ""neg_fail"": 0.0, ""n_test"": 158}, ""isVariationOf"": {""auc"": 0.841715976331361, ""ap"": 0.8206526274624184, ""neg_fail"": 0.0, ""n_test"": 26}, ""recruits"": {""auc"": 0.8391912694249275, ""ap"": 0.8313521816717839, ""neg_fail"": 0.0, ""n_test"": 341}, ""requires"": {""auc"": 0.6598204081632654, ""ap"": 0.634161332997757, ""neg_fail"": 0.0, ""n_test"": 175}, ""targets"": {""auc"": 0.8425469387755102, ""ap"": 0.8581961416557318, ""neg_fail"": 0.0, ""n_test"": 175}}"
distmult,"DistMult (relation types, no propagation)",0.0,24,59456,0.8515423324510668,0.8306846277882289,0.8369811837565144,0.31916818022727966,0.5940435280641466,0.06522822380065918,0.7413516609392898,-0.11944065988063812,"{""hasForce"": {""auc"": 0.8507958477508651, ""ap"": 0.8580751243270497, ""neg_fail"": 0.0, ""n_test"": 170}, ""hasIntensity"": {""auc"": 0.8048979591836735, ""ap"": 0.8138231573187662, ""neg_fail"": 0.0, ""n_test"": 175}, ""hasMechanic"": {""auc"": 0.9609838166960423, ""ap"": 0.9612528988437923, ""neg_fail"": 0.0, ""n_test"": 158}, ""isVariationOf"": {""auc"": 0.8106508875739644, ""ap"": 0.8287880367527928, ""neg_fail"": 0.0, ""n_test"": 26}, ""recruits"": {""auc"": 0.8429322073253583, ""ap"": 0.8501150684266909, ""neg_fail"": 0.0, ""n_test"": 341}, ""requires"": {""auc"": 0.6899265306122448, ""ap"": 0.6812586171608024, ""neg_fail"": 0.0, ""n_test"": 175}, ""targets"": {""auc"": 0.8229877551020408, ""ap"": 0.8288369723191683, ""neg_fail"": 0.0, ""n_test"": 175}}"
distmult,"DistMult (relation types, no propagation)",0.0,25,59456,0.8758291670751234,0.8464626444504165,0.826468379377002,0.3673824369907379,0.5521191294387171,0.0871482789516449,0.7331042382588774,-0.1279553323984146,"{""hasForce"": {""auc"": 0.9424567474048443, ""ap"": 0.9389632905453236, ""neg_fail"": 0.0, ""n_test"": 170}, ""hasIntensity"": {""auc"": 0.8608, ""ap"": 0.8070750812982732, ""neg_fail"": 0.0, ""n_test"": 175}, ""hasMechanic"": {""auc"": 0.9608235859637878, ""ap"": 0.9607782378218683, ""neg_fail"": 0.0, ""n_test"": 158}, ""isVariationOf"": {""auc"": 0.8535502958579881, ""ap"": 0.828176697825994, ""neg_fail"": 0.0, ""n_test"": 26}, ""recruits"": {""auc"": 0.8581281550726256, ""ap"": 0.8547677340754873, ""neg_fail"": 0.0, ""n_test"": 341}, ""requires"": {""auc"": 0.5902367346938776, ""ap"": 0.5484572434480415, ""neg_fail"": 0.0, ""n_test"": 175}, ""targets"": {""auc"": 0.8598857142857143, ""ap"": 0.8545656629156816, ""neg_fail"": 0.0, ""n_test"": 175}}"
distmult,"DistMult (relation types, no propagation)",0.0,26,59456,0.859967432386803,0.8465506584251545,0.8441147413100998,0.25008565187454224,0.543184421534937,0.04314407706260681,0.7198167239404353,-0.08928310871124268,"{""hasForce"": {""auc"": 0.9184083044982698, ""ap"": 0.9054799474094881, ""neg_fail"": 0.0, ""n_test"": 170}, ""hasIntensity"": {""auc"": 0.8920816326530613, ""ap"": 0.8590200106367125, ""neg_fail"": 0.0, ""n_test"": 175}, ""hasMechanic"": {""auc"": 0.9510895689793302, ""ap"": 0.9476030412304532, ""neg_fail"": 0.0, ""n_test"": 158}, ""isVariationOf"": {""auc"": 0.7085798816568046, ""ap"": 0.6686549508942411, ""neg_fail"": 0.0, ""n_test"": 26}, ""recruits"": {""auc"": 0.8460281559326115, ""ap"": 0.857825194281064, ""neg_fail"": 0.0, ""n_test"": 341}, ""requires"": {""auc"": 0.6777795918367348, ""ap"": 0.695414269424084, ""neg_fail"": 0.0, ""n_test"": 175}, ""targets"": {""auc"": 0.7964408163265306, ""ap"": 0.8243890481794767, ""neg_fail"": 0.0, ""n_test"": 175}}"
distmult,"DistMult (relation types, no propagation)",0.0,27,59456,0.8781846006382817,0.8649348293469497,0.8568580310792644,0.34464797377586365,0.5619702176403207,0.0618770569562912,0.7310423825887743,-0.14042341709136963,"{""hasForce"": {""auc"": 0.9262975778546713, ""ap"": 0.9260282655914381, ""neg_fail"": 0.0, ""n_test"": 170}, ""hasIntensity"": {""auc"": 0.9059591836734694, ""ap"": 0.8892769980733659, ""neg_fail"": 0.0, ""n_test"": 175}, ""hasMechanic"": {""auc"": 0.9651097580515943, ""ap"": 0.9659026758236788, ""neg_fail"": 0.0, ""n_test"": 158}, ""isVariationOf"": {""auc"": 0.8683431952662722, ""ap"": 0.8485052970526523, ""neg_fail"": 0.0, ""n_test"": 26}, ""recruits"": {""auc"": 0.8685339823358933, ""ap"": 0.8687424372245729, ""neg_fail"": 0.0, ""n_test"": 341}, ""requires"": {""auc"": 0.6939755102040817, ""ap"": 0.6782627401064353, ""neg_fail"": 0.0, ""n_test"": 175}, ""targets"": {""auc"": 0.8256326530612245, ""ap"": 0.8411439737658327, ""neg_fail"": 0.0, ""n_test"": 175}}"
distmult,"DistMult (relation types, no propagation)",0.0,28,59456,0.879107712751473,0.8673830959419511,0.8512628269184349,0.33629029989242554,0.5379152348224513,0.06647878885269165,0.7491408934707904,-0.13617634773254395,"{""hasForce"": {""auc"": 0.9143252595155709, ""ap"": 0.9218843751467314, ""neg_fail"": 0.0, ""n_test"": 170}, ""hasIntensity"": {""auc"": 0.8903510204081633, ""ap"": 0.809847122066407, ""neg_fail"": 0.0, ""n_test"": 175}, ""hasMechanic"": {""auc"": 0.9877824066655985, ""ap"": 0.987870799446777, ""neg_fail"": 0.0, ""n_test"": 158}, ""isVariationOf"": {""auc"": 0.7736686390532544, ""ap"": 0.7379539903317407, ""neg_fail"": 0.0, ""n_test"": 26}, ""recruits"": {""auc"": 0.8739174929696167, ""ap"": 0.8742374203186126, ""neg_fail"": 0.0, ""n_test"": 341}, ""requires"": {""auc"": 0.7231999999999998, ""ap"": 0.6949094725642634, ""neg_fail"": 0.0, ""n_test"": 175}, ""targets"": {""auc"": 0.7904979591836735, ""ap"": 0.8029821319372662, ""neg_fail"": 0.0, ""n_test"": 175}}"
distmult,"DistMult (relation types, no propagation)",0.0,29,59456,0.8628021217963381,0.8410051061542596,0.8189300908023363,0.29978737235069275,0.5567010309278351,0.06437140703201294,0.7356242840778924,-0.08317437767982483,"{""hasForce"": {""auc"": 0.9339446366782006, ""ap"": 0.9159640991805849, ""neg_fail"": 0.0, ""n_test"": 170}, ""hasIntensity"": {""auc"": 0.868277551020408, ""ap"": 0.8045953083723858, ""neg_fail"": 0.0, ""n_test"": 175}, ""hasMechanic"": {""auc"": 0.9818538695721839, ""ap"": 0.9819500481626887, ""neg_fail"": 0.0, ""n_test"": 158}, ""isVariationOf"": {""auc"": 0.8180473372781065, ""ap"": 0.8159028435396671, ""neg_fail"": 0.0, ""n_test"": 26}, ""recruits"": {""auc"": 0.8301700191776816, ""ap"": 0.8270324407901838, ""neg_fail"": 0.0, ""n_test"": 341}, ""requires"": {""auc"": 0.6767346938775509, ""ap"": 0.653756194092983, ""neg_fail"": 0.0, ""n_test"": 175}, ""targets"": {""auc"": 0.783934693877551, ""ap"": 0.7914914395976077, ""neg_fail"": 0.0, ""n_test"": 175}}"
transe,"TransE (translational decoder, no propagation)",0.0,0,59457,0.8002810182008301,0.7965567051867777,0.7951193375674723,0.3802429437637329,0.500114547537228,0.08148562908172607,0.7333333333333333,-0.13999158143997192,"{""hasForce"": {""auc"": 0.8630795847750866, ""ap"": 0.87539894219544, ""neg_fail"": 0.0, ""n_test"": 170}, ""hasIntensity"": {""auc"": 0.8085551020408163, ""ap"": 0.7754838188925152, ""neg_fail"": 0.0, ""n_test"": 175}, ""hasMechanic"": {""auc"": 0.8780644127543663, ""ap"": 0.8846551031639278, ""neg_fail"": 0.0, ""n_test"": 158}, ""isVariationOf"": {""auc"": 0.8372781065088757, ""ap"": 0.8041727292571285, ""neg_fail"": 0.0, ""n_test"": 26}, ""recruits"": {""auc"": 0.8088681727883318, ""ap"": 0.8246189367881872, ""neg_fail"": 0.0, ""n_test"": 341}, ""requires"": {""auc"": 0.6987755102040817, ""ap"": 0.7019320280029031, ""neg_fail"": 0.0, ""n_test"": 175}, ""targets"": {""auc"": 0.7594775510204081, ""ap"": 0.7619035123930247, ""neg_fail"": 0.0, ""n_test"": 175}}"
transe,"TransE (translational decoder, no propagation)",0.0,1,59457,0.8329929527606226,0.8257639075517333,0.8174231499713243,0.38487914204597473,0.49965635738831615,0.0818096175789833,0.756701030927835,-0.14717473089694977,"{""hasForce"": {""auc"": 0.8539446366782008, ""ap"": 0.8660515712362498, ""neg_fail"": 0.0, ""n_test"": 170}, ""hasIntensity"": {""auc"": 0.8134204081632653, ""ap"": 0.7822895563790027, ""neg_fail"": 0.0, ""n_test"": 175}, ""hasMechanic"": {""auc"": 0.8896010254766864, ""ap"": 0.8954654453323917, ""neg_fail"": 0.0, ""n_test"": 158}, ""isVariationOf"": {""auc"": 0.8994082840236687, ""ap"": 0.8924567323867603, ""neg_fail"": 0.0, ""n_test"": 26}, ""recruits"": {""auc"": 0.8442909847696529, ""ap"": 0.8459074888628102, ""neg_fail"": 0.0, ""n_test"": 341}, ""requires"": {""auc"": 0.7257469387755102, ""ap"": 0.6801613581048943, ""neg_fail"": 0.0, ""n_test"": 175}, ""targets"": {""auc"": 0.8155102040816328, ""ap"": 0.8096252821663488, ""neg_fail"": 0.0, ""n_test"": 175}}"
transe,"TransE (translational decoder, no propagation)",0.0,2,59457,0.816058338507118,0.8059587476484816,0.803498172706834,0.38023653626441956,0.49026345933562426,0.09176372736692429,0.7576174112256586,-0.1524064689874649,"{""hasForce"": {""auc"": 0.7967474048442907, ""ap"": 0.8387880398192118, ""neg_fail"": 0.0, ""n_test"": 170}, ""hasIntensity"": {""auc"": 0.8012408163265305, ""ap"": 0.7837181459987126, ""neg_fail"": 0.0, ""n_test"": 175}, ""hasMechanic"": {""auc"": 0.9099503284730012, ""ap"": 0.9042039037848393, ""neg_fail"": 0.0, ""n_test"": 158}, ""isVariationOf"": {""auc"": 0.8210059171597632, ""ap"": 0.8223861916564287, ""neg_fail"": 0.0, ""n_test"": 26}, ""recruits"": {""auc"": 0.8615164988261195, ""ap"": 0.8658910823661471, ""neg_fail"": 0.0, ""n_test"": 341}, ""requires"": {""auc"": 0.7011591836734694, ""ap"": 0.6673919379467761, ""neg_fail"": 0.0, ""n_test"": 175}, ""targets"": {""auc"": 0.7313632653061224, ""ap"": 0.7219822794364393, ""neg_fail"": 0.0, ""n_test"": 175}}"
transe,"TransE (translational decoder, no propagation)",0.0,3,59457,0.7813858118485116,0.8000685299650632,0.7980736895539398,0.4042990505695343,0.48064146620847653,0.08445947617292404,0.729438717067583,-0.13635216653347015,"{""hasForce"": {""auc"": 0.8332179930795848, ""ap"": 0.8443703614430063, ""neg_fail"": 0.0, ""n_test"": 170}, ""hasIntensity"": {""auc"": 0.759869387755102, ""ap"": 0.7312502303530538, ""neg_fail"": 0.0, ""n_test"": 175}, ""hasMechanic"": {""auc"": 0.9242108636436468, ""ap"": 0.9251566812626357, ""neg_fail"": 0.0, ""n_test"": 158}, ""isVariationOf"": {""auc"": 0.8372781065088757, ""ap"": 0.7954317426150844, ""neg_fail"": 0.0, ""n_test"": 26}, ""recruits"": {""auc"": 0.8493477008281662, ""ap"": 0.8514982118268217, ""neg_fail"": 0.0, ""n_test"": 341}, ""requires"": {""auc"": 0.6450938775510204, ""ap"": 0.6369390986191685, ""neg_fail"": 0.0, ""n_test"": 175}, ""targets"": {""auc"": 0.7512489795918368, ""ap"": 0.7639700415423262, ""neg_fail"": 0.0, ""n_test"": 175}}"
transe,"TransE (translational decoder, no propagation)",0.0,4,59457,0.7979215000707991,0.786663531308788,0.7925579894278943,0.39103934168815613,0.5088201603665521,0.08014532923698425,0.7321878579610538,-0.14666736125946045,"{""hasForce"": {""auc"": 0.8327335640138409, ""ap"": 0.8750376373655673, ""neg_fail"": 0.0, ""n_test"": 170}, ""hasIntensity"": {""auc"": 0.7886040816326529, ""ap"": 0.7900057438262043, ""neg_fail"": 0.0, ""n_test"": 175}, ""hasMechanic"": {""auc"": 0.8988944079474444, ""ap"": 0.9038036491711464, ""neg_fail"": 0.0, ""n_test"": 158}, ""isVariationOf"": {""auc"": 0.8565088757396451, ""ap"": 0.8818168100053492, ""neg_fail"": 0.0, ""n_test"": 26}, ""recruits"": {""auc"": 0.828226451440906, ""ap"": 0.8459486578897708, ""neg_fail"": 0.0, ""n_test"": 341}, ""requires"": {""auc"": 0.6368979591836735, ""ap"": 0.5975360055758535, ""neg_fail"": 0.0, ""n_test"": 175}, ""targets"": {""auc"": 0.7074612244897959, ""ap"": 0.7083103738212246, ""neg_fail"": 0.0, ""n_test"": 175}}"
transe,"TransE (translational decoder, no propagation)",0.0,5,59457,0.7776797481728371,0.7751431066917496,0.7756254598871957,0.34620290994644165,0.4950744558991982,0.06362409889698029,0.7305841924398625,-0.13491299748420715,"{""hasForce"": {""auc"": 0.8096539792387543, ""ap"": 0.8260733517136256, ""neg_fail"": 0.0, ""n_test"": 170}, ""hasIntensity"": {""auc"": 0.7571918367346938, ""ap"": 0.7461230350541717, ""neg_fail"": 0.0, ""n_test"": 175}, ""hasMechanic"": {""auc"": 0.9362682262457939, ""ap"": 0.9439852192128039, ""neg_fail"": 0.0, ""n_test"": 158}, ""isVariationOf"": {""auc"": 0.7322485207100591, ""ap"": 0.7326837274441328, ""neg_fail"": 0.0, ""n_test"": 26}, ""recruits"": {""auc"": 0.8011971001281379, ""ap"": 0.8128707348308896, ""neg_fail"": 0.0, ""n_test"": 341}, ""requires"": {""auc"": 0.6497632653061224, ""ap"": 0.621949617300611, ""neg_fail"": 0.0, ""n_test"": 175}, ""targets"": {""auc"": 0.7127836734693878, ""ap"": 0.713944766399404, ""neg_fail"": 0.0, ""n_test"": 175}}"
transe,"TransE (translational decoder, no propagation)",0.0,6,59457,0.8061954710322518,0.7921492878258533,0.783422217723027,0.3543623983860016,0.4737686139747995,0.07930698990821838,0.7429553264604811,-0.129319965839386,"{""hasForce"": {""auc"": 0.8480276816608997, ""ap"": 0.8731278549386762, ""neg_fail"": 0.0, ""n_test"": 170}, ""hasIntensity"": {""auc"": 0.7524571428571429, ""ap"": 0.7501633806629576, ""neg_fail"": 0.0, ""n_test"": 175}, ""hasMechanic"": {""auc"": 0.953372856913956, ""ap"": 0.9552071900961976, ""neg_fail"": 0.0, ""n_test"": 158}, ""isVariationOf"": {""auc"": 0.7411242603550295, ""ap"": 0.7201096643020417, ""neg_fail"": 0.0, ""n_test"": 26}, ""recruits"": {""auc"": 0.8144064808524178, ""ap"": 0.8244286854204874, ""neg_fail"": 0.0, ""n_test"": 341}, ""requires"": {""auc"": 0.6874448979591837, ""ap"": 0.6626207910817665, ""neg_fail"": 0.0, ""n_test"": 175}, ""targets"": {""auc"": 0.7103673469387755, ""ap"": 0.6817017922370558, ""neg_fail"": 0.0, ""n_test"": 175}}"
transe,"TransE (translational decoder, no propagation)",0.0,7,59457,0.8205677003343899,0.811412254770223,0.8124062571019866,0.3950837254524231,0.46849942726231386,0.09583474695682526,0.7445589919816724,-0.14341948926448822,"{""hasForce"": {""auc"": 0.8407958477508651, ""ap"": 0.8530057398521886, ""neg_fail"": 0.0, ""n_test"": 170}, ""hasIntensity"": {""auc"": 0.837061224489796, ""ap"": 0.8343781010226919, ""neg_fail"": 0.0, ""n_test"": 175}, ""hasMechanic"": {""auc"": 0.9263739785290819, ""ap"": 0.9267504259803585, ""neg_fail"": 0.0, ""n_test"": 158}, ""isVariationOf"": {""auc"": 0.8313609467455622, ""ap"": 0.808790090328338, ""neg_fail"": 0.0, ""n_test"": 26}, ""recruits"": {""auc"": 0.8385204805600227, ""ap"": 0.8563998744559024, ""neg_fail"": 0.0, ""n_test"": 341}, ""requires"": {""auc"": 0.6865632653061225, ""ap"": 0.6813082729746088, ""neg_fail"": 0.0, ""n_test"": 175}, ""targets"": {""auc"": 0.7470367346938775, ""ap"": 0.7354936800758196, ""neg_fail"": 0.0, ""n_test"": 175}}"
transe,"TransE (translational decoder, no propagation)",0.0,8,59457,0.8068544478210197,0.7934775597957537,0.793768436369833,0.3911626636981964,0.4859106529209622,0.10635867714881897,0.7413516609392898,-0.12687444686889648,"{""hasForce"": {""auc"": 0.8806574394463668, ""ap"": 0.892256165924349, ""neg_fail"": 0.0, ""n_test"": 170}, ""hasIntensity"": {""auc"": 0.7504979591836735, ""ap"": 0.7211900971018638, ""neg_fail"": 0.0, ""n_test"": 175}, ""hasMechanic"": {""auc"": 0.8893606793783048, ""ap"": 0.8921479119366916, ""neg_fail"": 0.0, ""n_test"": 158}, ""isVariationOf"": {""auc"": 0.8284023668639053, ""ap"": 0.8385958822079164, ""neg_fail"": 0.0, ""n_test"": 26}, ""recruits"": {""auc"": 0.8396986610022275, ""ap"": 0.8465280953322907, ""neg_fail"": 0.0, ""n_test"": 341}, ""requires"": {""auc"": 0.6639346938775511, ""ap"": 0.6575429516517617, ""neg_fail"": 0.0, ""n_test"": 175}, ""targets"": {""auc"": 0.728065306122449, ""ap"": 0.7188389573760572, ""neg_fail"": 0.0, ""n_test"": 175}}"
transe,"TransE (translational decoder, no propagation)",0.0,9,59457,0.8263868466054527,0.8053137597420048,0.7937556047946603,0.39740949869155884,0.5072164948453608,0.10475654155015945,0.7379152348224514,-0.1171410083770752,"{""hasForce"": {""auc"": 0.81840830449827, ""ap"": 0.8346919535155843, ""neg_fail"": 0.0, ""n_test"": 170}, ""hasIntensity"": {""auc"": 0.7780244897959184, ""ap"": 0.7499722399461821, ""neg_fail"": 0.0, ""n_test"": 175}, ""hasMechanic"": {""auc"": 0.9385515141804197, ""ap"": 0.941481559140178, ""neg_fail"": 0.0, ""n_test"": 158}, ""isVariationOf"": {""auc"": 0.9393491124260355, ""ap"": 0.9515048927764445, ""neg_fail"": 0.0, ""n_test"": 26}, ""recruits"": {""auc"": 0.8241931183942346, ""ap"": 0.8219113672277436, ""neg_fail"": 0.0, ""n_test"": 341}, ""requires"": {""auc"": 0.6886204081632652, ""ap"": 0.6420474466971025, ""neg_fail"": 0.0, ""n_test"": 175}, ""targets"": {""auc"": 0.7606204081632654, ""ap"": 0.7408412670423407, ""neg_fail"": 0.0, ""n_test"": 175}}"
transe,"TransE (translational decoder, no propagation)",0.0,10,59457,0.8129241141935977,0.8013907551733404,0.796141304136829,0.413088321685791,0.5124856815578465,0.09048347175121307,0.7372279495990837,-0.15944139659404755,"{""hasForce"": {""auc"": 0.8570242214532872, ""ap"": 0.8693415960469935, ""neg_fail"": 0.0, ""n_test"": 170}, ""hasIntensity"": {""auc"": 0.7563428571428572, ""ap"": 0.7144368595768846, ""neg_fail"": 0.0, ""n_test"": 175}, ""hasMechanic"": {""auc"": 0.9373097260054478, ""ap"": 0.9400011612723058, ""neg_fail"": 0.0, ""n_test"": 158}, ""isVariationOf"": {""auc"": 0.8180473372781065, ""ap"": 0.8197629473869672, ""neg_fail"": 0.0, ""n_test"": 26}, ""recruits"": {""auc"": 0.8215615620780695, ""ap"": 0.8261057137307567, ""neg_fail"": 0.0, ""n_test"": 341}, ""requires"": {""auc"": 0.673926530612245, ""ap"": 0.6559904030493352, ""neg_fail"": 0.0, ""n_test"": 175}, ""targets"": {""auc"": 0.7748897959183674, ""ap"": 0.7833099704559546, ""neg_fail"": 0.0, ""n_test"": 175}}"
transe,"TransE (translational decoder, no propagation)",0.0,11,59457,0.8383655197202888,0.814080220370868,0.8079461837206554,0.4039230942726135,0.4879725085910653,0.08347032219171524,0.7372279495990837,-0.1319476217031479,"{""hasForce"": {""auc"": 0.8744982698961938, ""ap"": 0.8915268899870532, ""neg_fail"": 0.0, ""n_test"": 170}, ""hasIntensity"": {""auc"": 0.7617306122448979, ""ap"": 0.7387676549822734, ""neg_fail"": 0.0, ""n_test"": 175}, ""hasMechanic"": {""auc"": 0.9151578272712707, ""ap"": 0.9257578716295705, ""neg_fail"": 0.0, ""n_test"": 158}, ""isVariationOf"": {""auc"": 0.8121301775147929, ""ap"": 0.7847262801548608, ""neg_fail"": 0.0, ""n_test"": 26}, ""recruits"": {""auc"": 0.8553246016116133, ""ap"": 0.8562319385828943, ""neg_fail"": 0.0, ""n_test"": 341}, ""requires"": {""auc"": 0.7307755102040816, ""ap"": 0.6862654047030992, ""neg_fail"": 0.0, ""n_test"": 175}, ""targets"": {""auc"": 0.7381224489795918, ""ap"": 0.7601970230359829, ""neg_fail"": 0.0, ""n_test"": 175}}"
transe,"TransE (translational decoder, no propagation)",0.0,12,59457,0.7876283915520266,0.7673058317656545,0.7785943164141602,0.29084300994873047,0.4831615120274914,0.055344466120004654,0.7328751431844215,-0.09543655067682266,"{""hasForce"": {""auc"": 0.7859515570934257, ""ap"": 0.8199073302564198, ""neg_fail"": 0.0, ""n_test"": 170}, ""hasIntensity"": {""auc"": 0.7788081632653061, ""ap"": 0.796825842805196, ""neg_fail"": 0.0, ""n_test"": 175}, ""hasMechanic"": {""auc"": 0.8984938311168083, ""ap"": 0.9052978460535204, ""neg_fail"": 0.0, ""n_test"": 158}, ""isVariationOf"": {""auc"": 0.7943786982248521, ""ap"": 0.7400348963634967, ""neg_fail"": 0.0, ""n_test"": 26}, ""recruits"": {""auc"": 0.7719661853613231, ""ap"": 0.8010714135930191, ""neg_fail"": 0.0, ""n_test"": 341}, ""requires"": {""auc"": 0.6369959183673469, ""ap"": 0.5855694141223982, ""neg_fail"": 0.0, ""n_test"": 175}, ""targets"": {""auc"": 0.7355428571428572, ""ap"": 0.7635707161015712, ""neg_fail"": 0.0, ""n_test"": 175}}"
transe,"TransE (translational decoder, no propagation)",0.0,13,59457,0.8452657146902809,0.8105247245364149,0.795458632190058,0.40906620025634766,0.4962199312714777,0.08030430972576141,0.7447880870561283,-0.13046936690807343,"{""hasForce"": {""auc"": 0.8740484429065744, ""ap"": 0.8952528652071746, ""neg_fail"": 0.0, ""n_test"": 170}, ""hasIntensity"": {""auc"": 0.7534693877551021, ""ap"": 0.7128334178872896, ""neg_fail"": 0.0, ""n_test"": 175}, ""hasMechanic"": {""auc"": 0.9320621695241147, ""ap"": 0.9357858070727743, ""neg_fail"": 0.0, ""n_test"": 158}, ""isVariationOf"": {""auc"": 0.886094674556213, ""ap"": 0.8976823995093225, ""neg_fail"": 0.0, ""n_test"": 26}, ""recruits"": {""auc"": 0.827736259578091, ""ap"": 0.8106655391902065, ""neg_fail"": 0.0, ""n_test"": 341}, ""requires"": {""auc"": 0.7375020408163266, ""ap"": 0.7270314282136129, ""neg_fail"": 0.0, ""n_test"": 175}, ""targets"": {""auc"": 0.7508897959183672, ""ap"": 0.734531661290493, ""neg_fail"": 0.0, ""n_test"": 175}}"
transe,"TransE (translational decoder, no propagation)",0.0,14,59457,0.8134877844220065,0.8115372211771029,0.8119410187348568,0.3825085461139679,0.49919816723940436,0.09476322680711746,0.7601374570446735,-0.12431564927101135,"{""hasForce"": {""auc"": 0.8766782006920415, ""ap"": 0.8868655454455617, ""neg_fail"": 0.0, ""n_test"": 170}, ""hasIntensity"": {""auc"": 0.7293061224489796, ""ap"": 0.7333963454152789, ""neg_fail"": 0.0, ""n_test"": 175}, ""hasMechanic"": {""auc"": 0.9469235699407146, ""ap"": 0.9503802132003074, ""neg_fail"": 0.0, ""n_test"": 158}, ""isVariationOf"": {""auc"": 0.7751479289940828, ""ap"": 0.7616806805088545, ""neg_fail"": 0.0, ""n_test"": 26}, ""recruits"": {""auc"": 0.8625828811241733, ""ap"": 0.866776246503967, ""neg_fail"": 0.0, ""n_test"": 341}, ""requires"": {""auc"": 0.6848000000000001, ""ap"": 0.6442512946854311, ""neg_fail"": 0.0, ""n_test"": 175}, ""targets"": {""auc"": 0.7441306122448978, ""ap"": 0.7505009553325706, ""neg_fail"": 0.0, ""n_test"": 175}}"
transe,"TransE (translational decoder, no propagation)",0.0,15,59457,0.7927000620854164,0.7919376511690406,0.7878165620252268,0.3503437042236328,0.4756013745704467,0.08789985626935959,0.7376861397479955,-0.10889542102813721,"{""hasForce"": {""auc"": 0.8380276816608997, ""ap"": 0.8619688541787648, ""neg_fail"": 0.0, ""n_test"": 170}, ""hasIntensity"": {""auc"": 0.7714285714285714, ""ap"": 0.7712019376624246, ""neg_fail"": 0.0, ""n_test"": 175}, ""hasMechanic"": {""auc"": 0.9229690754686749, ""ap"": 0.9257067589259347, ""neg_fail"": 0.0, ""n_test"": 158}, ""isVariationOf"": {""auc"": 0.7884615384615385, ""ap"": 0.7836307388662057, ""neg_fail"": 0.0, ""n_test"": 26}, ""recruits"": {""auc"": 0.8145612782827806, ""ap"": 0.8209097141258661, ""neg_fail"": 0.0, ""n_test"": 341}, ""requires"": {""auc"": 0.7217632653061224, ""ap"": 0.6880778167038824, ""neg_fail"": 0.0, ""n_test"": 175}, ""targets"": {""auc"": 0.7128489795918367, ""ap"": 0.7208521612329586, ""neg_fail"": 0.0, ""n_test"": 175}}"
transe,"TransE (translational decoder, no propagation)",0.0,16,59457,0.8130657125118452,0.7848286750873421,0.77637430514897,0.32655203342437744,0.5124856815578465,0.06287451833486557,0.7479954180985109,-0.12351454794406891,"{""hasForce"": {""auc"": 0.8430795847750865, ""ap"": 0.8626295136613398, ""neg_fail"": 0.0, ""n_test"": 170}, ""hasIntensity"": {""auc"": 0.757191836734694, ""ap"": 0.7587269645955259, ""neg_fail"": 0.0, ""n_test"": 175}, ""hasMechanic"": {""auc"": 0.9265342092613361, ""ap"": 0.9321580115830399, ""neg_fail"": 0.0, ""n_test"": 158}, ""isVariationOf"": {""auc"": 0.7840236686390533, ""ap"": 0.7857528547897341, ""neg_fail"": 0.0, ""n_test"": 26}, ""recruits"": {""auc"": 0.8069418047660409, ""ap"": 0.8039940063372055, ""neg_fail"": 0.0, ""n_test"": 341}, ""requires"": {""auc"": 0.6669387755102041, ""ap"": 0.636869719736192, ""neg_fail"": 0.0, ""n_test"": 175}, ""targets"": {""auc"": 0.7118040816326531, ""ap"": 0.7084104110587629, ""neg_fail"": 0.0, ""n_test"": 175}}"
transe,"TransE (translational decoder, no propagation)",0.0,17,59457,0.7965940158372273,0.8040765251276538,0.794463711992178,0.3624875843524933,0.4872852233676976,0.08636510372161865,0.7599083619702176,-0.14520473778247833,"{""hasForce"": {""auc"": 0.8519377162629758, ""ap"": 0.874141932195824, ""neg_fail"": 0.0, ""n_test"": 170}, ""hasIntensity"": {""auc"": 0.7541877551020407, ""ap"": 0.73780054934191, ""neg_fail"": 0.0, ""n_test"": 175}, ""hasMechanic"": {""auc"": 0.9143566736099984, ""ap"": 0.9200350619977589, ""neg_fail"": 0.0, ""n_test"": 158}, ""isVariationOf"": {""auc"": 0.8210059171597633, ""ap"": 0.8231297514567459, ""neg_fail"": 0.0, ""n_test"": 26}, ""recruits"": {""auc"": 0.8350891375203171, ""ap"": 0.8191993272903586, ""neg_fail"": 0.0, ""n_test"": 341}, ""requires"": {""auc"": 0.6932897959183674, ""ap"": 0.668640473667862, ""neg_fail"": 0.0, ""n_test"": 175}, ""targets"": {""auc"": 0.7644408163265305, ""ap"": 0.7679475094750507, ""neg_fail"": 0.0, ""n_test"": 175}}"
transe,"TransE (translational decoder, no propagation)",0.0,18,59457,0.8134959535557517,0.8024334856221447,0.7919674765972549,0.39723753929138184,0.49026345933562426,0.09225304424762726,0.7512027491408935,-0.11792205274105072,"{""hasForce"": {""auc"": 0.8544290657439445, ""ap"": 0.8740205418828438, ""neg_fail"": 0.0, ""n_test"": 170}, ""hasIntensity"": {""auc"": 0.7750204081632652, ""ap"": 0.7314590874811768, ""neg_fail"": 0.0, ""n_test"": 175}, ""hasMechanic"": {""auc"": 0.9314613042781607, ""ap"": 0.9362964233381398, ""neg_fail"": 0.0, ""n_test"": 158}, ""isVariationOf"": {""auc"": 0.8476331360946746, ""ap"": 0.8391436778394112, ""neg_fail"": 0.0, ""n_test"": 26}, ""recruits"": {""auc"": 0.8345301467995632, ""ap"": 0.8333887901292514, ""neg_fail"": 0.0, ""n_test"": 341}, ""requires"": {""auc"": 0.6837877551020408, ""ap"": 0.6615909905718868, ""neg_fail"": 0.0, ""n_test"": 175}, ""targets"": {""auc"": 0.7412571428571428, ""ap"": 0.7346901100298346, ""neg_fail"": 0.0, ""n_test"": 175}}"
transe,"TransE (translational decoder, no propagation)",0.0,19,59457,0.8111623043492467,0.7985964794410104,0.7947761979898595,0.3176649808883667,0.49140893470790376,0.05967782437801361,0.7489117983963345,-0.09038250893354416,"{""hasForce"": {""auc"": 0.8287889273356401, ""ap"": 0.8597576163753549, ""neg_fail"": 0.0, ""n_test"": 170}, ""hasIntensity"": {""auc"": 0.7790367346938777, ""ap"": 0.7770074308777837, ""neg_fail"": 0.0, ""n_test"": 175}, ""hasMechanic"": {""auc"": 0.9339048229450408, ""ap"": 0.93936933587839, ""neg_fail"": 0.0, ""n_test"": 158}, ""isVariationOf"": {""auc"": 0.7928994082840236, ""ap"": 0.8115948676557053, ""neg_fail"": 0.0, ""n_test"": 26}, ""recruits"": {""auc"": 0.8445489804869238, ""ap"": 0.8575628985155413, ""neg_fail"": 0.0, ""n_test"": 341}, ""requires"": {""auc"": 0.6699102040816327, ""ap"": 0.6294280124780546, ""neg_fail"": 0.0, ""n_test"": 175}, ""targets"": {""auc"": 0.7336163265306123, ""ap"": 0.7039563010089966, ""neg_fail"": 0.0, ""n_test"": 175}}"
transe,"TransE (translational decoder, no propagation)",0.0,20,59457,0.8181033449879642,0.7778856490190809,0.76920180047725,0.37374943494796753,0.4829324169530355,0.07769610732793808,0.7466208476517755,-0.1291230320930481,"{""hasForce"": {""auc"": 0.7793771626297578, ""ap"": 0.7942343998146711, ""neg_fail"": 0.0, ""n_test"": 170}, ""hasIntensity"": {""auc"": 0.7452408163265306, ""ap"": 0.6875167206594852, ""neg_fail"": 0.0, ""n_test"": 175}, ""hasMechanic"": {""auc"": 0.92801634353469, ""ap"": 0.9291942822481835, ""neg_fail"": 0.0, ""n_test"": 158}, ""isVariationOf"": {""auc"": 0.8727810650887574, ""ap"": 0.8868556632645963, ""neg_fail"": 0.0, ""n_test"": 26}, ""recruits"": {""auc"": 0.7961403840696244, ""ap"": 0.800500920079777, ""neg_fail"": 0.0, ""n_test"": 341}, ""requires"": {""auc"": 0.6499265306122448, ""ap"": 0.601260739600383, ""neg_fail"": 0.0, ""n_test"": 175}, ""targets"": {""auc"": 0.7681959183673469, ""ap"": 0.7639379029629341, ""neg_fail"": 0.0, ""n_test"": 175}}"
transe,"TransE (translational decoder, no propagation)",0.0,21,59457,0.7838556132841006,0.7870152512765386,0.7901040293833089,0.32664382457733154,0.5040091638029782,0.06119801476597786,0.7441008018327606,-0.1324494332075119,"{""hasForce"": {""auc"": 0.8206228373702422, ""ap"": 0.8454086552872584, ""neg_fail"": 0.0, ""n_test"": 170}, ""hasIntensity"": {""auc"": 0.7672163265306122, ""ap"": 0.7702685893691903, ""neg_fail"": 0.0, ""n_test"": 175}, ""hasMechanic"": {""auc"": 0.9478048389681141, ""ap"": 0.9495549886571042, ""neg_fail"": 0.0, ""n_test"": 158}, ""isVariationOf"": {""auc"": 0.8742603550295858, ""ap"": 0.870768141116278, ""neg_fail"": 0.0, ""n_test"": 26}, ""recruits"": {""auc"": 0.8304366147521952, ""ap"": 0.8432909854208166, ""neg_fail"": 0.0, ""n_test"": 341}, ""requires"": {""auc"": 0.6319673469387755, ""ap"": 0.6082989368695084, ""neg_fail"": 0.0, ""n_test"": 175}, ""targets"": {""auc"": 0.7051755102040818, ""ap"": 0.7101327415094728, ""neg_fail"": 0.0, ""n_test"": 175}}"
transe,"TransE (translational decoder, no propagation)",0.0,22,59457,0.8208536200154668,0.7769692287019618,0.7756564066169112,0.330682635307312,0.5024054982817869,0.06331408023834229,0.7406643757159221,-0.10214133560657501,"{""hasForce"": {""auc"": 0.8243944636678201, ""ap"": 0.8567329415684183, ""neg_fail"": 0.0, ""n_test"": 170}, ""hasIntensity"": {""auc"": 0.7605551020408163, ""ap"": 0.7481408520281323, ""neg_fail"": 0.0, ""n_test"": 175}, ""hasMechanic"": {""auc"": 0.8951289857394648, ""ap"": 0.9027366054404657, ""neg_fail"": 0.0, ""n_test"": 158}, ""isVariationOf"": {""auc"": 0.8831360946745562, ""ap"": 0.8789162679794242, ""neg_fail"": 0.0, ""n_test"": 26}, ""recruits"": {""auc"": 0.7990385359603032, ""ap"": 0.8027686496575782, ""neg_fail"": 0.0, ""n_test"": 341}, ""requires"": {""auc"": 0.726138775510204, ""ap"": 0.7053587182409902, ""neg_fail"": 0.0, ""n_test"": 175}, ""targets"": {""auc"": 0.6751673469387756, ""ap"": 0.703134838528112, ""neg_fail"": 0.0, ""n_test"": 175}}"
transe,"TransE (translational decoder, no propagation)",0.0,23,59457,0.8152577634001024,0.7846741467347487,0.7833164140346813,0.3969971537590027,0.49805269186712486,0.0854329913854599,0.7424971363115693,-0.11983777582645416,"{""hasForce"": {""auc"": 0.7916955017301038, ""ap"": 0.8374738835647874, ""neg_fail"": 0.0, ""n_test"": 170}, ""hasIntensity"": {""auc"": 0.7308408163265306, ""ap"": 0.695312325775029, ""neg_fail"": 0.0, ""n_test"": 175}, ""hasMechanic"": {""auc"": 0.9139961544624259, ""ap"": 0.915379772940497, ""neg_fail"": 0.0, ""n_test"": 158}, ""isVariationOf"": {""auc"": 0.8520710059171599, ""ap"": 0.8472915331155467, ""neg_fail"": 0.0, ""n_test"": 26}, ""recruits"": {""auc"": 0.8383484834151753, ""ap"": 0.8428540041179428, ""neg_fail"": 0.0, ""n_test"": 341}, ""requires"": {""auc"": 0.6533224489795919, ""ap"": 0.6282183924896061, ""neg_fail"": 0.0, ""n_test"": 175}, ""targets"": {""auc"": 0.7134367346938775, ""ap"": 0.7133282022740995, ""neg_fail"": 0.0, ""n_test"": 175}}"
transe,"TransE (translational decoder, no propagation)",0.0,24,59457,0.7993633521768019,0.81871875839828,0.818831165865886,0.3803896903991699,0.4849942726231386,0.0781686007976532,0.7507445589919817,-0.12914791703224182,"{""hasForce"": {""auc"": 0.8225951557093425, ""ap"": 0.839539970205753, ""neg_fail"": 0.0, ""n_test"": 170}, ""hasIntensity"": {""auc"": 0.7843918367346938, ""ap"": 0.7825750554327137, ""neg_fail"": 0.0, ""n_test"": 175}, ""hasMechanic"": {""auc"": 0.920886075949367, ""ap"": 0.9222603927365052, ""neg_fail"": 0.0, ""n_test"": 158}, ""isVariationOf"": {""auc"": 0.8431952662721893, ""ap"": 0.8019685584721372, ""neg_fail"": 0.0, ""n_test"": 26}, ""recruits"": {""auc"": 0.8703313524995484, ""ap"": 0.8833961040001053, ""neg_fail"": 0.0, ""n_test"": 341}, ""requires"": {""auc"": 0.6718367346938775, ""ap"": 0.6351233038106192, ""neg_fail"": 0.0, ""n_test"": 175}, ""targets"": {""auc"": 0.8236734693877552, ""ap"": 0.8098283970331384, ""neg_fail"": 0.0, ""n_test"": 175}}"
transe,"TransE (translational decoder, no propagation)",0.0,25,59457,0.8345369190384385,0.7932847352862133,0.7894534327744318,0.3956201672554016,0.49942726231386025,0.09646359831094742,0.7415807560137457,-0.13127078115940094,"{""hasForce"": {""auc"": 0.8144290657439446, ""ap"": 0.8301901613819471, ""neg_fail"": 0.0, ""n_test"": 170}, ""hasIntensity"": {""auc"": 0.7552979591836735, ""ap"": 0.7460006963420533, ""neg_fail"": 0.0, ""n_test"": 175}, ""hasMechanic"": {""auc"": 0.89108315975004, ""ap"": 0.8961217140437125, ""neg_fail"": 0.0, ""n_test"": 158}, ""isVariationOf"": {""auc"": 0.8846153846153846, ""ap"": 0.8627596324866631, ""neg_fail"": 0.0, ""n_test"": 26}, ""recruits"": {""auc"": 0.8433793999019616, ""ap"": 0.8416834771635564, ""neg_fail"": 0.0, ""n_test"": 341}, ""requires"": {""auc"": 0.6085551020408163, ""ap"": 0.5776757724738238, ""neg_fail"": 0.0, ""n_test"": 175}, ""targets"": {""auc"": 0.7979755102040815, ""ap"": 0.8000848110763252, ""neg_fail"": 0.0, ""n_test"": 175}}"
transe,"TransE (translational decoder, no propagation)",0.0,26,59457,0.8084093062771625,0.8046943026068262,0.8021985149590459,0.4127555191516876,0.511340206185567,0.07816555351018906,0.7580756013745704,-0.16151800751686096,"{""hasForce"": {""auc"": 0.8596885813148789, ""ap"": 0.8938883442292931, ""neg_fail"": 0.0, ""n_test"": 170}, ""hasIntensity"": {""auc"": 0.7932408163265307, ""ap"": 0.7814439546795444, ""neg_fail"": 0.0, ""n_test"": 175}, ""hasMechanic"": {""auc"": 0.9193638839929499, ""ap"": 0.9186196061145676, ""neg_fail"": 0.0, ""n_test"": 158}, ""isVariationOf"": {""auc"": 0.8890532544378699, ""ap"": 0.8755310616442005, ""neg_fail"": 0.0, ""n_test"": 26}, ""recruits"": {""auc"": 0.8321651860579113, ""ap"": 0.8411728191804495, ""neg_fail"": 0.0, ""n_test"": 341}, ""requires"": {""auc"": 0.6845061224489796, ""ap"": 0.653558026360485, ""neg_fail"": 0.0, ""n_test"": 175}, ""targets"": {""auc"": 0.7470693877551021, ""ap"": 0.748861918137769, ""neg_fail"": 0.0, ""n_test"": 175}}"
transe,"TransE (translational decoder, no propagation)",0.0,27,59457,0.827198313890795,0.801407551733405,0.7855971174612804,0.34698939323425293,0.4822451317296678,0.07235073298215866,0.7420389461626575,-0.12834078073501587,"{""hasForce"": {""auc"": 0.8395155709342561, ""ap"": 0.8688298778475738, ""neg_fail"": 0.0, ""n_test"": 170}, ""hasIntensity"": {""auc"": 0.7731918367346938, ""ap"": 0.7335408657077814, ""neg_fail"": 0.0, ""n_test"": 175}, ""hasMechanic"": {""auc"": 0.9489665117769588, ""ap"": 0.9474327838768979, ""neg_fail"": 0.0, ""n_test"": 158}, ""isVariationOf"": {""auc"": 0.8017751479289941, ""ap"": 0.8069250821033107, ""neg_fail"": 0.0, ""n_test"": 26}, ""recruits"": {""auc"": 0.8339281567925974, ""ap"": 0.8116995373685818, ""neg_fail"": 0.0, ""n_test"": 341}, ""requires"": {""auc"": 0.6851265306122449, ""ap"": 0.6558917845075884, ""neg_fail"": 0.0, ""n_test"": 175}, ""targets"": {""auc"": 0.7209795918367348, ""ap"": 0.7391887655072826, ""neg_fail"": 0.0, ""n_test"": 175}}"
transe,"TransE (translational decoder, no propagation)",0.0,28,59457,0.8118866342079751,0.7908499059392636,0.7941895864936563,0.38536927103996277,0.5140893470790378,0.06871127337217331,0.7491408934707904,-0.15589721500873566,"{""hasForce"": {""auc"": 0.7915916955017301, ""ap"": 0.814563449372816, ""neg_fail"": 0.0, ""n_test"": 170}, ""hasIntensity"": {""auc"": 0.8166857142857143, ""ap"": 0.8126437731647926, ""neg_fail"": 0.0, ""n_test"": 175}, ""hasMechanic"": {""auc"": 0.9255728248678096, ""ap"": 0.9276493680416407, ""neg_fail"": 0.0, ""n_test"": 158}, ""isVariationOf"": {""auc"": 0.8579881656804733, ""ap"": 0.8764058558990342, ""neg_fail"": 0.0, ""n_test"": 26}, ""recruits"": {""auc"": 0.7989181379589099, ""ap"": 0.8080589718649729, ""neg_fail"": 0.0, ""n_test"": 341}, ""requires"": {""auc"": 0.7123265306122449, ""ap"": 0.7122167767608781, ""neg_fail"": 0.0, ""n_test"": 175}, ""targets"": {""auc"": 0.7286530612244899, ""ap"": 0.747119519558063, ""neg_fail"": 0.0, ""n_test"": 175}}"
transe,"TransE (translational decoder, no propagation)",0.0,29,59457,0.82719014475705,0.8143677774791723,0.8071404993575684,0.38956475257873535,0.4934707903780069,0.07993359863758087,0.7528064146620848,-0.13108205795288086,"{""hasForce"": {""auc"": 0.8516955017301039, ""ap"": 0.8756505826463686, ""neg_fail"": 0.0, ""n_test"": 170}, ""hasIntensity"": {""auc"": 0.7939918367346939, ""ap"": 0.7926798909809079, ""neg_fail"": 0.0, ""n_test"": 175}, ""hasMechanic"": {""auc"": 0.9206056721679218, ""ap"": 0.9328277568673458, ""neg_fail"": 0.0, ""n_test"": 158}, ""isVariationOf"": {""auc"": 0.7884615384615384, ""ap"": 0.8023974718138471, ""neg_fail"": 0.0, ""n_test"": 26}, ""recruits"": {""auc"": 0.8337561596477497, ""ap"": 0.8267768613905382, ""neg_fail"": 0.0, ""n_test"": 341}, ""requires"": {""auc"": 0.7113142857142858, ""ap"": 0.6816873273586637, ""neg_fail"": 0.0, ""n_test"": 175}, ""targets"": {""auc"": 0.7855673469387756, ""ap"": 0.780125191455936, ""neg_fail"": 0.0, ""n_test"": 175}}"
complex,"ComplEx (complex bilinear decoder, no propagation)",0.0,0,59456,0.8522367088193968,0.8477882289707068,0.8380752833278959,0.3628043532371521,0.5562428407789233,0.08995766937732697,0.740893470790378,-0.1269463449716568,"{""hasForce"": {""auc"": 0.9244636678200692, ""ap"": 0.92134774356599, ""neg_fail"": 0.0, ""n_test"": 170}, ""hasIntensity"": {""auc"": 0.8749061224489796, ""ap"": 0.8296751747595743, ""neg_fail"": 0.0, ""n_test"": 175}, ""hasMechanic"": {""auc"": 0.9323025156224964, ""ap"": 0.9316598283775134, ""neg_fail"": 0.0, ""n_test"": 158}, ""isVariationOf"": {""auc"": 0.8062130177514792, ""ap"": 0.7619286717268627, ""neg_fail"": 0.0, ""n_test"": 26}, ""recruits"": {""auc"": 0.8526242464375092, ""ap"": 0.856787335092099, ""neg_fail"": 0.0, ""n_test"": 341}, ""requires"": {""auc"": 0.7171918367346939, ""ap"": 0.713805635546787, ""neg_fail"": 0.0, ""n_test"": 175}, ""targets"": {""auc"": 0.8047673469387755, ""ap"": 0.8063685366439273, ""neg_fail"": 0.0, ""n_test"": 175}}"
complex,"ComplEx (complex bilinear decoder, no propagation)",0.0,1,59456,0.8637715256674182,0.8478077129803816,0.8444906590841693,0.3548417091369629,0.5809851088201604,0.07214436680078506,0.7550973654066437,-0.15455806255340576,"{""hasForce"": {""auc"": 0.9143944636678201, ""ap"": 0.9116513411053612, ""neg_fail"": 0.0, ""n_test"": 170}, ""hasIntensity"": {""auc"": 0.8406204081632653, ""ap"": 0.810357130902222, ""neg_fail"": 0.0, ""n_test"": 175}, ""hasMechanic"": {""auc"": 0.9503685306841851, ""ap"": 0.9503856160886829, ""neg_fail"": 0.0, ""n_test"": 158}, ""isVariationOf"": {""auc"": 0.9215976331360947, ""ap"": 0.9133679547490707, ""neg_fail"": 0.0, ""n_test"": 26}, ""recruits"": {""auc"": 0.845365966924949, ""ap"": 0.8479372223226418, ""neg_fail"": 0.0, ""n_test"": 341}, ""requires"": {""auc"": 0.7021714285714287, ""ap"": 0.7181918832270702, ""neg_fail"": 0.0, ""n_test"": 175}, ""targets"": {""auc"": 0.8371918367346939, ""ap"": 0.8533198579617702, ""neg_fail"": 0.0, ""n_test"": 175}}"
complex,"ComplEx (complex bilinear decoder, no propagation)",0.0,2,59456,0.8576419523140433,0.8361865090029562,0.8322066542721768,0.2885570228099823,0.520504009163803,0.06597958505153656,0.7441008018327606,-0.09448124468326569,"{""hasForce"": {""auc"": 0.9140484429065744, ""ap"": 0.9132858499159089, ""neg_fail"": 0.0, ""n_test"": 170}, ""hasIntensity"": {""auc"": 0.8476408163265305, ""ap"": 0.811094847844404, ""neg_fail"": 0.0, ""n_test"": 175}, ""hasMechanic"": {""auc"": 0.9236099983976926, ""ap"": 0.9259760229129367, ""neg_fail"": 0.0, ""n_test"": 158}, ""isVariationOf"": {""auc"": 0.5946745562130178, ""ap"": 0.6705122529679366, ""neg_fail"": 0.0, ""n_test"": 26}, ""recruits"": {""auc"": 0.8493133013991968, ""ap"": 0.8533491948575306, ""neg_fail"": 0.0, ""n_test"": 341}, ""requires"": {""auc"": 0.7261061224489797, ""ap"": 0.6999906036692414, ""neg_fail"": 0.0, ""n_test"": 175}, ""targets"": {""auc"": 0.7806367346938775, ""ap"": 0.7924279372197325, ""neg_fail"": 0.0, ""n_test"": 175}}"
complex,"ComplEx (complex bilinear decoder, no propagation)",0.0,3,59456,0.8303025847139169,0.8232464391292664,0.8231337867563445,0.30223965644836426,0.5530355097365407,0.061391934752464294,0.7315005727376861,-0.12315444648265839,"{""hasForce"": {""auc"": 0.8452249134948098, ""ap"": 0.8543444967023539, ""neg_fail"": 0.0, ""n_test"": 170}, ""hasIntensity"": {""auc"": 0.8745142857142857, ""ap"": 0.8281465000218268, ""neg_fail"": 0.0, ""n_test"": 175}, ""hasMechanic"": {""auc"": 0.9503284730011217, ""ap"": 0.9506269549479585, ""neg_fail"": 0.0, ""n_test"": 158}, ""isVariationOf"": {""auc"": 0.7692307692307692, ""ap"": 0.7476458705181558, ""neg_fail"": 0.0, ""n_test"": 26}, ""recruits"": {""auc"": 0.82482950783017, ""ap"": 0.8282143340477315, ""neg_fail"": 0.0, ""n_test"": 341}, ""requires"": {""auc"": 0.6731755102040816, ""ap"": 0.6853632826851648, ""neg_fail"": 0.0, ""n_test"": 175}, ""targets"": {""auc"": 0.7228734693877552, ""ap"": 0.7616220221691462, ""neg_fail"": 0.0, ""n_test"": 175}}"
complex,"ComplEx (complex bilinear decoder, no propagation)",0.0,4,59456,0.8395881667374658,0.8317441547970976,0.8336378288910746,0.3172226548194885,0.5873997709049256,0.07177503407001495,0.7358533791523483,-0.12962597608566284,"{""hasForce"": {""auc"": 0.9090311418685121, ""ap"": 0.9037156494492, ""neg_fail"": 0.0, ""n_test"": 170}, ""hasIntensity"": {""auc"": 0.8540408163265306, ""ap"": 0.8339907587620387, ""neg_fail"": 0.0, ""n_test"": 175}, ""hasMechanic"": {""auc"": 0.9386716872296106, ""ap"": 0.9372808650140474, ""neg_fail"": 0.0, ""n_test"": 158}, ""isVariationOf"": {""auc"": 0.8476331360946746, ""ap"": 0.8634615181125472, ""neg_fail"": 0.0, ""n_test"": 26}, ""recruits"": {""auc"": 0.8207875749262563, ""ap"": 0.8361578045517588, ""neg_fail"": 0.0, ""n_test"": 341}, ""requires"": {""auc"": 0.6922448979591838, ""ap"": 0.6831066574701252, ""neg_fail"": 0.0, ""n_test"": 175}, ""targets"": {""auc"": 0.7809632653061224, ""ap"": 0.7988384728677409, ""neg_fail"": 0.0, ""n_test"": 175}}"
complex,"ComplEx (complex bilinear decoder, no propagation)",0.0,5,59456,0.8574050474354367,0.8636085729642569,0.8593152837212077,0.3029595911502838,0.5686139747995418,0.06501924991607666,0.722794959908362,-0.10454727709293365,"{""hasForce"": {""auc"": 0.8883044982698962, ""ap"": 0.8729427711494071, ""neg_fail"": 0.0, ""n_test"": 170}, ""hasIntensity"": {""auc"": 0.8989061224489796, ""ap"": 0.865235140472448, ""neg_fail"": 0.0, ""n_test"": 175}, ""hasMechanic"": {""auc"": 0.9884633872776799, ""ap"": 0.9885974700079962, ""neg_fail"": 0.0, ""n_test"": 158}, ""isVariationOf"": {""auc"": 0.8254437869822484, ""ap"": 0.8068551236258081, ""neg_fail"": 0.0, ""n_test"": 26}, ""recruits"": {""auc"": 0.8616712962564822, ""ap"": 0.8735183707928006, ""neg_fail"": 0.0, ""n_test"": 341}, ""requires"": {""auc"": 0.7063510204081632, ""ap"": 0.7148672696803229, ""neg_fail"": 0.0, ""n_test"": 175}, ""targets"": {""auc"": 0.8075102040816327, ""ap"": 0.8204322594121646, ""neg_fail"": 0.0, ""n_test"": 175}}"
complex,"ComplEx (complex bilinear decoder, no propagation)",0.0,6,59456,0.8688227733664455,0.8465217683418436,0.8362112209922846,0.34617969393730164,0.5560137457044674,0.08357041329145432,0.7505154639175258,-0.10571298003196716,"{""hasForce"": {""auc"": 0.9478892733564014, ""ap"": 0.9353691492087827, ""neg_fail"": 0.0, ""n_test"": 170}, ""hasIntensity"": {""auc"": 0.841730612244898, ""ap"": 0.8453912024838683, ""neg_fail"": 0.0, ""n_test"": 175}, ""hasMechanic"": {""auc"": 0.9616247396250601, ""ap"": 0.9618468155595883, ""neg_fail"": 0.0, ""n_test"": 158}, ""isVariationOf"": {""auc"": 0.8076923076923077, ""ap"": 0.7776568627790595, ""neg_fail"": 0.0, ""n_test"": 26}, ""recruits"": {""auc"": 0.8384516817020837, ""ap"": 0.8508252115868857, ""neg_fail"": 0.0, ""n_test"": 341}, ""requires"": {""auc"": 0.7215673469387756, ""ap"": 0.6968242473198925, ""neg_fail"": 0.0, ""n_test"": 175}, ""targets"": {""auc"": 0.7976163265306122, ""ap"": 0.8010018351542557, ""neg_fail"": 0.0, ""n_test"": 175}}"
complex,"ComplEx (complex bilinear decoder, no propagation)",0.0,7,59456,0.850458560707556,0.842135178715399,0.8351575047386881,0.32078230381011963,0.5576174112256587,0.07380163669586182,0.7429553264604811,-0.09501638263463974,"{""hasForce"": {""auc"": 0.9295847750865052, ""ap"": 0.9295188269117172, ""neg_fail"": 0.0, ""n_test"": 170}, ""hasIntensity"": {""auc"": 0.9028897959183674, ""ap"": 0.8651822964507044, ""neg_fail"": 0.0, ""n_test"": 175}, ""hasMechanic"": {""auc"": 0.9126341932382631, ""ap"": 0.9094139523639932, ""neg_fail"": 0.0, ""n_test"": 158}, ""isVariationOf"": {""auc"": 0.8195266272189349, ""ap"": 0.802380497348902, ""neg_fail"": 0.0, ""n_test"": 26}, ""recruits"": {""auc"": 0.8284156483002383, ""ap"": 0.8344330547808931, ""neg_fail"": 0.0, ""n_test"": 341}, ""requires"": {""auc"": 0.718138775510204, ""ap"": 0.7362477391633979, ""neg_fail"": 0.0, ""n_test"": 175}, ""targets"": {""auc"": 0.7962448979591835, ""ap"": 0.8003763861237757, ""neg_fail"": 0.0, ""n_test"": 175}}"
complex,"ComplEx (complex bilinear decoder, no propagation)",0.0,8,59456,0.8646973608251914,0.844656006449879,0.8253047608416639,0.37419575452804565,0.488659793814433,0.09382271766662598,0.7495990836197022,-0.13372914493083954,"{""hasForce"": {""auc"": 0.9453287197231833, ""ap"": 0.9399846122643026, ""neg_fail"": 0.0, ""n_test"": 170}, ""hasIntensity"": {""auc"": 0.8540734693877551, ""ap"": 0.7831374298094684, ""neg_fail"": 0.0, ""n_test"": 175}, ""hasMechanic"": {""auc"": 0.9589008171767346, ""ap"": 0.9594857730490594, ""neg_fail"": 0.0, ""n_test"": 158}, ""isVariationOf"": {""auc"": 0.8757396449704141, ""ap"": 0.8605039178566131, ""neg_fail"": 0.0, ""n_test"": 26}, ""recruits"": {""auc"": 0.8501990866951608, ""ap"": 0.8467911283887131, ""neg_fail"": 0.0, ""n_test"": 341}, ""requires"": {""auc"": 0.6794775510204081, ""ap"": 0.6641547039032971, ""neg_fail"": 0.0, ""n_test"": 175}, ""targets"": {""auc"": 0.7811265306122448, ""ap"": 0.7841274310294519, ""neg_fail"": 0.0, ""n_test"": 175}}"
complex,"ComplEx (complex bilinear decoder, no propagation)",0.0,9,59456,0.8670881939679116,0.8591628594463854,0.8374983697527785,0.3198278844356537,0.5539518900343643,0.07675947993993759,0.7383734249713632,-0.09222078323364258,"{""hasForce"": {""auc"": 0.9185813148788927, ""ap"": 0.9075798913318177, ""neg_fail"": 0.0, ""n_test"": 170}, ""hasIntensity"": {""auc"": 0.8899265306122449, ""ap"": 0.8212043815364233, ""neg_fail"": 0.0, ""n_test"": 175}, ""hasMechanic"": {""auc"": 0.9734818138118891, ""ap"": 0.9736660272442198, ""neg_fail"": 0.0, ""n_test"": 158}, ""isVariationOf"": {""auc"": 0.8505917159763313, ""ap"": 0.8567725580050589, ""neg_fail"": 0.0, ""n_test"": 26}, ""recruits"": {""auc"": 0.8609575081053655, ""ap"": 0.8584636539872735, ""neg_fail"": 0.0, ""n_test"": 341}, ""requires"": {""auc"": 0.7156897959183673, ""ap"": 0.6801178724970356, ""neg_fail"": 0.0, ""n_test"": 175}, ""targets"": {""auc"": 0.791869387755102, ""ap"": 0.8089995394683938, ""neg_fail"": 0.0, ""n_test"": 175}}"
complex,"ComplEx (complex bilinear decoder, no propagation)",0.0,10,59456,0.875510570859066,0.857332034399355,0.8372805232337241,0.3551478385925293,0.5640320733104238,0.08388946205377579,0.7315005727376861,-0.1374121904373169,"{""hasForce"": {""auc"": 0.9489619377162629, ""ap"": 0.9433407922695938, ""neg_fail"": 0.0, ""n_test"": 170}, ""hasIntensity"": {""auc"": 0.8745142857142857, ""ap"": 0.8105163487133732, ""neg_fail"": 0.0, ""n_test"": 175}, ""hasMechanic"": {""auc"": 0.9765662554077872, ""ap"": 0.9768097723338135, ""neg_fail"": 0.0, ""n_test"": 158}, ""isVariationOf"": {""auc"": 0.8224852071005917, ""ap"": 0.726489741699697, ""neg_fail"": 0.0, ""n_test"": 26}, ""recruits"": {""auc"": 0.8640448568553762, ""ap"": 0.8651573603977245, ""neg_fail"": 0.0, ""n_test"": 341}, ""requires"": {""auc"": 0.6265795918367347, ""ap"": 0.6217179484848798, ""neg_fail"": 0.0, ""n_test"": 175}, ""targets"": {""auc"": 0.8213551020408163, ""ap"": 0.8304628664950562, ""neg_fail"": 0.0, ""n_test"": 175}}"
complex,"ComplEx (complex bilinear decoder, no propagation)",0.0,11,59456,0.8615413521550175,0.8460655737704919,0.8347234317291551,0.3310782313346863,0.5475372279495991,0.07962249219417572,0.7468499427262314,-0.10825453698635101,"{""hasForce"": {""auc"": 0.9034602076124567, ""ap"": 0.9036822752190599, ""neg_fail"": 0.0, ""n_test"": 170}, ""hasIntensity"": {""auc"": 0.8274612244897959, ""ap"": 0.8334076873876508, ""neg_fail"": 0.0, ""n_test"": 175}, ""hasMechanic"": {""auc"": 0.9494071462906586, ""ap"": 0.9505889435637483, ""neg_fail"": 0.0, ""n_test"": 158}, ""isVariationOf"": {""auc"": 0.7529585798816568, ""ap"": 0.766379714688693, ""neg_fail"": 0.0, ""n_test"": 26}, ""recruits"": {""auc"": 0.870666746932001, ""ap"": 0.8584770739301156, ""neg_fail"": 0.0, ""n_test"": 341}, ""requires"": {""auc"": 0.6964571428571428, ""ap"": 0.6647265931724867, ""neg_fail"": 0.0, ""n_test"": 175}, ""targets"": {""auc"": 0.8331428571428571, ""ap"": 0.8283094293518396, ""neg_fail"": 0.0, ""n_test"": 175}}"
complex,"ComplEx (complex bilinear decoder, no propagation)",0.0,12,59456,0.8572770643400973,0.8340553614619726,0.8132620991600513,0.3272249102592468,0.5539518900343643,0.07392117381095886,0.7308132875143184,-0.11835727095603943,"{""hasForce"": {""auc"": 0.898961937716263, ""ap"": 0.8918652500348673, ""neg_fail"": 0.0, ""n_test"": 170}, ""hasIntensity"": {""auc"": 0.8584816326530612, ""ap"": 0.8122667738585015, ""neg_fail"": 0.0, ""n_test"": 175}, ""hasMechanic"": {""auc"": 0.9544544143566737, ""ap"": 0.9541070478826095, ""neg_fail"": 0.0, ""n_test"": 158}, ""isVariationOf"": {""auc"": 0.8047337278106509, ""ap"": 0.8126090171633871, ""neg_fail"": 0.0, ""n_test"": 26}, ""recruits"": {""auc"": 0.8494164996861052, ""ap"": 0.8431372969250882, ""neg_fail"": 0.0, ""n_test"": 341}, ""requires"": {""auc"": 0.6704, ""ap"": 0.6368367477149774, ""neg_fail"": 0.0, ""n_test"": 175}, ""targets"": {""auc"": 0.7577142857142857, ""ap"": 0.7654619083973333, ""neg_fail"": 0.0, ""n_test"": 175}}"
complex,"ComplEx (complex bilinear decoder, no propagation)",0.0,13,59456,0.8852454552385931,0.8674140016124698,0.8468939185311034,0.3840811848640442,0.5507445589919817,0.0872233659029007,0.7473081328751432,-0.13377732038497925,"{""hasForce"": {""auc"": 0.9523183391003459, ""ap"": 0.9376158901842204, ""neg_fail"": 0.0, ""n_test"": 170}, ""hasIntensity"": {""auc"": 0.8606367346938776, ""ap"": 0.8346184420366829, ""neg_fail"": 0.0, ""n_test"": 175}, ""hasMechanic"": {""auc"": 0.9727607755167441, ""ap"": 0.9724923547302569, ""neg_fail"": 0.0, ""n_test"": 158}, ""isVariationOf"": {""auc"": 0.886094674556213, ""ap"": 0.8677136589571743, ""neg_fail"": 0.0, ""n_test"": 26}, ""recruits"": {""auc"": 0.8536046301631393, ""ap"": 0.8420993947160269, ""neg_fail"": 0.0, ""n_test"": 341}, ""requires"": {""auc"": 0.7624489795918368, ""ap"": 0.7437650926679007, ""neg_fail"": 0.0, ""n_test"": 175}, ""targets"": {""auc"": 0.8212571428571427, ""ap"": 0.8166186759929355, ""neg_fail"": 0.0, ""n_test"": 175}}"
complex,"ComplEx (complex bilinear decoder, no propagation)",0.0,14,59456,0.8702033569693601,0.8725880139747381,0.8553715947975861,0.36606791615486145,0.5489117983963345,0.09902878105640411,0.7482245131729668,-0.1106700748205185,"{""hasForce"": {""auc"": 0.9457785467128028, ""ap"": 0.9419452011204337, ""neg_fail"": 0.0, ""n_test"": 170}, ""hasIntensity"": {""auc"": 0.8906448979591837, ""ap"": 0.8396288053267773, ""neg_fail"": 0.0, ""n_test"": 175}, ""hasMechanic"": {""auc"": 0.9696362762377825, ""ap"": 0.9659991515622905, ""neg_fail"": 0.0, ""n_test"": 158}, ""isVariationOf"": {""auc"": 0.8062130177514792, ""ap"": 0.806340944801383, ""neg_fail"": 0.0, ""n_test"": 26}, ""recruits"": {""auc"": 0.8901282238714838, ""ap"": 0.8824368610082579, ""neg_fail"": 0.0, ""n_test"": 341}, ""requires"": {""auc"": 0.7285224489795917, ""ap"": 0.6888927969013172, ""neg_fail"": 0.0, ""n_test"": 175}, ""targets"": {""auc"": 0.7921632653061225, ""ap"": 0.8041436361639419, ""neg_fail"": 0.0, ""n_test"": 175}}"
complex,"ComplEx (complex bilinear decoder, no propagation)",0.0,15,59456,0.8687438050735766,0.8452452297769417,0.8281910805304644,0.3170148730278015,0.5571592210767469,0.07608625292778015,0.7285223367697594,-0.09594494104385376,"{""hasForce"": {""auc"": 0.9408650519031142, ""ap"": 0.9440504849337816, ""neg_fail"": 0.0, ""n_test"": 170}, ""hasIntensity"": {""auc"": 0.8826448979591837, ""ap"": 0.820862061164201, ""neg_fail"": 0.0, ""n_test"": 175}, ""hasMechanic"": {""auc"": 0.9546547027719917, ""ap"": 0.9560240320870477, ""neg_fail"": 0.0, ""n_test"": 158}, ""isVariationOf"": {""auc"": 0.8002958579881657, ""ap"": 0.7325909052554669, ""neg_fail"": 0.0, ""n_test"": 26}, ""recruits"": {""auc"": 0.8495024982585289, ""ap"": 0.842383334183682, ""neg_fail"": 0.0, ""n_test"": 341}, ""requires"": {""auc"": 0.6684408163265306, ""ap"": 0.6616421392283532, ""neg_fail"": 0.0, ""n_test"": 175}, ""targets"": {""auc"": 0.769665306122449, ""ap"": 0.7731908635974554, ""neg_fail"": 0.0, ""n_test"": 175}}"
complex,"ComplEx (complex bilinear decoder, no propagation)",0.0,16,59456,0.8745874587458746,0.8413396936307443,0.8318762860082136,0.36232292652130127,0.5564719358533792,0.09846386313438416,0.7626575028636884,-0.11807992309331894,"{""hasForce"": {""auc"": 0.9431141868512112, ""ap"": 0.9360099965537796, ""neg_fail"": 0.0, ""n_test"": 170}, ""hasIntensity"": {""auc"": 0.8080326530612245, ""ap"": 0.7903059727795944, ""neg_fail"": 0.0, ""n_test"": 175}, ""hasMechanic"": {""auc"": 0.9380708219836564, ""ap"": 0.9355807881191054, ""neg_fail"": 0.0, ""n_test"": 158}, ""isVariationOf"": {""auc"": 0.8964497041420119, ""ap"": 0.8750300940200185, ""neg_fail"": 0.0, ""n_test"": 26}, ""recruits"": {""auc"": 0.8645608482899183, ""ap"": 0.8526358659558863, ""neg_fail"": 0.0, ""n_test"": 341}, ""requires"": {""auc"": 0.6808816326530612, ""ap"": 0.6776722040786758, ""neg_fail"": 0.0, ""n_test"": 175}, ""targets"": {""auc"": 0.7816489795918368, ""ap"": 0.7912718109116287, ""neg_fail"": 0.0, ""n_test"": 175}}"
complex,"ComplEx (complex bilinear decoder, no propagation)",0.0,17,59456,0.8509269243756059,0.8494094329481321,0.8383524806772105,0.3311581313610077,0.5709049255441008,0.07384327799081802,0.7395189003436426,-0.13523617386817932,"{""hasForce"": {""auc"": 0.911833910034602, ""ap"": 0.8973098391010804, ""neg_fail"": 0.0, ""n_test"": 170}, ""hasIntensity"": {""auc"": 0.8255020408163265, ""ap"": 0.7748831398513525, ""neg_fail"": 0.0, ""n_test"": 175}, ""hasMechanic"": {""auc"": 0.9625060086524596, ""ap"": 0.9651873972479389, ""neg_fail"": 0.0, ""n_test"": 158}, ""isVariationOf"": {""auc"": 0.7810650887573964, ""ap"": 0.7627933724582223, ""neg_fail"": 0.0, ""n_test"": 26}, ""recruits"": {""auc"": 0.8625054824089919, ""ap"": 0.8697101668773406, ""neg_fail"": 0.0, ""n_test"": 341}, ""requires"": {""auc"": 0.6915265306122449, ""ap"": 0.6611257379553457, ""neg_fail"": 0.0, ""n_test"": 175}, ""targets"": {""auc"": 0.8469551020408164, ""ap"": 0.8551319370169772, ""neg_fail"": 0.0, ""n_test"": 175}}"
complex,"ComplEx (complex bilinear decoder, no propagation)",0.0,18,59456,0.8496824930017753,0.8412127116366569,0.8245002745039532,0.3351673483848572,0.5367697594501718,0.07649753242731094,0.7422680412371134,-0.12541185319423676,"{""hasForce"": {""auc"": 0.8840484429065744, ""ap"": 0.8706671284985509, ""neg_fail"": 0.0, ""n_test"": 170}, ""hasIntensity"": {""auc"": 0.862530612244898, ""ap"": 0.8033274971796096, ""neg_fail"": 0.0, ""n_test"": 175}, ""hasMechanic"": {""auc"": 0.9625460663355232, ""ap"": 0.9623336100499371, ""neg_fail"": 0.0, ""n_test"": 158}, ""isVariationOf"": {""auc"": 0.7174556213017751, ""ap"": 0.6847852777942179, ""neg_fail"": 0.0, ""n_test"": 26}, ""recruits"": {""auc"": 0.855367600897825, ""ap"": 0.8468223069554868, ""neg_fail"": 0.0, ""n_test"": 341}, ""requires"": {""auc"": 0.6658938775510203, ""ap"": 0.6834713804538585, ""neg_fail"": 0.0, ""n_test"": 175}, ""targets"": {""auc"": 0.8124408163265306, ""ap"": 0.8114438077898671, ""neg_fail"": 0.0, ""n_test"": 175}}"
complex,"ComplEx (complex bilinear decoder, no propagation)",0.0,19,59456,0.8670228408979512,0.8484170921795217,0.8436482700694826,0.3610466420650482,0.5761741122565864,0.08508077263832092,0.7491408934707904,-0.12266667932271957,"{""hasForce"": {""auc"": 0.9040484429065744, ""ap"": 0.8916480199962034, ""neg_fail"": 0.0, ""n_test"": 170}, ""hasIntensity"": {""auc"": 0.8679836734693878, ""ap"": 0.8609056774137817, ""neg_fail"": 0.0, ""n_test"": 175}, ""hasMechanic"": {""auc"": 0.9448806281044705, ""ap"": 0.9466807751133166, ""neg_fail"": 0.0, ""n_test"": 158}, ""isVariationOf"": {""auc"": 0.7973372781065089, ""ap"": 0.786401983611499, ""neg_fail"": 0.0, ""n_test"": 26}, ""recruits"": {""auc"": 0.8544474161728917, ""ap"": 0.860809246355681, ""neg_fail"": 0.0, ""n_test"": 341}, ""requires"": {""auc"": 0.6954122448979593, ""ap"": 0.6596172895022292, ""neg_fail"": 0.0, ""n_test"": 175}, ""targets"": {""auc"": 0.8458122448979594, ""ap"": 0.8602391428656535, ""neg_fail"": 0.0, ""n_test"": 175}}"
complex,"ComplEx (complex bilinear decoder, no propagation)",0.0,20,59456,0.8668948578026119,0.8418751679656008,0.8284200737772388,0.3577045202255249,0.534020618556701,0.07502180337905884,0.7418098510882016,-0.1249508410692215,"{""hasForce"": {""auc"": 0.933356401384083, ""ap"": 0.9324600632765627, ""neg_fail"": 0.0, ""n_test"": 170}, ""hasIntensity"": {""auc"": 0.8360816326530612, ""ap"": 0.7934356248535636, ""neg_fail"": 0.0, ""n_test"": 175}, ""hasMechanic"": {""auc"": 0.9448806281044705, ""ap"": 0.9404082003775606, ""neg_fail"": 0.0, ""n_test"": 158}, ""isVariationOf"": {""auc"": 0.834319526627219, ""ap"": 0.816995630252465, ""neg_fail"": 0.0, ""n_test"": 26}, ""recruits"": {""auc"": 0.849898091691678, ""ap"": 0.8518677380603056, ""neg_fail"": 0.0, ""n_test"": 341}, ""requires"": {""auc"": 0.6679510204081632, ""ap"": 0.6531654655286294, ""neg_fail"": 0.0, ""n_test"": 175}, ""targets"": {""auc"": 0.8232163265306123, ""ap"": 0.8158192034210897, ""neg_fail"": 0.0, ""n_test"": 175}}"
complex,"ComplEx (complex bilinear decoder, no propagation)",0.0,21,59456,0.8686076528444923,0.8613551464660036,0.8494491878930573,0.33520564436912537,0.5731958762886598,0.07655633985996246,0.7512027491408935,-0.11497688293457031,"{""hasForce"": {""auc"": 0.945190311418685, ""ap"": 0.9497024866315268, ""neg_fail"": 0.0, ""n_test"": 170}, ""hasIntensity"": {""auc"": 0.8683755102040817, ""ap"": 0.8095910349501783, ""neg_fail"": 0.0, ""n_test"": 175}, ""hasMechanic"": {""auc"": 0.9775676974843776, ""ap"": 0.9772126855418248, ""neg_fail"": 0.0, ""n_test"": 158}, ""isVariationOf"": {""auc"": 0.915680473372781, ""ap"": 0.9227507441785989, ""neg_fail"": 0.0, ""n_test"": 26}, ""recruits"": {""auc"": 0.8817777624891427, ""ap"": 0.8807572282348484, ""neg_fail"": 0.0, ""n_test"": 341}, ""requires"": {""auc"": 0.6560326530612246, ""ap"": 0.6486738968653532, ""neg_fail"": 0.0, ""n_test"": 175}, ""targets"": {""auc"": 0.8009142857142857, ""ap"": 0.8074335804235762, ""neg_fail"": 0.0, ""n_test"": 175}}"
complex,"ComplEx (complex bilinear decoder, no propagation)",0.0,22,59456,0.877106274983934,0.8577593388873959,0.8321481009163575,0.3759269714355469,0.5315005727376861,0.09457708150148392,0.7438717067583047,-0.12146737426519394,"{""hasForce"": {""auc"": 0.9253979238754325, ""ap"": 0.8903170309378077, ""neg_fail"": 0.0, ""n_test"": 170}, ""hasIntensity"": {""auc"": 0.8803591836734694, ""ap"": 0.8200260369144887, ""neg_fail"": 0.0, ""n_test"": 175}, ""hasMechanic"": {""auc"": 0.9871414837365806, ""ap"": 0.9881420187943641, ""neg_fail"": 0.0, ""n_test"": 158}, ""isVariationOf"": {""auc"": 0.8609467455621301, ""ap"": 0.8409572732193809, ""neg_fail"": 0.0, ""n_test"": 26}, ""recruits"": {""auc"": 0.8379270904102991, ""ap"": 0.8263192168090767, ""neg_fail"": 0.0, ""n_test"": 341}, ""requires"": {""auc"": 0.7376326530612245, ""ap"": 0.6953185373171531, ""neg_fail"": 0.0, ""n_test"": 175}, ""targets"": {""auc"": 0.8129632653061225, ""ap"": 0.8285641367149036, ""neg_fail"": 0.0, ""n_test"": 175}}"
complex,"ComplEx (complex bilinear decoder, no propagation)",0.0,23,59456,0.841875524186082,0.8348595807578609,0.8301513771014499,0.35794952511787415,0.5454753722794959,0.08343610167503357,0.7482245131729668,-0.12218988686800003,"{""hasForce"": {""auc"": 0.9015916955017301, ""ap"": 0.9099555781968367, ""neg_fail"": 0.0, ""n_test"": 170}, ""hasIntensity"": {""auc"": 0.8402938775510204, ""ap"": 0.7973031032251832, ""neg_fail"": 0.0, ""n_test"": 175}, ""hasMechanic"": {""auc"": 0.9455616087165517, ""ap"": 0.9429768997430693, ""neg_fail"": 0.0, ""n_test"": 158}, ""isVariationOf"": {""auc"": 0.8505917159763314, ""ap"": 0.850429570960547, ""neg_fail"": 0.0, ""n_test"": 26}, ""recruits"": {""auc"": 0.8494938984012865, ""ap"": 0.8545468963138376, ""neg_fail"": 0.0, ""n_test"": 341}, ""requires"": {""auc"": 0.6883591836734694, ""ap"": 0.6814739576208347, ""neg_fail"": 0.0, ""n_test"": 175}, ""targets"": {""auc"": 0.7703510204081633, ""ap"": 0.7785698207111664, ""neg_fail"": 0.0, ""n_test"": 175}}"
complex,"ComplEx (complex bilinear decoder, no propagation)",0.0,24,59456,0.8614079229705148,0.8433257188927707,0.8353474417617264,0.26202288269996643,0.5720504009163803,0.04797019064426422,0.7243986254295532,-0.09437176585197449,"{""hasForce"": {""auc"": 0.8908996539792389, ""ap"": 0.856571309804179, ""neg_fail"": 0.0, ""n_test"": 170}, ""hasIntensity"": {""auc"": 0.8805877551020408, ""ap"": 0.8725792775755205, ""neg_fail"": 0.0, ""n_test"": 175}, ""hasMechanic"": {""auc"": 0.9741627944239706, ""ap"": 0.9739065310424885, ""neg_fail"": 0.0, ""n_test"": 158}, ""isVariationOf"": {""auc"": 0.7026627218934912, ""ap"": 0.679817117943505, ""neg_fail"": 0.0, ""n_test"": 26}, ""recruits"": {""auc"": 0.8515148648532435, ""ap"": 0.854133465783612, ""neg_fail"": 0.0, ""n_test"": 341}, ""requires"": {""auc"": 0.6953795918367347, ""ap"": 0.6931375722310411, ""neg_fail"": 0.0, ""n_test"": 175}, ""targets"": {""auc"": 0.7524571428571428, ""ap"": 0.7753761918709176, ""neg_fail"": 0.0, ""n_test"": 175}}"
complex,"ComplEx (complex bilinear decoder, no propagation)",0.0,25,59456,0.8724553148384145,0.8470525396398818,0.8454145240938357,0.301341712474823,0.5376861397479954,0.06835611909627914,0.7301260022909507,-0.11070999503135681,"{""hasForce"": {""auc"": 0.8922837370242214, ""ap"": 0.8993197404103576, ""neg_fail"": 0.0, ""n_test"": 170}, ""hasIntensity"": {""auc"": 0.8577632653061225, ""ap"": 0.8320263098993925, ""neg_fail"": 0.0, ""n_test"": 175}, ""hasMechanic"": {""auc"": 0.9525316455696202, ""ap"": 0.9512907867679095, ""neg_fail"": 0.0, ""n_test"": 158}, ""isVariationOf"": {""auc"": 0.7973372781065089, ""ap"": 0.8154886813492385, ""neg_fail"": 0.0, ""n_test"": 26}, ""recruits"": {""auc"": 0.8614305002536959, ""ap"": 0.8640060756009217, ""neg_fail"": 0.0, ""n_test"": 341}, ""requires"": {""auc"": 0.6787918367346938, ""ap"": 0.6383045987096936, ""neg_fail"": 0.0, ""n_test"": 175}, ""targets"": {""auc"": 0.8362122448979592, ""ap"": 0.8409326006764364, ""neg_fail"": 0.0, ""n_test"": 175}}"
complex,"ComplEx (complex bilinear decoder, no propagation)",0.0,26,59456,0.8662304349246807,0.8478859849502822,0.842890319937895,0.2693623900413513,0.5649484536082474,0.05779692530632019,0.7225658648339061,-0.09354538470506668,"{""hasForce"": {""auc"": 0.9093079584775087, ""ap"": 0.9110534653882632, ""neg_fail"": 0.0, ""n_test"": 170}, ""hasIntensity"": {""auc"": 0.8774204081632653, ""ap"": 0.8417302107114797, ""neg_fail"": 0.0, ""n_test"": 175}, ""hasMechanic"": {""auc"": 0.954013779842974, ""ap"": 0.9524017510063816, ""neg_fail"": 0.0, ""n_test"": 158}, ""isVariationOf"": {""auc"": 0.8934911242603552, ""ap"": 0.85793402858767, ""neg_fail"": 0.0, ""n_test"": 26}, ""recruits"": {""auc"": 0.8371273036867587, ""ap"": 0.8409832424648748, ""neg_fail"": 0.0, ""n_test"": 341}, ""requires"": {""auc"": 0.7332897959183673, ""ap"": 0.7441453470257158, ""neg_fail"": 0.0, ""n_test"": 175}, ""targets"": {""auc"": 0.7726040816326529, ""ap"": 0.7952885246795958, ""neg_fail"": 0.0, ""n_test"": 175}}"
complex,"ComplEx (complex bilinear decoder, no propagation)",0.0,27,59456,0.87559770828568,0.8626269819940876,0.8586365288108355,0.34833094477653503,0.5759450171821305,0.06913582980632782,0.7230240549828179,-0.13330116868019104,"{""hasForce"": {""auc"": 0.9456401384083044, ""ap"": 0.9463505840244877, ""neg_fail"": 0.0, ""n_test"": 170}, ""hasIntensity"": {""auc"": 0.8938775510204082, ""ap"": 0.8940257637568567, ""neg_fail"": 0.0, ""n_test"": 175}, ""hasMechanic"": {""auc"": 0.9578993751001443, ""ap"": 0.9594861128007802, ""neg_fail"": 0.0, ""n_test"": 158}, ""isVariationOf"": {""auc"": 0.900887573964497, ""ap"": 0.8615480496681766, ""neg_fail"": 0.0, ""n_test"": 26}, ""recruits"": {""auc"": 0.8715181327989956, ""ap"": 0.8765100024989048, ""neg_fail"": 0.0, ""n_test"": 341}, ""requires"": {""auc"": 0.6789877551020408, ""ap"": 0.6695006466742113, ""neg_fail"": 0.0, ""n_test"": 175}, ""targets"": {""auc"": 0.8259918367346939, ""ap"": 0.835129397858078, ""neg_fail"": 0.0, ""n_test"": 175}}"
complex,"ComplEx (complex bilinear decoder, no propagation)",0.0,28,59456,0.8506709581849274,0.838970034936845,0.8349311567907275,0.2864558696746826,0.561282932416953,0.06093914806842804,0.724856815578465,-0.10000500082969666,"{""hasForce"": {""auc"": 0.8893771626297577, ""ap"": 0.8812808247910802, ""neg_fail"": 0.0, ""n_test"": 170}, ""hasIntensity"": {""auc"": 0.8930938775510203, ""ap"": 0.8685968745996233, ""neg_fail"": 0.0, ""n_test"": 175}, ""hasMechanic"": {""auc"": 0.9425973401698446, ""ap"": 0.9431918666110366, ""neg_fail"": 0.0, ""n_test"": 158}, ""isVariationOf"": {""auc"": 0.8505917159763314, ""ap"": 0.8519176275182878, ""neg_fail"": 0.0, ""n_test"": 26}, ""recruits"": {""auc"": 0.8524866487216312, ""ap"": 0.8601746391814502, ""neg_fail"": 0.0, ""n_test"": 341}, ""requires"": {""auc"": 0.6885551020408163, ""ap"": 0.7020101494074642, ""neg_fail"": 0.0, ""n_test"": 175}, ""targets"": {""auc"": 0.7305469387755101, ""ap"": 0.743786304766584, ""neg_fail"": 0.0, ""n_test"": 175}}"
complex,"ComplEx (complex bilinear decoder, no propagation)",0.0,29,59456,0.865350891524796,0.8567676699811878,0.8475049186969307,0.2963768541812897,0.5640320733104238,0.06635614484548569,0.7324169530355097,-0.08496180921792984,"{""hasForce"": {""auc"": 0.9151903114186851, ""ap"": 0.9036527938184484, ""neg_fail"": 0.0, ""n_test"": 170}, ""hasIntensity"": {""auc"": 0.8969795918367347, ""ap"": 0.8575333701154455, ""neg_fail"": 0.0, ""n_test"": 175}, ""hasMechanic"": {""auc"": 0.9804518506649575, ""ap"": 0.9793546772071681, ""neg_fail"": 0.0, ""n_test"": 158}, ""isVariationOf"": {""auc"": 0.7603550295857988, ""ap"": 0.7777550049616058, ""neg_fail"": 0.0, ""n_test"": 26}, ""recruits"": {""auc"": 0.8447467772034984, ""ap"": 0.8553894085354626, ""neg_fail"": 0.0, ""n_test"": 341}, ""requires"": {""auc"": 0.708995918367347, ""ap"": 0.6745559546624192, ""neg_fail"": 0.0, ""n_test"": 175}, ""targets"": {""auc"": 0.817469387755102, ""ap"": 0.8308386074622439, ""neg_fail"": 0.0, ""n_test"": 175}}"
gcn,"GCN (topology, no relation types)",0.0,0,67328,0.7696168131664651,0.7516611797903789,0.7287657064416612,0.41232410073280334,0.38762886597938145,0.14903739094734192,0.7175257731958763,-0.12898211181163788,"{""hasForce"": {""auc"": 0.7552249134948097, ""ap"": 0.7652978016440335, ""neg_fail"": 0.0, ""n_test"": 170}, ""hasIntensity"": {""auc"": 0.6894693877551019, ""ap"": 0.6719289638041198, ""neg_fail"": 0.0, ""n_test"": 175}, ""hasMechanic"": {""auc"": 0.7931421246595097, ""ap"": 0.7699740086535959, ""neg_fail"": 0.0, ""n_test"": 158}, ""isVariationOf"": {""auc"": 0.7899408284023669, ""ap"": 0.8174414760515811, ""neg_fail"": 0.0, ""n_test"": 26}, ""recruits"": {""auc"": 0.8124371135439152, ""ap"": 0.7702405047620416, ""neg_fail"": 0.0, ""n_test"": 341}, ""requires"": {""auc"": 0.6493061224489797, ""ap"": 0.639301004453596, ""neg_fail"": 0.0, ""n_test"": 175}, ""targets"": {""auc"": 0.7589551020408163, ""ap"": 0.7309122268263497, ""neg_fail"": 0.0, ""n_test"": 175}}"
gcn,"GCN (topology, no relation types)",0.0,1,67328,0.7913467089283186,0.7605267401236226,0.7325689380420335,0.44242775440216064,0.3970217640320733,0.14075535535812378,0.7101947308132875,-0.17379464209079742,"{""hasForce"": {""auc"": 0.836401384083045, ""ap"": 0.8200647896538744, ""neg_fail"": 0.0, ""n_test"": 170}, ""hasIntensity"": {""auc"": 0.7059265306122449, ""ap"": 0.6598890474042263, ""neg_fail"": 0.0, ""n_test"": 175}, ""hasMechanic"": {""auc"": 0.8177775997436308, ""ap"": 0.7900142684087847, ""neg_fail"": 0.0, ""n_test"": 158}, ""isVariationOf"": {""auc"": 0.8786982248520709, ""ap"": 0.8364518491737313, ""neg_fail"": 0.0, ""n_test"": 26}, ""recruits"": {""auc"": 0.7943430139059692, ""ap"": 0.7523532248405485, ""neg_fail"": 0.0, ""n_test"": 341}, ""requires"": {""auc"": 0.659330612244898, ""ap"": 0.6425973544991002, ""neg_fail"": 0.0, ""n_test"": 175}, ""targets"": {""auc"": 0.7399836734693878, ""ap"": 0.7431550580348282, ""neg_fail"": 0.0, ""n_test"": 175}}"
gcn,"GCN (topology, no relation types)",0.0,2,67328,0.830137840516725,0.803091910776673,0.7733399032122533,0.439693421125412,0.40985108820160365,0.13964760303497314,0.7189003436426117,-0.13935378193855286,"{""hasForce"": {""auc"": 0.8619031141868512, ""ap"": 0.8417835868473433, ""neg_fail"": 0.0, ""n_test"": 170}, ""hasIntensity"": {""auc"": 0.7373714285714286, ""ap"": 0.7328385261114536, ""neg_fail"": 0.0, ""n_test"": 175}, ""hasMechanic"": {""auc"": 0.8619612241627945, ""ap"": 0.8684569952555684, ""neg_fail"": 0.0, ""n_test"": 158}, ""isVariationOf"": {""auc"": 0.8964497041420119, ""ap"": 0.8854458079168105, ""neg_fail"": 0.0, ""n_test"": 26}, ""recruits"": {""auc"": 0.8511020717056097, ""ap"": 0.8075048101724538, ""neg_fail"": 0.0, ""n_test"": 341}, ""requires"": {""auc"": 0.6894693877551021, ""ap"": 0.646052985361577, ""neg_fail"": 0.0, ""n_test"": 175}, ""targets"": {""auc"": 0.7766204081632653, ""ap"": 0.7567485864213279, ""neg_fail"": 0.0, ""n_test"": 175}}"
gcn,"GCN (topology, no relation types)",0.0,3,67328,0.7975797579757976,0.8057326659500134,0.7787225206935965,0.44045668840408325,0.38694158075601376,0.13184350728988647,0.7193585337915235,-0.12308153510093689,"{""hasForce"": {""auc"": 0.8515570934256055, ""ap"": 0.8340661313886669, ""neg_fail"": 0.0, ""n_test"": 170}, ""hasIntensity"": {""auc"": 0.7038693877551021, ""ap"": 0.6769730219338952, ""neg_fail"": 0.0, ""n_test"": 175}, ""hasMechanic"": {""auc"": 0.9177615766704055, ""ap"": 0.926023615079975, ""neg_fail"": 0.0, ""n_test"": 158}, ""isVariationOf"": {""auc"": 0.82396449704142, ""ap"": 0.7956726908056341, ""neg_fail"": 0.0, ""n_test"": 26}, ""recruits"": {""auc"": 0.8615422983978467, ""ap"": 0.818564378601793, ""neg_fail"": 0.0, ""n_test"": 341}, ""requires"": {""auc"": 0.6764408163265306, ""ap"": 0.6507104898624358, ""neg_fail"": 0.0, ""n_test"": 175}, ""targets"": {""auc"": 0.7903346938775511, ""ap"": 0.7878010299745984, ""neg_fail"": 0.0, ""n_test"": 175}}"
gcn,"GCN (topology, no relation types)",0.0,4,67328,0.7845962814103192,0.7790415882827196,0.7423017979363127,0.4278980493545532,0.41764032073310425,0.1652776002883911,0.7193585337915235,-0.09651683270931244,"{""hasForce"": {""auc"": 0.8565743944636678, ""ap"": 0.8348171202509496, ""neg_fail"": 0.0, ""n_test"": 170}, ""hasIntensity"": {""auc"": 0.7250938775510205, ""ap"": 0.6864422591054631, ""neg_fail"": 0.0, ""n_test"": 175}, ""hasMechanic"": {""auc"": 0.8052395449447204, ""ap"": 0.7939960645133508, ""neg_fail"": 0.0, ""n_test"": 158}, ""isVariationOf"": {""auc"": 0.9186390532544378, ""ap"": 0.9053384568928835, ""neg_fail"": 0.0, ""n_test"": 26}, ""recruits"": {""auc"": 0.814552678425538, ""ap"": 0.7591948333716871, ""neg_fail"": 0.0, ""n_test"": 341}, ""requires"": {""auc"": 0.6677551020408163, ""ap"": 0.6584331624171184, ""neg_fail"": 0.0, ""n_test"": 175}, ""targets"": {""auc"": 0.7884734693877551, ""ap"": 0.7369376255031328, ""neg_fail"": 0.0, ""n_test"": 175}}"
gcn,"GCN (topology, no relation types)",0.0,5,67328,0.79496699669967,0.7876719967750605,0.7596561490879156,0.4332338869571686,0.41603665521191296,0.1372976452112198,0.7172966781214204,-0.14387965202331543,"{""hasForce"": {""auc"": 0.8417301038062284, ""ap"": 0.8511187310841296, ""neg_fail"": 0.0, ""n_test"": 170}, ""hasIntensity"": {""auc"": 0.7111510204081632, ""ap"": 0.7223343261822834, ""neg_fail"": 0.0, ""n_test"": 175}, ""hasMechanic"": {""auc"": 0.8933263900016023, ""ap"": 0.8998989518981168, ""neg_fail"": 0.0, ""n_test"": 158}, ""isVariationOf"": {""auc"": 0.8431952662721893, ""ap"": 0.8334907070453252, ""neg_fail"": 0.0, ""n_test"": 26}, ""recruits"": {""auc"": 0.8175798281748523, ""ap"": 0.7687322691998861, ""neg_fail"": 0.0, ""n_test"": 341}, ""requires"": {""auc"": 0.6622367346938776, ""ap"": 0.6255965293602301, ""neg_fail"": 0.0, ""n_test"": 175}, ""targets"": {""auc"": 0.7746285714285713, ""ap"": 0.7491827329775959, ""neg_fail"": 0.0, ""n_test"": 175}}"
gcn,"GCN (topology, no relation types)",0.0,6,67328,0.7851980742628719,0.7697399892502016,0.7492931319057003,0.44493141770362854,0.4240549828178694,0.15917298197746277,0.7175257731958763,-0.15653766691684723,"{""hasForce"": {""auc"": 0.8614532871972318, ""ap"": 0.8645910838471507, ""neg_fail"": 0.0, ""n_test"": 170}, ""hasIntensity"": {""auc"": 0.6685061224489796, ""ap"": 0.6504711850276684, ""neg_fail"": 0.0, ""n_test"": 175}, ""hasMechanic"": {""auc"": 0.8304358275917321, ""ap"": 0.8152660923607037, ""neg_fail"": 0.0, ""n_test"": 158}, ""isVariationOf"": {""auc"": 0.8180473372781065, ""ap"": 0.8082549843657951, ""neg_fail"": 0.0, ""n_test"": 26}, ""recruits"": {""auc"": 0.8174680300307016, ""ap"": 0.7898774549741233, ""neg_fail"": 0.0, ""n_test"": 341}, ""requires"": {""auc"": 0.6708571428571428, ""ap"": 0.6395424803261178, ""neg_fail"": 0.0, ""n_test"": 175}, ""targets"": {""auc"": 0.7557877551020407, ""ap"": 0.7264792829451161, ""neg_fail"": 0.0, ""n_test"": 175}}"
gcn,"GCN (topology, no relation types)",0.0,7,67328,0.8009985404481043,0.7843224267669981,0.7491589032957584,0.4132307171821594,0.37892325315005726,0.1610419750213623,0.7243986254295532,-0.10482075065374374,"{""hasForce"": {""auc"": 0.8546020761245675, ""ap"": 0.8319976447554998, ""neg_fail"": 0.0, ""n_test"": 170}, ""hasIntensity"": {""auc"": 0.7509224489795919, ""ap"": 0.7430940634164322, ""neg_fail"": 0.0, ""n_test"": 175}, ""hasMechanic"": {""auc"": 0.8700128184585804, ""ap"": 0.8689899723738725, ""neg_fail"": 0.0, ""n_test"": 158}, ""isVariationOf"": {""auc"": 0.8091715976331361, ""ap"": 0.7972456373715593, ""neg_fail"": 0.0, ""n_test"": 26}, ""recruits"": {""auc"": 0.8361985191045829, ""ap"": 0.8134446249007707, ""neg_fail"": 0.0, ""n_test"": 341}, ""requires"": {""auc"": 0.6550530612244898, ""ap"": 0.6166168344143854, ""neg_fail"": 0.0, ""n_test"": 175}, ""targets"": {""auc"": 0.718661224489796, ""ap"": 0.6821813882793413, ""neg_fail"": 0.0, ""n_test"": 175}}"
gcn,"GCN (topology, no relation types)",0.0,8,67328,0.7992163077693908,0.7698300188121473,0.7362904997356463,0.42805182933807373,0.4059564719358534,0.17743638157844543,0.7191294387170676,-0.10360518842935562,"{""hasForce"": {""auc"": 0.9190311418685121, ""ap"": 0.9167312570772242, ""neg_fail"": 0.0, ""n_test"": 170}, ""hasIntensity"": {""auc"": 0.6820897959183674, ""ap"": 0.6772249889448192, ""neg_fail"": 0.0, ""n_test"": 175}, ""hasMechanic"": {""auc"": 0.8087245633712546, ""ap"": 0.7862874743111994, ""neg_fail"": 0.0, ""n_test"": 158}, ""isVariationOf"": {""auc"": 0.8535502958579883, ""ap"": 0.8442146663267124, ""neg_fail"": 0.0, ""n_test"": 26}, ""recruits"": {""auc"": 0.8239781219631754, ""ap"": 0.7772265426955766, ""neg_fail"": 0.0, ""n_test"": 341}, ""requires"": {""auc"": 0.6296489795918367, ""ap"": 0.6123823531437222, ""neg_fail"": 0.0, ""n_test"": 175}, ""targets"": {""auc"": 0.7567020408163266, ""ap"": 0.7087581473700468, ""neg_fail"": 0.0, ""n_test"": 175}}"
gcn,"GCN (topology, no relation types)",0.0,9,67328,0.8155681904824146,0.7715892905133029,0.7227608631244901,0.4354981482028961,0.38671248568155786,0.15510648488998413,0.7065292096219932,-0.11246907711029053,"{""hasForce"": {""auc"": 0.830795847750865, ""ap"": 0.8091725060663055, ""neg_fail"": 0.0, ""n_test"": 170}, ""hasIntensity"": {""auc"": 0.7756081632653061, ""ap"": 0.7541716593968795, ""neg_fail"": 0.0, ""n_test"": 175}, ""hasMechanic"": {""auc"": 0.8557522832879346, ""ap"": 0.8550341184260739, ""neg_fail"": 0.0, ""n_test"": 158}, ""isVariationOf"": {""auc"": 0.8032544378698225, ""ap"": 0.7873745892932008, ""neg_fail"": 0.0, ""n_test"": 26}, ""recruits"": {""auc"": 0.7886499084115204, ""ap"": 0.7434951216259851, ""neg_fail"": 0.0, ""n_test"": 341}, ""requires"": {""auc"": 0.6307591836734694, ""ap"": 0.5644639776391354, ""neg_fail"": 0.0, ""n_test"": 175}, ""targets"": {""auc"": 0.76, ""ap"": 0.6930000249152266, ""neg_fail"": 0.0, ""n_test"": 175}}"
gcn,"GCN (topology, no relation types)",0.0,10,67328,0.8084555980350511,0.8006352459016394,0.7636916579342179,0.4322655200958252,0.44123711340206184,0.1387508362531662,0.7198167239404353,-0.13087517023086548,"{""hasForce"": {""auc"": 0.8564705882352941, ""ap"": 0.8325550757213932, ""neg_fail"": 0.0, ""n_test"": 170}, ""hasIntensity"": {""auc"": 0.7345632653061225, ""ap"": 0.7061468918080056, ""neg_fail"": 0.0, ""n_test"": 175}, ""hasMechanic"": {""auc"": 0.9046627143086043, ""ap"": 0.9039790660973333, ""neg_fail"": 0.0, ""n_test"": 158}, ""isVariationOf"": {""auc"": 0.8979289940828402, ""ap"": 0.8654869940027379, ""neg_fail"": 0.0, ""n_test"": 26}, ""recruits"": {""auc"": 0.8305656126108307, ""ap"": 0.7864077944185593, ""neg_fail"": 0.0, ""n_test"": 341}, ""requires"": {""auc"": 0.7045224489795919, ""ap"": 0.6670381322245287, ""neg_fail"": 0.0, ""n_test"": 175}, ""targets"": {""auc"": 0.7662367346938775, ""ap"": 0.737220396198419, ""neg_fail"": 0.0, ""n_test"": 175}}"
gcn,"GCN (topology, no relation types)",0.0,11,67328,0.7921527301244976,0.7578355952700888,0.7284459627940376,0.4632774889469147,0.4306987399770905,0.15584245324134827,0.709049255441008,-0.12349633872509003,"{""hasForce"": {""auc"": 0.7496193771626297, ""ap"": 0.7615085475774399, ""neg_fail"": 0.0, ""n_test"": 170}, ""hasIntensity"": {""auc"": 0.6702040816326531, ""ap"": 0.6310776840697037, ""neg_fail"": 0.0, ""n_test"": 175}, ""hasMechanic"": {""auc"": 0.8780644127543663, ""ap"": 0.8523597954527785, ""neg_fail"": 0.0, ""n_test"": 158}, ""isVariationOf"": {""auc"": 0.9571005917159763, ""ap"": 0.9630410449375966, ""neg_fail"": 0.0, ""n_test"": 26}, ""recruits"": {""auc"": 0.8228601405216673, ""ap"": 0.7940552363862305, ""neg_fail"": 0.0, ""n_test"": 341}, ""requires"": {""auc"": 0.6581877551020408, ""ap"": 0.6505113010345431, ""neg_fail"": 0.0, ""n_test"": 175}, ""targets"": {""auc"": 0.7227102040816327, ""ap"": 0.6549011741080968, ""neg_fail"": 0.0, ""n_test"": 175}}"
gcn,"GCN (topology, no relation types)",0.0,12,67328,0.8060171116121513,0.7791941010481054,0.7488137415411632,0.4227319061756134,0.3919816723940435,0.13597950339317322,0.7177548682703322,-0.10735463351011276,"{""hasForce"": {""auc"": 0.8596193771626298, ""ap"": 0.8488006067985364, ""neg_fail"": 0.0, ""n_test"": 170}, ""hasIntensity"": {""auc"": 0.7234285714285714, ""ap"": 0.7314455899769918, ""neg_fail"": 0.0, ""n_test"": 175}, ""hasMechanic"": {""auc"": 0.8458179778881589, ""ap"": 0.8120266671525815, ""neg_fail"": 0.0, ""n_test"": 158}, ""isVariationOf"": {""auc"": 0.886094674556213, ""ap"": 0.8996784734809626, ""neg_fail"": 0.0, ""n_test"": 26}, ""recruits"": {""auc"": 0.8058496228962599, ""ap"": 0.773448768391487, ""neg_fail"": 0.0, ""n_test"": 341}, ""requires"": {""auc"": 0.6361142857142859, ""ap"": 0.5918387215830014, ""neg_fail"": 0.0, ""n_test"": 175}, ""targets"": {""auc"": 0.7853061224489796, ""ap"": 0.7469624038264068, ""neg_fail"": 0.0, ""n_test"": 175}}"
gcn,"GCN (topology, no relation types)",0.0,13,67328,0.8152318944765763,0.7794386589626444,0.7487750641570634,0.42460596561431885,0.41649484536082476,0.13407829403877258,0.7156930126002291,-0.12210756540298462,"{""hasForce"": {""auc"": 0.8780622837370242, ""ap"": 0.8726690218400475, ""neg_fail"": 0.0, ""n_test"": 170}, ""hasIntensity"": {""auc"": 0.7076897959183674, ""ap"": 0.6931636700747192, ""neg_fail"": 0.0, ""n_test"": 175}, ""hasMechanic"": {""auc"": 0.8508251882711105, ""ap"": 0.8462633023027015, ""neg_fail"": 0.0, ""n_test"": 158}, ""isVariationOf"": {""auc"": 0.9497041420118344, ""ap"": 0.9661300850765734, ""neg_fail"": 0.0, ""n_test"": 26}, ""recruits"": {""auc"": 0.7988235395292438, ""ap"": 0.7437644663370737, ""neg_fail"": 0.0, ""n_test"": 341}, ""requires"": {""auc"": 0.6719673469387757, ""ap"": 0.6577578875691172, ""neg_fail"": 0.0, ""n_test"": 175}, ""targets"": {""auc"": 0.7616326530612245, ""ap"": 0.7301278374090845, ""neg_fail"": 0.0, ""n_test"": 175}}"
gcn,"GCN (topology, no relation types)",0.0,14,67328,0.8203444106786917,0.7970475006718624,0.7734160729917595,0.4161832928657532,0.4016036655211913,0.13626570999622345,0.7147766323024055,-0.10423824191093445,"{""hasForce"": {""auc"": 0.8516262975778546, ""ap"": 0.8290117899280658, ""neg_fail"": 0.0, ""n_test"": 170}, ""hasIntensity"": {""auc"": 0.7128489795918367, ""ap"": 0.677800636406926, ""neg_fail"": 0.0, ""n_test"": 175}, ""hasMechanic"": {""auc"": 0.8485819580195482, ""ap"": 0.8291202043203063, ""neg_fail"": 0.0, ""n_test"": 158}, ""isVariationOf"": {""auc"": 0.9393491124260356, ""ap"": 0.9501041479087756, ""neg_fail"": 0.0, ""n_test"": 26}, ""recruits"": {""auc"": 0.8573025687773583, ""ap"": 0.8246307314255978, ""neg_fail"": 0.0, ""n_test"": 341}, ""requires"": {""auc"": 0.6943020408163265, ""ap"": 0.650772427426904, ""neg_fail"": 0.0, ""n_test"": 175}, ""targets"": {""auc"": 0.7573877551020408, ""ap"": 0.7528352481449858, ""neg_fail"": 0.0, ""n_test"": 175}}"
gcn,"GCN (topology, no relation types)",0.0,15,67328,0.803982997309632,0.7923454716474067,0.7589993144159862,0.4191919267177582,0.3837342497136312,0.14732494950294495,0.7175257731958763,-0.09551303088665009,"{""hasForce"": {""auc"": 0.8392733564013841, ""ap"": 0.8459958398233123, ""neg_fail"": 0.0, ""n_test"": 170}, ""hasIntensity"": {""auc"": 0.7209469387755102, ""ap"": 0.6771058695016725, ""neg_fail"": 0.0, ""n_test"": 175}, ""hasMechanic"": {""auc"": 0.8540298029161993, ""ap"": 0.8434857885169299, ""neg_fail"": 0.0, ""n_test"": 158}, ""isVariationOf"": {""auc"": 0.8713017751479291, ""ap"": 0.8552643289642491, ""neg_fail"": 0.0, ""n_test"": 26}, ""recruits"": {""auc"": 0.8333605662146009, ""ap"": 0.7953417688304256, ""neg_fail"": 0.0, ""n_test"": 341}, ""requires"": {""auc"": 0.6851591836734694, ""ap"": 0.6446090068999413, ""neg_fail"": 0.0, ""n_test"": 175}, ""targets"": {""auc"": 0.7881795918367347, ""ap"": 0.7587090321754979, ""neg_fail"": 0.0, ""n_test"": 175}}"
gcn,"GCN (topology, no relation types)",0.0,16,67328,0.8058237754468516,0.7694305966138135,0.7345396523342491,0.4124622344970703,0.4048109965635739,0.16219384968280792,0.7276059564719358,-0.11468687653541565,"{""hasForce"": {""auc"": 0.8528373702422146, ""ap"": 0.8502165110271728, ""neg_fail"": 0.0, ""n_test"": 170}, ""hasIntensity"": {""auc"": 0.6403265306122449, ""ap"": 0.5952636122001611, ""neg_fail"": 0.0, ""n_test"": 175}, ""hasMechanic"": {""auc"": 0.8545505527960263, ""ap"": 0.8422222570088037, ""neg_fail"": 0.0, ""n_test"": 158}, ""isVariationOf"": {""auc"": 0.7914201183431953, ""ap"": 0.7530796249780826, ""neg_fail"": 0.0, ""n_test"": 26}, ""recruits"": {""auc"": 0.8418142258838502, ""ap"": 0.7883378995085268, ""neg_fail"": 0.0, ""n_test"": 341}, ""requires"": {""auc"": 0.6685387755102041, ""ap"": 0.6517973319445891, ""neg_fail"": 0.0, ""n_test"": 175}, ""targets"": {""auc"": 0.7371428571428572, ""ap"": 0.7146947242433391, ""neg_fail"": 0.0, ""n_test"": 175}}"
gcn,"GCN (topology, no relation types)",0.0,17,67328,0.8124571120478384,0.8021701155603334,0.7670854472249562,0.420007586479187,0.3844215349369989,0.14245028793811798,0.7264604810996563,-0.1418645828962326,"{""hasForce"": {""auc"": 0.8850865051903113, ""ap"": 0.8933859162664164, ""neg_fail"": 0.0, ""n_test"": 170}, ""hasIntensity"": {""auc"": 0.7396571428571429, ""ap"": 0.7033782587988121, ""neg_fail"": 0.0, ""n_test"": 175}, ""hasMechanic"": {""auc"": 0.8841131228969717, ""ap"": 0.8799998975398138, ""neg_fail"": 0.0, ""n_test"": 158}, ""isVariationOf"": {""auc"": 0.8402366863905326, ""ap"": 0.8348674186346947, ""neg_fail"": 0.0, ""n_test"": 26}, ""recruits"": {""auc"": 0.8277964585787876, ""ap"": 0.7893185112442959, ""neg_fail"": 0.0, ""n_test"": 341}, ""requires"": {""auc"": 0.6634122448979591, ""ap"": 0.6501592011369048, ""neg_fail"": 0.0, ""n_test"": 175}, ""targets"": {""auc"": 0.8084897959183673, ""ap"": 0.7480591428745066, ""neg_fail"": 0.0, ""n_test"": 175}}"
gcn,"GCN (topology, no relation types)",0.0,18,67328,0.8050762997091788,0.8020931873152379,0.7710706065727957,0.4383983910083771,0.4013745704467354,0.16243207454681396,0.7186712485681558,-0.11516350507736206,"{""hasForce"": {""auc"": 0.8588927335640139, ""ap"": 0.8485411388646962, ""neg_fail"": 0.0, ""n_test"": 170}, ""hasIntensity"": {""auc"": 0.7267918367346939, ""ap"": 0.7001727495506461, ""neg_fail"": 0.0, ""n_test"": 175}, ""hasMechanic"": {""auc"": 0.8910431020669765, ""ap"": 0.8853199929590538, ""neg_fail"": 0.0, ""n_test"": 158}, ""isVariationOf"": {""auc"": 0.9275147928994083, ""ap"": 0.9152255980014465, ""neg_fail"": 0.0, ""n_test"": 26}, ""recruits"": {""auc"": 0.8356653279555559, ""ap"": 0.7820634515037622, ""neg_fail"": 0.0, ""n_test"": 341}, ""requires"": {""auc"": 0.6600816326530612, ""ap"": 0.6343069811242006, ""neg_fail"": 0.0, ""n_test"": 175}, ""targets"": {""auc"": 0.8103183673469387, ""ap"": 0.779004342034656, ""neg_fail"": 0.0, ""n_test"": 175}}"
gcn,"GCN (topology, no relation types)",0.0,19,67328,0.7987601978019584,0.7766709217952164,0.7435097566392336,0.4294474124908447,0.41168384879725084,0.13795755803585052,0.718213058419244,-0.10618183016777039,"{""hasForce"": {""auc"": 0.8325951557093425, ""ap"": 0.8111345127711365, ""neg_fail"": 0.0, ""n_test"": 170}, ""hasIntensity"": {""auc"": 0.7334204081632654, ""ap"": 0.7300388458634156, ""neg_fail"": 0.0, ""n_test"": 175}, ""hasMechanic"": {""auc"": 0.9061849062650216, ""ap"": 0.9090697143479305, ""neg_fail"": 0.0, ""n_test"": 158}, ""isVariationOf"": {""auc"": 0.9142011834319526, ""ap"": 0.9239727390269443, ""neg_fail"": 0.0, ""n_test"": 26}, ""recruits"": {""auc"": 0.823642727530723, ""ap"": 0.7838248333912419, ""neg_fail"": 0.0, ""n_test"": 341}, ""requires"": {""auc"": 0.6021224489795919, ""ap"": 0.6015391835234001, ""neg_fail"": 0.0, ""n_test"": 175}, ""targets"": {""auc"": 0.7228408163265306, ""ap"": 0.6789831278647882, ""neg_fail"": 0.0, ""n_test"": 175}}"
gcn,"GCN (topology, no relation types)",0.0,20,67328,0.8183633957455152,0.78092448266595,0.7469728599249476,0.42496225237846375,0.4036655211912944,0.13878947496414185,0.7218785796105384,-0.1423644870519638,"{""hasForce"": {""auc"": 0.8495501730103806, ""ap"": 0.8260903165028703, ""neg_fail"": 0.0, ""n_test"": 170}, ""hasIntensity"": {""auc"": 0.6596897959183673, ""ap"": 0.6497990622061272, ""neg_fail"": 0.0, ""n_test"": 175}, ""hasMechanic"": {""auc"": 0.8739384713988142, ""ap"": 0.8549808642400736, ""neg_fail"": 0.0, ""n_test"": 158}, ""isVariationOf"": {""auc"": 0.8328402366863904, ""ap"": 0.7654210141216892, ""neg_fail"": 0.0, ""n_test"": 26}, ""recruits"": {""auc"": 0.8378840911240873, ""ap"": 0.800020235517501, ""neg_fail"": 0.0, ""n_test"": 341}, ""requires"": {""auc"": 0.6489795918367347, ""ap"": 0.6332721408935623, ""neg_fail"": 0.0, ""n_test"": 175}, ""targets"": {""auc"": 0.7898122448979593, ""ap"": 0.7538722492307973, ""neg_fail"": 0.0, ""n_test"": 175}}"
gcn,"GCN (topology, no relation types)",0.0,21,67328,0.7922575673408925,0.7874576726686375,0.7669449801809354,0.4206506907939911,0.41603665521191296,0.15031121671199799,0.7232531500572738,-0.14006991684436798,"{""hasForce"": {""auc"": 0.835916955017301, ""ap"": 0.8139978625784766, ""neg_fail"": 0.0, ""n_test"": 170}, ""hasIntensity"": {""auc"": 0.7199673469387755, ""ap"": 0.7269104697710732, ""neg_fail"": 0.0, ""n_test"": 175}, ""hasMechanic"": {""auc"": 0.8641243390482295, ""ap"": 0.8357936416455751, ""neg_fail"": 0.0, ""n_test"": 158}, ""isVariationOf"": {""auc"": 0.9482248520710059, ""ap"": 0.9279067888996105, ""neg_fail"": 0.0, ""n_test"": 26}, ""recruits"": {""auc"": 0.8430784048984787, ""ap"": 0.8154159381529898, ""neg_fail"": 0.0, ""n_test"": 341}, ""requires"": {""auc"": 0.6139428571428571, ""ap"": 0.6099127973049621, ""neg_fail"": 0.0, ""n_test"": 175}, ""targets"": {""auc"": 0.8011755102040816, ""ap"": 0.7614559634472837, ""neg_fail"": 0.0, ""n_test"": 175}}"
gcn,"GCN (topology, no relation types)",0.0,22,67328,0.8216623642562276,0.7998303547433485,0.7742666127618475,0.4327314794063568,0.3933562428407789,0.13491371273994446,0.7095074455899198,-0.1372835487127304,"{""hasForce"": {""auc"": 0.8764013840830449, ""ap"": 0.8588234831373872, ""neg_fail"": 0.0, ""n_test"": 170}, ""hasIntensity"": {""auc"": 0.7900081632653061, ""ap"": 0.741764130055847, ""neg_fail"": 0.0, ""n_test"": 175}, ""hasMechanic"": {""auc"": 0.8593574747636596, ""ap"": 0.8641680991447163, ""neg_fail"": 0.0, ""n_test"": 158}, ""isVariationOf"": {""auc"": 0.886094674556213, ""ap"": 0.8898887828333671, ""neg_fail"": 0.0, ""n_test"": 26}, ""recruits"": {""auc"": 0.8213809650759796, ""ap"": 0.7944051147495543, ""neg_fail"": 0.0, ""n_test"": 341}, ""requires"": {""auc"": 0.6569142857142858, ""ap"": 0.6280439388099781, ""neg_fail"": 0.0, ""n_test"": 175}, ""targets"": {""auc"": 0.8082938775510203, ""ap"": 0.7780850319397323, ""neg_fail"": 0.0, ""n_test"": 175}}"
gcn,"GCN (topology, no relation types)",0.0,23,67328,0.8048121643847553,0.7926427707605483,0.7742210655999149,0.4355884790420532,0.4006872852233677,0.12778550386428833,0.7060710194730814,-0.13958485424518585,"{""hasForce"": {""auc"": 0.873598615916955, ""ap"": 0.8635258716398748, ""neg_fail"": 0.0, ""n_test"": 170}, ""hasIntensity"": {""auc"": 0.6900244897959185, ""ap"": 0.6847645482807356, ""neg_fail"": 0.0, ""n_test"": 175}, ""hasMechanic"": {""auc"": 0.8791860278801474, ""ap"": 0.8720482507335819, ""neg_fail"": 0.0, ""n_test"": 158}, ""isVariationOf"": {""auc"": 0.8816568047337278, ""ap"": 0.8900605973030491, ""neg_fail"": 0.0, ""n_test"": 26}, ""recruits"": {""auc"": 0.8335325633594483, ""ap"": 0.8088044701694446, ""neg_fail"": 0.0, ""n_test"": 341}, ""requires"": {""auc"": 0.6731102040816326, ""ap"": 0.6613988514303012, ""neg_fail"": 0.0, ""n_test"": 175}, ""targets"": {""auc"": 0.774595918367347, ""ap"": 0.760449603283023, ""neg_fail"": 0.0, ""n_test"": 175}}"
gcn,"GCN (topology, no relation types)",0.0,24,67328,0.7599745123027154,0.7872299113141628,0.7711669584338255,0.42597901821136475,0.38235967926689574,0.13276740908622742,0.6916380297823597,-0.17017105221748352,"{""hasForce"": {""auc"": 0.8285121107266435, ""ap"": 0.8035381952404757, ""neg_fail"": 0.0, ""n_test"": 170}, ""hasIntensity"": {""auc"": 0.6441795918367348, ""ap"": 0.635685382335147, ""neg_fail"": 0.0, ""n_test"": 175}, ""hasMechanic"": {""auc"": 0.8925652940233936, ""ap"": 0.9001685197541265, ""neg_fail"": 0.0, ""n_test"": 158}, ""isVariationOf"": {""auc"": 0.9053254437869822, ""ap"": 0.9025422218134042, ""neg_fail"": 0.0, ""n_test"": 26}, ""recruits"": {""auc"": 0.8579131586415667, ""ap"": 0.8486708789873698, ""neg_fail"": 0.0, ""n_test"": 341}, ""requires"": {""auc"": 0.6519183673469388, ""ap"": 0.6415982345279343, ""neg_fail"": 0.0, ""n_test"": 175}, ""targets"": {""auc"": 0.7715591836734694, ""ap"": 0.7261122815730978, ""neg_fail"": 0.0, ""n_test"": 175}}"
gcn,"GCN (topology, no relation types)",0.0,25,67328,0.8081560631310656,0.7788920988981457,0.7526900092884588,0.43220362067222595,0.4043528064146621,0.14386522769927979,0.7065292096219932,-0.12386317551136017,"{""hasForce"": {""auc"": 0.8714186851211073, ""ap"": 0.856450732656848, ""neg_fail"": 0.0, ""n_test"": 170}, ""hasIntensity"": {""auc"": 0.670726530612245, ""ap"": 0.6884847023506244, ""neg_fail"": 0.0, ""n_test"": 175}, ""hasMechanic"": {""auc"": 0.8352828072424291, ""ap"": 0.8408997326199465, ""neg_fail"": 0.0, ""n_test"": 158}, ""isVariationOf"": {""auc"": 0.9526627218934911, ""ap"": 0.9481834576817142, ""neg_fail"": 0.0, ""n_test"": 26}, ""recruits"": {""auc"": 0.8078877890627015, ""ap"": 0.7570142967190838, ""neg_fail"": 0.0, ""n_test"": 341}, ""requires"": {""auc"": 0.6418938775510205, ""ap"": 0.6268382346104995, ""neg_fail"": 0.0, ""n_test"": 175}, ""targets"": {""auc"": 0.8137142857142858, ""ap"": 0.7596844757608775, ""neg_fail"": 0.0, ""n_test"": 175}}"
gcn,"GCN (topology, no relation types)",0.0,26,67328,0.8046909889008701,0.7827129803816179,0.7413342082052936,0.456667959690094,0.4066437571592211,0.13186252117156982,0.709049255441008,-0.1521959751844406,"{""hasForce"": {""auc"": 0.8601038062283738, ""ap"": 0.8635065362298378, ""neg_fail"": 0.0, ""n_test"": 170}, ""hasIntensity"": {""auc"": 0.7315591836734694, ""ap"": 0.735778018340861, ""neg_fail"": 0.0, ""n_test"": 175}, ""hasMechanic"": {""auc"": 0.8780243550713027, ""ap"": 0.8550818598062093, ""neg_fail"": 0.0, ""n_test"": 158}, ""isVariationOf"": {""auc"": 0.9644970414201183, ""ap"": 0.9519783077746411, ""neg_fail"": 0.0, ""n_test"": 26}, ""recruits"": {""auc"": 0.8063140151873479, ""ap"": 0.7457021328086674, ""neg_fail"": 0.0, ""n_test"": 341}, ""requires"": {""auc"": 0.6420244897959184, ""ap"": 0.6050167075163475, ""neg_fail"": 0.0, ""n_test"": 175}, ""targets"": {""auc"": 0.7486040816326531, ""ap"": 0.7152753876979623, ""neg_fail"": 0.0, ""n_test"": 175}}"
gcn,"GCN (topology, no relation types)",0.0,27,67328,0.8262765632998943,0.7750161246976619,0.741177568008498,0.4071231782436371,0.39037800687285223,0.1358661949634552,0.7005727376861397,-0.13587236404418945,"{""hasForce"": {""auc"": 0.8489965397923875, ""ap"": 0.8448759966534551, ""neg_fail"": 0.0, ""n_test"": 170}, ""hasIntensity"": {""auc"": 0.6901877551020408, ""ap"": 0.6377891868262302, ""neg_fail"": 0.0, ""n_test"": 175}, ""hasMechanic"": {""auc"": 0.8933263900016023, ""ap"": 0.8811166258406015, ""neg_fail"": 0.0, ""n_test"": 158}, ""isVariationOf"": {""auc"": 0.8387573964497042, ""ap"": 0.8317388827168588, ""neg_fail"": 0.0, ""n_test"": 26}, ""recruits"": {""auc"": 0.831967389341337, ""ap"": 0.7827807407537125, ""neg_fail"": 0.0, ""n_test"": 341}, ""requires"": {""auc"": 0.6330448979591837, ""ap"": 0.6443535933596054, ""neg_fail"": 0.0, ""n_test"": 175}, ""targets"": {""auc"": 0.7319510204081632, ""ap"": 0.7176043791158125, ""neg_fail"": 0.0, ""n_test"": 175}}"
gcn,"GCN (topology, no relation types)",0.0,28,67328,0.8101411626311146,0.7863477559795753,0.7557089420174616,0.4647172689437866,0.4332187857961054,0.1239207312464714,0.7230240549828179,-0.1769953966140747,"{""hasForce"": {""auc"": 0.8330103806228374, ""ap"": 0.8143824987868583, ""neg_fail"": 0.0, ""n_test"": 170}, ""hasIntensity"": {""auc"": 0.7032816326530613, ""ap"": 0.6763457994960483, ""neg_fail"": 0.0, ""n_test"": 175}, ""hasMechanic"": {""auc"": 0.8160951770549593, ""ap"": 0.823221458734964, ""neg_fail"": 0.0, ""n_test"": 158}, ""isVariationOf"": {""auc"": 0.8550295857988166, ""ap"": 0.803514827729462, ""neg_fail"": 0.0, ""n_test"": 26}, ""recruits"": {""auc"": 0.8353643329520729, ""ap"": 0.7847223346743125, ""neg_fail"": 0.0, ""n_test"": 341}, ""requires"": {""auc"": 0.6618122448979591, ""ap"": 0.6355488482426037, ""neg_fail"": 0.0, ""n_test"": 175}, ""targets"": {""auc"": 0.8084571428571429, ""ap"": 0.7824137732123687, ""neg_fail"": 0.0, ""n_test"": 175}}"
gcn,"GCN (topology, no relation types)",0.0,29,67328,0.8160392771950462,0.7807817119054017,0.7593895187075723,0.4636472463607788,0.4006872852233677,0.16110536456108093,0.727147766323024,-0.10553596168756485,"{""hasForce"": {""auc"": 0.8570588235294118, ""ap"": 0.8603217611976621, ""neg_fail"": 0.0, ""n_test"": 170}, ""hasIntensity"": {""auc"": 0.6685714285714286, ""ap"": 0.6428729621321445, ""neg_fail"": 0.0, ""n_test"": 175}, ""hasMechanic"": {""auc"": 0.8534289376702452, ""ap"": 0.8588388074229731, ""neg_fail"": 0.0, ""n_test"": 158}, ""isVariationOf"": {""auc"": 0.9171597633136095, ""ap"": 0.9385646041931988, ""neg_fail"": 0.0, ""n_test"": 26}, ""recruits"": {""auc"": 0.8162038510160732, ""ap"": 0.7808080314972471, ""neg_fail"": 0.0, ""n_test"": 341}, ""requires"": {""auc"": 0.6431673469387755, ""ap"": 0.6333085764751399, ""neg_fail"": 0.0, ""n_test"": 175}, ""targets"": {""auc"": 0.8083591836734694, ""ap"": 0.768674292668807, ""neg_fail"": 0.0, ""n_test"": 175}}"
gcn_distmult,GCN + relation-aware decoder,0.0,0,67776,0.7877713513925648,0.7671466003762429,0.7324683011691695,0.4591115117073059,0.37869415807560136,0.12565837800502777,0.7111111111111111,-0.14654724299907684,"{""hasForce"": {""auc"": 0.811038062283737, ""ap"": 0.7936045982446106, ""neg_fail"": 0.0, ""n_test"": 170}, ""hasIntensity"": {""auc"": 0.7168000000000001, ""ap"": 0.6882290272143795, ""neg_fail"": 0.0, ""n_test"": 175}, ""hasMechanic"": {""auc"": 0.8341211344335844, ""ap"": 0.8291508940172184, ""neg_fail"": 0.0, ""n_test"": 158}, ""isVariationOf"": {""auc"": 0.6775147928994083, ""ap"": 0.7470346799989794, ""neg_fail"": 0.0, ""n_test"": 26}, ""recruits"": {""auc"": 0.8134604965557571, ""ap"": 0.7762703704519112, ""neg_fail"": 0.0, ""n_test"": 341}, ""requires"": {""auc"": 0.6716408163265306, ""ap"": 0.649450813557286, ""neg_fail"": 0.0, ""n_test"": 175}, ""targets"": {""auc"": 0.728, ""ap"": 0.6681653200657612, ""neg_fail"": 0.0, ""n_test"": 175}}"
gcn_distmult,GCN + relation-aware decoder,0.0,1,67776,0.7498856321275691,0.7443812147272238,0.7194544135397299,0.3647726774215698,0.4238258877434135,0.07159660756587982,0.7074455899198168,-0.17248129844665527,"{""hasForce"": {""auc"": 0.7635640138408305, ""ap"": 0.767449261297584, ""neg_fail"": 0.0, ""n_test"": 170}, ""hasIntensity"": {""auc"": 0.6869551020408162, ""ap"": 0.6573504115572277, ""neg_fail"": 0.0, ""n_test"": 175}, ""hasMechanic"": {""auc"": 0.7901377984297389, ""ap"": 0.8084209876389552, ""neg_fail"": 0.0, ""n_test"": 158}, ""isVariationOf"": {""auc"": 0.5961538461538461, ""ap"": 0.5752892259788844, ""neg_fail"": 0.0, ""n_test"": 26}, ""recruits"": {""auc"": 0.8078533896337321, ""ap"": 0.7705283886712726, ""neg_fail"": 0.0, ""n_test"": 341}, ""requires"": {""auc"": 0.6101224489795919, ""ap"": 0.5734664864417607, ""neg_fail"": 0.0, ""n_test"": 175}, ""targets"": {""auc"": 0.7697306122448979, ""ap"": 0.7366075185983958, ""neg_fail"": 0.0, ""n_test"": 175}}"
gcn_distmult,GCN + relation-aware decoder,0.0,2,67776,0.8071975514383121,0.7814962375705456,0.7658895872244582,0.4066523611545563,0.41030927835051545,0.12522804737091064,0.7250859106529209,-0.13713498413562775,"{""hasForce"": {""auc"": 0.7626297577854672, ""ap"": 0.7411480391773025, ""neg_fail"": 0.0, ""n_test"": 170}, ""hasIntensity"": {""auc"": 0.7500408163265305, ""ap"": 0.7047986267230388, ""neg_fail"": 0.0, ""n_test"": 175}, ""hasMechanic"": {""auc"": 0.8904822945040859, ""ap"": 0.8866478511978123, ""neg_fail"": 0.0, ""n_test"": 158}, ""isVariationOf"": {""auc"": 0.9378698224852071, ""ap"": 0.928446032651647, ""neg_fail"": 0.0, ""n_test"": 26}, ""recruits"": {""auc"": 0.8423560168901195, ""ap"": 0.8437412187371784, ""neg_fail"": 0.0, ""n_test"": 341}, ""requires"": {""auc"": 0.6764408163265305, ""ap"": 0.6852488088273623, ""neg_fail"": 0.0, ""n_test"": 175}, ""targets"": {""auc"": 0.7049469387755102, ""ap"": 0.6679861692077839, ""neg_fail"": 0.0, ""n_test"": 175}}"
gcn_distmult,GCN + relation-aware decoder,0.0,3,67776,0.7540709516496203,0.7361361193227626,0.7061626701815291,0.43789875507354736,0.4142038946162658,0.13696539402008057,0.7074455899198168,-0.11776576936244965,"{""hasForce"": {""auc"": 0.7579584775086505, ""ap"": 0.7028987141836427, ""neg_fail"": 0.0, ""n_test"": 170}, ""hasIntensity"": {""auc"": 0.7261061224489797, ""ap"": 0.6852605667304897, ""neg_fail"": 0.0, ""n_test"": 175}, ""hasMechanic"": {""auc"": 0.8637638199006569, ""ap"": 0.8620662911189384, ""neg_fail"": 0.0, ""n_test"": 158}, ""isVariationOf"": {""auc"": 0.8150887573964497, ""ap"": 0.798926478179747, ""neg_fail"": 0.0, ""n_test"": 26}, ""recruits"": {""auc"": 0.7960801850689279, ""ap"": 0.7625564601965598, ""neg_fail"": 0.0, ""n_test"": 341}, ""requires"": {""auc"": 0.5180408163265307, ""ap"": 0.5311139700307239, ""neg_fail"": 0.0, ""n_test"": 175}, ""targets"": {""auc"": 0.6452897959183673, ""ap"": 0.6046639623950113, ""neg_fail"": 0.0, ""n_test"": 175}}"
gcn_distmult,GCN + relation-aware decoder,0.0,4,67776,0.7355188489145945,0.7353305563020693,0.7101826773417377,0.4205171763896942,0.3938144329896907,0.12330801784992218,0.6815578465063001,-0.16996818780899048,"{""hasForce"": {""auc"": 0.7500692041522491, ""ap"": 0.7007252058401047, ""neg_fail"": 0.0, ""n_test"": 170}, ""hasIntensity"": {""auc"": 0.7156244897959183, ""ap"": 0.7397566765840444, ""neg_fail"": 0.0, ""n_test"": 175}, ""hasMechanic"": {""auc"": 0.7868130107354591, ""ap"": 0.7739968410191116, ""neg_fail"": 0.0, ""n_test"": 158}, ""isVariationOf"": {""auc"": 0.5931952662721893, ""ap"": 0.6099397416024158, ""neg_fail"": 0.0, ""n_test"": 26}, ""recruits"": {""auc"": 0.7854593613746012, ""ap"": 0.7405732746950966, ""neg_fail"": 0.0, ""n_test"": 341}, ""requires"": {""auc"": 0.6121469387755102, ""ap"": 0.576505914616993, ""neg_fail"": 0.0, ""n_test"": 175}, ""targets"": {""auc"": 0.7379918367346939, ""ap"": 0.6983416460304881, ""neg_fail"": 0.0, ""n_test"": 175}}"
gcn_distmult,GCN + relation-aware decoder,0.0,5,67776,0.7315377577361697,0.7306873152378393,0.6940339641658695,0.44054797291755676,0.4231386025200458,0.1657494604587555,0.7179839633447881,-0.16421599686145782,"{""hasForce"": {""auc"": 0.7319377162629758, ""ap"": 0.7534824832786864, ""neg_fail"": 0.0, ""n_test"": 170}, ""hasIntensity"": {""auc"": 0.7007020408163266, ""ap"": 0.6355945687462607, ""neg_fail"": 0.0, ""n_test"": 175}, ""hasMechanic"": {""auc"": 0.8685707418682903, ""ap"": 0.8601179916357459, ""neg_fail"": 0.0, ""n_test"": 158}, ""isVariationOf"": {""auc"": 0.3505917159763314, ""ap"": 0.426627340562867, ""neg_fail"": 0.0, ""n_test"": 26}, ""recruits"": {""auc"": 0.7717253893585367, ""ap"": 0.7270975198999914, ""neg_fail"": 0.0, ""n_test"": 341}, ""requires"": {""auc"": 0.6067591836734695, ""ap"": 0.5584401894255266, ""neg_fail"": 0.0, ""n_test"": 175}, ""targets"": {""auc"": 0.6611918367346938, ""ap"": 0.6488110253797936, ""neg_fail"": 0.0, ""n_test"": 175}}"
gcn_distmult,GCN + relation-aware decoder,0.0,6,67776,0.7944264723502052,0.7635024187046493,0.7361339820574375,0.4514578878879547,0.37754868270332187,0.1535976380109787,0.7056128293241696,-0.15923118591308594,"{""hasForce"": {""auc"": 0.8939446366782007, ""ap"": 0.882459667329054, ""neg_fail"": 0.0, ""n_test"": 170}, ""hasIntensity"": {""auc"": 0.7325714285714285, ""ap"": 0.71803929035601, ""neg_fail"": 0.0, ""n_test"": 175}, ""hasMechanic"": {""auc"": 0.8337606152860119, ""ap"": 0.8324942557348859, ""neg_fail"": 0.0, ""n_test"": 158}, ""isVariationOf"": {""auc"": 0.8150887573964497, ""ap"": 0.7776537333262795, ""neg_fail"": 0.0, ""n_test"": 26}, ""recruits"": {""auc"": 0.7772292979936533, ""ap"": 0.7475090324954037, ""neg_fail"": 0.0, ""n_test"": 341}, ""requires"": {""auc"": 0.6570448979591836, ""ap"": 0.6078771905952123, ""neg_fail"": 0.0, ""n_test"": 175}, ""targets"": {""auc"": 0.7580081632653061, ""ap"": 0.7441613736499822, ""neg_fail"": 0.0, ""n_test"": 175}}"
gcn_distmult,GCN + relation-aware decoder,0.0,7,67776,0.7357448616148743,0.6999045955388337,0.6817043102703134,0.4915764629840851,0.3967926689576174,0.21102187037467957,0.7237113402061855,-0.14074420928955078,"{""hasForce"": {""auc"": 0.7349480968858131, ""ap"": 0.6983628039617954, ""neg_fail"": 0.0, ""n_test"": 170}, ""hasIntensity"": {""auc"": 0.750465306122449, ""ap"": 0.7446126312146351, ""neg_fail"": 0.0, ""n_test"": 175}, ""hasMechanic"": {""auc"": 0.7142284890241949, ""ap"": 0.735884211434842, ""neg_fail"": 0.0, ""n_test"": 158}, ""isVariationOf"": {""auc"": 0.6523668639053255, ""ap"": 0.5774975967364222, ""neg_fail"": 0.0, ""n_test"": 26}, ""recruits"": {""auc"": 0.769085233185129, ""ap"": 0.7513133337227333, ""neg_fail"": 0.0, ""n_test"": 341}, ""requires"": {""auc"": 0.6751999999999999, ""ap"": 0.6591316385872252, ""neg_fail"": 0.0, ""n_test"": 175}, ""targets"": {""auc"": 0.6879673469387755, ""ap"": 0.6517963193584722, ""neg_fail"": 0.0, ""n_test"": 175}}"
gcn_distmult,GCN + relation-aware decoder,0.0,8,67776,0.7617771678157914,0.7385595270088685,0.6943150151856072,0.46183475852012634,0.3759450171821306,0.141973078250885,0.7060710194730814,-0.14595337212085724,"{""hasForce"": {""auc"": 0.7724567474048444, ""ap"": 0.7436942948171856, ""neg_fail"": 0.0, ""n_test"": 170}, ""hasIntensity"": {""auc"": 0.7253877551020409, ""ap"": 0.693668916536134, ""neg_fail"": 0.0, ""n_test"": 175}, ""hasMechanic"": {""auc"": 0.8626822624579394, ""ap"": 0.8537691593062702, ""neg_fail"": 0.0, ""n_test"": 158}, ""isVariationOf"": {""auc"": 0.7204142011834319, ""ap"": 0.7275206627588434, ""neg_fail"": 0.0, ""n_test"": 26}, ""recruits"": {""auc"": 0.7545170750165549, ""ap"": 0.717625548923534, ""neg_fail"": 0.0, ""n_test"": 341}, ""requires"": {""auc"": 0.6140408163265306, ""ap"": 0.6279620477235226, ""neg_fail"": 0.0, ""n_test"": 175}, ""targets"": {""auc"": 0.7229714285714286, ""ap"": 0.6835336752434547, ""neg_fail"": 0.0, ""n_test"": 175}}"
gcn_distmult,GCN + relation-aware decoder,0.0,9,67776,0.7767157903909203,0.7584513571620533,0.742436229290954,0.40366339683532715,0.3983963344788087,0.12560707330703735,0.7049255441008019,-0.16785115003585815,"{""hasForce"": {""auc"": 0.7457439446366783, ""ap"": 0.7265674438581111, ""neg_fail"": 0.0, ""n_test"": 170}, ""hasIntensity"": {""auc"": 0.7692408163265306, ""ap"": 0.7632599742315855, ""neg_fail"": 0.0, ""n_test"": 175}, ""hasMechanic"": {""auc"": 0.8840330075308444, ""ap"": 0.8728438344542508, ""neg_fail"": 0.0, ""n_test"": 158}, ""isVariationOf"": {""auc"": 0.8254437869822485, ""ap"": 0.801959756433667, ""neg_fail"": 0.0, ""n_test"": 26}, ""recruits"": {""auc"": 0.7985741436692152, ""ap"": 0.791461525204783, ""neg_fail"": 0.0, ""n_test"": 341}, ""requires"": {""auc"": 0.6246204081632653, ""ap"": 0.5875057863149014, ""neg_fail"": 0.0, ""n_test"": 175}, ""targets"": {""auc"": 0.7013224489795918, ""ap"": 0.6718469879503617, ""neg_fail"": 0.0, ""n_test"": 175}}"
gcn_distmult,GCN + relation-aware decoder,0.0,10,67776,0.8019066758160965,0.7816198602526203,0.7418997280688326,0.4127391278743744,0.3731958762886598,0.1169951856136322,0.6895761741122566,-0.16911567747592926,"{""hasForce"": {""auc"": 0.8237024221453287, ""ap"": 0.774567927339321, ""neg_fail"": 0.0, ""n_test"": 170}, ""hasIntensity"": {""auc"": 0.8414367346938776, ""ap"": 0.8147732987729586, ""neg_fail"": 0.0, ""n_test"": 175}, ""hasMechanic"": {""auc"": 0.945842012497997, ""ap"": 0.9452386559354604, ""neg_fail"": 0.0, ""n_test"": 158}, ""isVariationOf"": {""auc"": 0.7218934911242604, ""ap"": 0.6705572612911934, ""neg_fail"": 0.0, ""n_test"": 26}, ""recruits"": {""auc"": 0.7710546004936318, ""ap"": 0.7465358963668285, ""neg_fail"": 0.0, ""n_test"": 341}, ""requires"": {""auc"": 0.653061224489796, ""ap"": 0.6264529133081389, ""neg_fail"": 0.0, ""n_test"": 175}, ""targets"": {""auc"": 0.739461224489796, ""ap"": 0.719339004284526, ""neg_fail"": 0.0, ""n_test"": 175}}"
gcn_distmult,GCN + relation-aware decoder,0.0,11,67776,0.791368493284972,0.78936979306638,0.759664829394573,0.4599383473396301,0.38900343642611684,0.09511565417051315,0.7175257731958763,-0.14789392054080963,"{""hasForce"": {""auc"": 0.8538754325259514, ""ap"": 0.853591581804594, ""neg_fail"": 0.0, ""n_test"": 170}, ""hasIntensity"": {""auc"": 0.721665306122449, ""ap"": 0.6941109783541105, ""neg_fail"": 0.0, ""n_test"": 175}, ""hasMechanic"": {""auc"": 0.9307803236660791, ""ap"": 0.9271133347940578, ""neg_fail"": 0.0, ""n_test"": 158}, ""isVariationOf"": {""auc"": 0.8298816568047338, ""ap"": 0.8102340787458412, ""neg_fail"": 0.0, ""n_test"": 26}, ""recruits"": {""auc"": 0.8226021448043963, ""ap"": 0.8041101414448935, ""neg_fail"": 0.0, ""n_test"": 341}, ""requires"": {""auc"": 0.6704, ""ap"": 0.6378738395134783, ""neg_fail"": 0.0, ""n_test"": 175}, ""targets"": {""auc"": 0.7550040816326531, ""ap"": 0.698308954364439, ""neg_fail"": 0.0, ""n_test"": 175}}"
gcn_distmult,GCN + relation-aware decoder,0.0,12,67776,0.7846098966332278,0.7542737167428112,0.7150289097573175,0.45217806100845337,0.38258877434135163,0.09649765491485596,0.6868270332187858,-0.17495094239711761,"{""hasForce"": {""auc"": 0.7597231833910034, ""ap"": 0.7284100586180716, ""neg_fail"": 0.0, ""n_test"": 170}, ""hasIntensity"": {""auc"": 0.7216326530612245, ""ap"": 0.6831940591762631, ""neg_fail"": 0.0, ""n_test"": 175}, ""hasMechanic"": {""auc"": 0.9007771190514341, ""ap"": 0.8909794217251652, ""neg_fail"": 0.0, ""n_test"": 158}, ""isVariationOf"": {""auc"": 0.6982248520710059, ""ap"": 0.6931445639849169, ""neg_fail"": 0.0, ""n_test"": 26}, ""recruits"": {""auc"": 0.7763091132687198, ""ap"": 0.7386085374314967, ""neg_fail"": 0.0, ""n_test"": 341}, ""requires"": {""auc"": 0.6506448979591837, ""ap"": 0.6238423473523869, ""neg_fail"": 0.0, ""n_test"": 175}, ""targets"": {""auc"": 0.7354122448979591, ""ap"": 0.7026462345869464, ""neg_fail"": 0.0, ""n_test"": 175}}"
gcn_distmult,GCN + relation-aware decoder,0.0,13,67776,0.7661721617706325,0.7543724805159904,0.7211019024234833,0.4227592647075653,0.3711340206185567,0.1445331573486328,0.6962199312714776,-0.11089152842760086,"{""hasForce"": {""auc"": 0.7567820069204152, ""ap"": 0.7571403212556749, ""neg_fail"": 0.0, ""n_test"": 170}, ""hasIntensity"": {""auc"": 0.7296326530612245, ""ap"": 0.6890052739150585, ""neg_fail"": 0.0, ""n_test"": 175}, ""hasMechanic"": {""auc"": 0.9229690754686748, ""ap"": 0.9173358611258406, ""neg_fail"": 0.0, ""n_test"": 158}, ""isVariationOf"": {""auc"": 0.8343195266272189, ""ap"": 0.8020095889018505, ""neg_fail"": 0.0, ""n_test"": 26}, ""recruits"": {""auc"": 0.773944152527068, ""ap"": 0.7474228776829412, ""neg_fail"": 0.0, ""n_test"": 341}, ""requires"": {""auc"": 0.6257632653061225, ""ap"": 0.5738073767850539, ""neg_fail"": 0.0, ""n_test"": 175}, ""targets"": {""auc"": 0.7410285714285715, ""ap"": 0.741792575196301, ""neg_fail"": 0.0, ""n_test"": 175}}"
gcn_distmult,GCN + relation-aware decoder,0.0,14,67776,0.7522955265823612,0.7396173743617308,0.7109457304979413,0.43559354543685913,0.41053837342497135,0.09257057309150696,0.715922107674685,-0.14028766751289368,"{""hasForce"": {""auc"": 0.844152249134948, ""ap"": 0.8236684212137185, ""neg_fail"": 0.0, ""n_test"": 170}, ""hasIntensity"": {""auc"": 0.5599020408163264, ""ap"": 0.5458295330323973, ""neg_fail"": 0.0, ""n_test"": 175}, ""hasMechanic"": {""auc"": 0.7815654542541259, ""ap"": 0.7845975252046269, ""neg_fail"": 0.0, ""n_test"": 158}, ""isVariationOf"": {""auc"": 0.6908284023668639, ""ap"": 0.7141692437859095, ""neg_fail"": 0.0, ""n_test"": 26}, ""recruits"": {""auc"": 0.8172272340279152, ""ap"": 0.7824044663496815, ""neg_fail"": 0.0, ""n_test"": 341}, ""requires"": {""auc"": 0.6107428571428573, ""ap"": 0.5828611155305619, ""neg_fail"": 0.0, ""n_test"": 175}, ""targets"": {""auc"": 0.7510204081632652, ""ap"": 0.7256139268016282, ""neg_fail"": 0.0, ""n_test"": 175}}"
gcn_distmult,GCN + relation-aware decoder,0.0,15,67776,0.78776318225882,0.7665795485084655,0.7320799592714526,0.4336455166339874,0.3837342497136312,0.14353737235069275,0.7255441008018327,-0.12088847905397415,"{""hasForce"": {""auc"": 0.8406920415224913, ""ap"": 0.8339847527939425, ""neg_fail"": 0.0, ""n_test"": 170}, ""hasIntensity"": {""auc"": 0.7433142857142857, ""ap"": 0.7130793303188803, ""neg_fail"": 0.0, ""n_test"": 175}, ""hasMechanic"": {""auc"": 0.8741788174971961, ""ap"": 0.8698347174376457, ""neg_fail"": 0.0, ""n_test"": 158}, ""isVariationOf"": {""auc"": 0.863905325443787, ""ap"": 0.8540913290105041, ""neg_fail"": 0.0, ""n_test"": 26}, ""recruits"": {""auc"": 0.7958393890661415, ""ap"": 0.7647881534381169, ""neg_fail"": 0.0, ""n_test"": 341}, ""requires"": {""auc"": 0.653257142857143, ""ap"": 0.6239345301952753, ""neg_fail"": 0.0, ""n_test"": 175}, ""targets"": {""auc"": 0.7108244897959184, ""ap"": 0.6885031298087331, ""neg_fail"": 0.0, ""n_test"": 175}}"
gcn_distmult,GCN + relation-aware decoder,0.0,16,67776,0.7584632225598797,0.72596613813491,0.7144496440551997,0.3550604581832886,0.4334478808705613,0.10495179146528244,0.7246277205040091,-0.18981145322322845,"{""hasForce"": {""auc"": 0.765743944636678, ""ap"": 0.7748005008583487, ""neg_fail"": 0.0, ""n_test"": 170}, ""hasIntensity"": {""auc"": 0.5929469387755102, ""ap"": 0.5656812036198451, ""neg_fail"": 0.0, ""n_test"": 175}, ""hasMechanic"": {""auc"": 0.8685707418682903, ""ap"": 0.8784404679236795, ""neg_fail"": 0.0, ""n_test"": 158}, ""isVariationOf"": {""auc"": 0.3594674556213017, ""ap"": 0.4674904105757437, ""neg_fail"": 0.0, ""n_test"": 26}, ""recruits"": {""auc"": 0.7669610684462639, ""ap"": 0.7566014945105805, ""neg_fail"": 0.0, ""n_test"": 341}, ""requires"": {""auc"": 0.636669387755102, ""ap"": 0.6286958738286219, ""neg_fail"": 0.0, ""n_test"": 175}, ""targets"": {""auc"": 0.6973387755102041, ""ap"": 0.6942273107938866, ""neg_fail"": 0.0, ""n_test"": 175}}"
gcn_distmult,GCN + relation-aware decoder,0.0,17,67776,0.7706080013941988,0.7584251545283526,0.7244754276848435,0.3970690965652466,0.3617411225658648,0.10642220079898834,0.6765177548682704,-0.20710152387619019,"{""hasForce"": {""auc"": 0.7233564013840831, ""ap"": 0.688101207137833, ""neg_fail"": 0.0, ""n_test"": 170}, ""hasIntensity"": {""auc"": 0.695869387755102, ""ap"": 0.6553511400728981, ""neg_fail"": 0.0, ""n_test"": 175}, ""hasMechanic"": {""auc"": 0.8468995353308765, ""ap"": 0.8282013365077066, ""neg_fail"": 0.0, ""n_test"": 158}, ""isVariationOf"": {""auc"": 0.5384615384615385, ""ap"": 0.5386678624387843, ""neg_fail"": 0.0, ""n_test"": 26}, ""recruits"": {""auc"": 0.8178808231783352, ""ap"": 0.7745246030641852, ""neg_fail"": 0.0, ""n_test"": 341}, ""requires"": {""auc"": 0.583869387755102, ""ap"": 0.5325218190009966, ""neg_fail"": 0.0, ""n_test"": 175}, ""targets"": {""auc"": 0.7870367346938776, ""ap"": 0.7455320177918421, ""neg_fail"": 0.0, ""n_test"": 175}}"
gcn_distmult,GCN + relation-aware decoder,0.0,18,67776,0.7853723491160998,0.7731496909432948,0.7349731878531014,0.4491952061653137,0.4011454753722795,0.11771166324615479,0.6838487972508591,-0.17044441401958466,"{""hasForce"": {""auc"": 0.8370588235294117, ""ap"": 0.8142761146020737, ""neg_fail"": 0.0, ""n_test"": 170}, ""hasIntensity"": {""auc"": 0.7506612244897959, ""ap"": 0.7351074537847749, ""neg_fail"": 0.0, ""n_test"": 175}, ""hasMechanic"": {""auc"": 0.8895609677936229, ""ap"": 0.8828072454019101, ""neg_fail"": 0.0, ""n_test"": 158}, ""isVariationOf"": {""auc"": 0.695266272189349, ""ap"": 0.71279446879393, ""neg_fail"": 0.0, ""n_test"": 26}, ""recruits"": {""auc"": 0.806107618613531, ""ap"": 0.7847567331466183, ""neg_fail"": 0.0, ""n_test"": 341}, ""requires"": {""auc"": 0.6057142857142856, ""ap"": 0.6210364464320464, ""neg_fail"": 0.0, ""n_test"": 175}, ""targets"": {""auc"": 0.7522612244897959, ""ap"": 0.6998705567941789, ""neg_fail"": 0.0, ""n_test"": 175}}"
gcn_distmult,GCN + relation-aware decoder,0.0,19,67776,0.7701314685924038,0.7588934426229508,0.7196630117317255,0.4234359562397003,0.3938144329896907,0.15267613530158997,0.7138602520045819,-0.09232837706804276,"{""hasForce"": {""auc"": 0.744878892733564, ""ap"": 0.7386795810297861, ""neg_fail"": 0.0, ""n_test"": 170}, ""hasIntensity"": {""auc"": 0.7079510204081634, ""ap"": 0.6544356651529197, ""neg_fail"": 0.0, ""n_test"": 175}, ""hasMechanic"": {""auc"": 0.9564172408267906, ""ap"": 0.9566575178702432, ""neg_fail"": 0.0, ""n_test"": 158}, ""isVariationOf"": {""auc"": 0.6789940828402368, ""ap"": 0.6598084685171235, ""neg_fail"": 0.0, ""n_test"": 26}, ""recruits"": {""auc"": 0.792038252165014, ""ap"": 0.7562421179476989, ""neg_fail"": 0.0, ""n_test"": 341}, ""requires"": {""auc"": 0.6550530612244898, ""ap"": 0.5983368089424932, ""neg_fail"": 0.0, ""n_test"": 175}, ""targets"": {""auc"": 0.6983836734693878, ""ap"": 0.6621036573475567, ""neg_fail"": 0.0, ""n_test"": 175}}"
gcn_distmult,GCN + relation-aware decoder,0.0,20,67776,0.783237482164058,0.7472977694168235,0.7317772235461149,0.42050808668136597,0.4064146620847652,0.12170743942260742,0.7143184421534937,-0.18164129555225372,"{""hasForce"": {""auc"": 0.7148096885813149, ""ap"": 0.6506169729174722, ""neg_fail"": 0.0, ""n_test"": 170}, ""hasIntensity"": {""auc"": 0.6713142857142856, ""ap"": 0.6480917075365389, ""neg_fail"": 0.0, ""n_test"": 175}, ""hasMechanic"": {""auc"": 0.8909629867008493, ""ap"": 0.8873429593830999, ""neg_fail"": 0.0, ""n_test"": 158}, ""isVariationOf"": {""auc"": 0.7085798816568047, ""ap"": 0.6922106285878441, ""neg_fail"": 0.0, ""n_test"": 26}, ""recruits"": {""auc"": 0.8005349111204754, ""ap"": 0.7778251510357911, ""neg_fail"": 0.0, ""n_test"": 341}, ""requires"": {""auc"": 0.625730612244898, ""ap"": 0.5970587024601545, ""neg_fail"": 0.0, ""n_test"": 175}, ""targets"": {""auc"": 0.7353795918367347, ""ap"": 0.699957601650895, ""neg_fail"": 0.0, ""n_test"": 175}}"
gcn_distmult,GCN + relation-aware decoder,0.0,21,67776,0.7688652528619198,0.7586965869389949,0.7325264858440386,0.4512389600276947,0.41053837342497135,0.13868705928325653,0.7191294387170676,-0.15205880999565125,"{""hasForce"": {""auc"": 0.7985813148788927, ""ap"": 0.8043000971830779, ""neg_fail"": 0.0, ""n_test"": 170}, ""hasIntensity"": {""auc"": 0.6698122448979592, ""ap"": 0.6522511150818682, ""neg_fail"": 0.0, ""n_test"": 175}, ""hasMechanic"": {""auc"": 0.8718554718795065, ""ap"": 0.8685818675333228, ""neg_fail"": 0.0, ""n_test"": 158}, ""isVariationOf"": {""auc"": 0.7884615384615384, ""ap"": 0.7438834974278554, ""neg_fail"": 0.0, ""n_test"": 26}, ""recruits"": {""auc"": 0.8203833816358648, ""ap"": 0.7971598266343485, ""neg_fail"": 0.0, ""n_test"": 341}, ""requires"": {""auc"": 0.543738775510204, ""ap"": 0.5244540216273931, ""neg_fail"": 0.0, ""n_test"": 175}, ""targets"": {""auc"": 0.7256163265306121, ""ap"": 0.684286093960194, ""neg_fail"": 0.0, ""n_test"": 175}}"
gcn_distmult,GCN + relation-aware decoder,0.0,22,67776,0.8088613316777222,0.7638222252082774,0.728213694308335,0.42948973178863525,0.3766323024054983,0.10534706711769104,0.677434135166094,-0.19350972771644592,"{""hasForce"": {""auc"": 0.7798961937716262, ""ap"": 0.7322453300783511, ""neg_fail"": 0.0, ""n_test"": 170}, ""hasIntensity"": {""auc"": 0.7514775510204081, ""ap"": 0.6802462415595749, ""neg_fail"": 0.0, ""n_test"": 175}, ""hasMechanic"": {""auc"": 0.879746835443038, ""ap"": 0.8723457990041363, ""neg_fail"": 0.0, ""n_test"": 158}, ""isVariationOf"": {""auc"": 0.8091715976331362, ""ap"": 0.799149139383767, ""neg_fail"": 0.0, ""n_test"": 26}, ""recruits"": {""auc"": 0.7995803269665723, ""ap"": 0.7601539030265387, ""neg_fail"": 0.0, ""n_test"": 341}, ""requires"": {""auc"": 0.6079346938775511, ""ap"": 0.5489112395536816, ""neg_fail"": 0.0, ""n_test"": 175}, ""targets"": {""auc"": 0.7103999999999999, ""ap"": 0.6886423312378852, ""neg_fail"": 0.0, ""n_test"": 175}}"
gcn_distmult,GCN + relation-aware decoder,0.0,23,67776,0.7842885773725887,0.7607665950013437,0.7066693456204785,0.4286009967327118,0.3695303550973654,0.12392835319042206,0.6985108820160366,-0.13011839985847473,"{""hasForce"": {""auc"": 0.8642906574394466, ""ap"": 0.8492903922514317, ""neg_fail"": 0.0, ""n_test"": 170}, ""hasIntensity"": {""auc"": 0.7516408163265307, ""ap"": 0.711857414300088, ""neg_fail"": 0.0, ""n_test"": 175}, ""hasMechanic"": {""auc"": 0.88531485338888, ""ap"": 0.8796371039542455, ""neg_fail"": 0.0, ""n_test"": 158}, ""isVariationOf"": {""auc"": 0.8372781065088757, ""ap"": 0.8303492071454153, ""neg_fail"": 0.0, ""n_test"": 26}, ""recruits"": {""auc"": 0.7755179264024217, ""ap"": 0.7249045726537499, ""neg_fail"": 0.0, ""n_test"": 341}, ""requires"": {""auc"": 0.6552163265306123, ""ap"": 0.6479960021629806, ""neg_fail"": 0.0, ""n_test"": 175}, ""targets"": {""auc"": 0.6929632653061225, ""ap"": 0.6601543683766266, ""neg_fail"": 0.0, ""n_test"": 175}}"
gcn_distmult,GCN + relation-aware decoder,0.0,24,67776,0.7703547582481022,0.7419101048105349,0.7027198123269729,0.4590812921524048,0.3660939289805269,0.12092046439647675,0.6971363115693012,-0.18222679197788239,"{""hasForce"": {""auc"": 0.7296885813148788, ""ap"": 0.7251838140880402, ""neg_fail"": 0.0, ""n_test"": 170}, ""hasIntensity"": {""auc"": 0.6866612244897958, ""ap"": 0.6334957544323965, ""neg_fail"": 0.0, ""n_test"": 175}, ""hasMechanic"": {""auc"": 0.9083480211504567, ""ap"": 0.9026852695884833, ""neg_fail"": 0.0, ""n_test"": 158}, ""isVariationOf"": {""auc"": 0.8476331360946745, ""ap"": 0.8332630380458985, ""neg_fail"": 0.0, ""n_test"": 26}, ""recruits"": {""auc"": 0.7760253179797216, ""ap"": 0.7415455021199379, ""neg_fail"": 0.0, ""n_test"": 341}, ""requires"": {""auc"": 0.6177632653061225, ""ap"": 0.6186570122608746, ""neg_fail"": 0.0, ""n_test"": 175}, ""targets"": {""auc"": 0.7526530612244898, ""ap"": 0.7255932534009828, ""neg_fail"": 0.0, ""n_test"": 175}}"
gcn_distmult,GCN + relation-aware decoder,0.0,25,67776,0.8040497119018832,0.766399489384574,0.7394880027394001,0.4290911853313446,0.397709049255441,0.10646224021911621,0.7051546391752578,-0.18492631614208221,"{""hasForce"": {""auc"": 0.7897923875432526, ""ap"": 0.7440728950455019, ""neg_fail"": 0.0, ""n_test"": 170}, ""hasIntensity"": {""auc"": 0.7506612244897959, ""ap"": 0.7440615292417889, ""neg_fail"": 0.0, ""n_test"": 175}, ""hasMechanic"": {""auc"": 0.8473001121615127, ""ap"": 0.8519453443580572, ""neg_fail"": 0.0, ""n_test"": 158}, ""isVariationOf"": {""auc"": 0.8431952662721893, ""ap"": 0.8425501857488111, ""neg_fail"": 0.0, ""n_test"": 26}, ""recruits"": {""auc"": 0.8151804680042312, ""ap"": 0.7787674609040481, ""neg_fail"": 0.0, ""n_test"": 341}, ""requires"": {""auc"": 0.6549551020408163, ""ap"": 0.6512958123663379, ""neg_fail"": 0.0, ""n_test"": 175}, ""targets"": {""auc"": 0.7330285714285715, ""ap"": 0.709171508822547, ""neg_fail"": 0.0, ""n_test"": 175}}"
gcn_distmult,GCN + relation-aware decoder,0.0,26,67776,0.8056944308292214,0.7678540714861597,0.7277202033859651,0.49913278222084045,0.40756013745704467,0.12325358390808105,0.7040091638029783,-0.16495205461978912,"{""hasForce"": {""auc"": 0.8655363321799308, ""ap"": 0.8630944156834767, ""neg_fail"": 0.0, ""n_test"": 170}, ""hasIntensity"": {""auc"": 0.7545795918367346, ""ap"": 0.7605365959107301, ""neg_fail"": 0.0, ""n_test"": 175}, ""hasMechanic"": {""auc"": 0.8899615446242589, ""ap"": 0.8562606050833582, ""neg_fail"": 0.0, ""n_test"": 158}, ""isVariationOf"": {""auc"": 0.8579881656804733, ""ap"": 0.8096799553423671, ""neg_fail"": 0.0, ""n_test"": 26}, ""recruits"": {""auc"": 0.7824322116252871, ""ap"": 0.7614403482574733, ""neg_fail"": 0.0, ""n_test"": 341}, ""requires"": {""auc"": 0.6007510204081633, ""ap"": 0.5500757318227456, ""neg_fail"": 0.0, ""n_test"": 175}, ""targets"": {""auc"": 0.7580734693877552, ""ap"": 0.7083570731039113, ""neg_fail"": 0.0, ""n_test"": 175}}"
gcn_distmult,GCN + relation-aware decoder,0.0,27,67776,0.7579621823568496,0.7272373018005911,0.6905822450509207,0.39387211203575134,0.3917525773195876,0.15029321610927582,0.6868270332187858,-0.16400061547756195,"{""hasForce"": {""auc"": 0.7295847750865053, ""ap"": 0.717984161341294, ""neg_fail"": 0.0, ""n_test"": 170}, ""hasIntensity"": {""auc"": 0.6903836734693878, ""ap"": 0.6457276702456752, ""neg_fail"": 0.0, ""n_test"": 175}, ""hasMechanic"": {""auc"": 0.860158628424932, ""ap"": 0.8714183391490268, ""neg_fail"": 0.0, ""n_test"": 158}, ""isVariationOf"": {""auc"": 0.6331360946745563, ""ap"": 0.6072255320948488, ""neg_fail"": 0.0, ""n_test"": 26}, ""recruits"": {""auc"": 0.7628331369699264, ""ap"": 0.7163176741972843, ""neg_fail"": 0.0, ""n_test"": 341}, ""requires"": {""auc"": 0.5539918367346938, ""ap"": 0.554650026214872, ""neg_fail"": 0.0, ""n_test"": 175}, ""targets"": {""auc"": 0.7385142857142857, ""ap"": 0.6857344043492126, ""neg_fail"": 0.0, ""n_test"": 175}}"
gcn_distmult,GCN + relation-aware decoder,0.0,28,67776,0.8029278175342287,0.7973280032249396,0.768995400102735,0.46505749225616455,0.4144329896907217,0.0885276198387146,0.6959908361970217,-0.18969804048538208,"{""hasForce"": {""auc"": 0.8287197231833909, ""ap"": 0.7911573830364292, ""neg_fail"": 0.0, ""n_test"": 170}, ""hasIntensity"": {""auc"": 0.7697959183673471, ""ap"": 0.7637554346546109, ""neg_fail"": 0.0, ""n_test"": 175}, ""hasMechanic"": {""auc"": 0.888519468033969, ""ap"": 0.8825678831230392, ""neg_fail"": 0.0, ""n_test"": 158}, ""isVariationOf"": {""auc"": 0.8165680473372781, ""ap"": 0.7925876885789679, ""neg_fail"": 0.0, ""n_test"": 26}, ""recruits"": {""auc"": 0.8383226838434482, ""ap"": 0.8102521514277303, ""neg_fail"": 0.0, ""n_test"": 341}, ""requires"": {""auc"": 0.6896979591836735, ""ap"": 0.6918968522556986, ""neg_fail"": 0.0, ""n_test"": 175}, ""targets"": {""auc"": 0.7746285714285716, ""ap"": 0.7393044353507228, ""neg_fail"": 0.0, ""n_test"": 175}}"
gcn_distmult,GCN + relation-aware decoder,0.0,29,67776,0.7954176605779391,0.7670565708142973,0.7291575735897358,0.4597979485988617,0.363573883161512,0.12633319199085236,0.693241695303551,-0.18172143399715424,"{""hasForce"": {""auc"": 0.8004498269896195, ""ap"": 0.8191242360281288, ""neg_fail"": 0.0, ""n_test"": 170}, ""hasIntensity"": {""auc"": 0.8780408163265306, ""ap"": 0.8427544868055014, ""neg_fail"": 0.0, ""n_test"": 175}, ""hasMechanic"": {""auc"": 0.8375660951770549, ""ap"": 0.8288926419690592, ""neg_fail"": 0.0, ""n_test"": 158}, ""isVariationOf"": {""auc"": 0.8284023668639053, ""ap"": 0.7976142127179577, ""neg_fail"": 0.0, ""n_test"": 26}, ""recruits"": {""auc"": 0.7718543872171721, ""ap"": 0.7458137503739547, ""neg_fail"": 0.0, ""n_test"": 341}, ""requires"": {""auc"": 0.6702367346938776, ""ap"": 0.6208789714237397, ""neg_fail"": 0.0, ""n_test"": 175}, ""targets"": {""auc"": 0.7433469387755103, ""ap"": 0.7104206766278212, ""neg_fail"": 0.0, ""n_test"": 175}}"
rgcn,R-GCN (relation-aware propagation),0.0,0,182464,0.7816499471729352,0.7775403117441548,0.7569802236031635,0.3991582691669464,0.456815578465063,0.0814710184931755,0.6907216494845361,-0.18369732797145844,"{""hasForce"": {""auc"": 0.8211072664359862, ""ap"": 0.815349562791398, ""neg_fail"": 0.0, ""n_test"": 170}, ""hasIntensity"": {""auc"": 0.7563428571428572, ""ap"": 0.711139297447972, ""neg_fail"": 0.0, ""n_test"": 175}, ""hasMechanic"": {""auc"": 0.8451369972760776, ""ap"": 0.8292489968000283, ""neg_fail"": 0.0, ""n_test"": 158}, ""isVariationOf"": {""auc"": 0.8742603550295858, ""ap"": 0.8561097480705027, ""neg_fail"": 0.0, ""n_test"": 26}, ""recruits"": {""auc"": 0.8307290098984357, ""ap"": 0.81335316976441, ""neg_fail"": 0.0, ""n_test"": 341}, ""requires"": {""auc"": 0.6018938775510203, ""ap"": 0.5623215945403137, ""neg_fail"": 0.0, ""n_test"": 175}, ""targets"": {""auc"": 0.7600326530612245, ""ap"": 0.7237452041398813, ""neg_fail"": 0.0, ""n_test"": 175}}"
rgcn,R-GCN (relation-aware propagation),0.0,1,182464,0.7980127220642856,0.7723313625369526,0.7597161333523437,0.3265947699546814,0.49095074455899196,0.06694267690181732,0.7223367697594502,-0.17972242832183838,"{""hasForce"": {""auc"": 0.7857439446366782, ""ap"": 0.7953318304199686, ""neg_fail"": 0.0, ""n_test"": 170}, ""hasIntensity"": {""auc"": 0.7599346938775511, ""ap"": 0.7167729538320973, ""neg_fail"": 0.0, ""n_test"": 175}, ""hasMechanic"": {""auc"": 0.8571943598782247, ""ap"": 0.8511960867378887, ""neg_fail"": 0.0, ""n_test"": 158}, ""isVariationOf"": {""auc"": 0.6612426035502958, ""ap"": 0.6243665819036327, ""neg_fail"": 0.0, ""n_test"": 26}, ""recruits"": {""auc"": 0.8104849459498973, ""ap"": 0.8135443018471007, ""neg_fail"": 0.0, ""n_test"": 341}, ""requires"": {""auc"": 0.6277551020408163, ""ap"": 0.5845479871719997, ""neg_fail"": 0.0, ""n_test"": 175}, ""targets"": {""auc"": 0.8089142857142857, ""ap"": 0.7751104122662714, ""neg_fail"": 0.0, ""n_test"": 175}}"
rgcn,R-GCN (relation-aware propagation),0.0,2,182464,0.8149909050310972,0.7725933888739587,0.747078998427015,0.42871758341789246,0.44742268041237115,0.10753807425498962,0.7017182130584192,-0.18138331174850464,"{""hasForce"": {""auc"": 0.8188927335640138, ""ap"": 0.8138148539549261, ""neg_fail"": 0.0, ""n_test"": 170}, ""hasIntensity"": {""auc"": 0.7456326530612245, ""ap"": 0.6853346122663149, ""neg_fail"": 0.0, ""n_test"": 175}, ""hasMechanic"": {""auc"": 0.8553517064572985, ""ap"": 0.8513359148349731, ""neg_fail"": 0.0, ""n_test"": 158}, ""isVariationOf"": {""auc"": 0.9112426035502958, ""ap"": 0.829974340578944, ""neg_fail"": 0.0, ""n_test"": 26}, ""recruits"": {""auc"": 0.8276760605773943, ""ap"": 0.8029448741155021, ""neg_fail"": 0.0, ""n_test"": 341}, ""requires"": {""auc"": 0.6420897959183673, ""ap"": 0.5941800409827105, ""neg_fail"": 0.0, ""n_test"": 175}, ""targets"": {""auc"": 0.7303183673469388, ""ap"": 0.7211951516416296, ""neg_fail"": 0.0, ""n_test"": 175}}"
rgcn,R-GCN (relation-aware propagation),0.0,3,182464,0.7929505821869315,0.768798710024187,0.74111325242465,0.35237476229667664,0.4760595647193585,0.06909094750881195,0.6923253150057274,-0.16877001523971558,"{""hasForce"": {""auc"": 0.7464359861591696, ""ap"": 0.7095959980518802, ""neg_fail"": 0.0, ""n_test"": 170}, ""hasIntensity"": {""auc"": 0.7139265306122449, ""ap"": 0.6543649630432549, ""neg_fail"": 0.0, ""n_test"": 175}, ""hasMechanic"": {""auc"": 0.9305399775676975, ""ap"": 0.9314969209526078, ""neg_fail"": 0.0, ""n_test"": 158}, ""isVariationOf"": {""auc"": 0.8387573964497042, ""ap"": 0.7637910242708307, ""neg_fail"": 0.0, ""n_test"": 26}, ""recruits"": {""auc"": 0.8288714407340838, ""ap"": 0.8208054463793142, ""neg_fail"": 0.0, ""n_test"": 341}, ""requires"": {""auc"": 0.6039183673469387, ""ap"": 0.5408254485251136, ""neg_fail"": 0.0, ""n_test"": 175}, ""targets"": {""auc"": 0.7554612244897959, ""ap"": 0.728863372380385, ""neg_fail"": 0.0, ""n_test"": 175}}"
rgcn,R-GCN (relation-aware propagation),0.0,4,182464,0.8152141946867955,0.8051289975812953,0.7704587378877975,0.4358089566230774,0.4524627720504009,0.1108521819114685,0.6781214203894617,-0.177650585770607,"{""hasForce"": {""auc"": 0.8075778546712803, ""ap"": 0.7568171783372123, ""neg_fail"": 0.0, ""n_test"": 170}, ""hasIntensity"": {""auc"": 0.8426448979591837, ""ap"": 0.7975557471084382, ""neg_fail"": 0.0, ""n_test"": 175}, ""hasMechanic"": {""auc"": 0.9114324627463547, ""ap"": 0.9113287321725425, ""neg_fail"": 0.0, ""n_test"": 158}, ""isVariationOf"": {""auc"": 0.7884615384615385, ""ap"": 0.7222193224782095, ""neg_fail"": 0.0, ""n_test"": 26}, ""recruits"": {""auc"": 0.8362759178197642, ""ap"": 0.8070477937190226, ""neg_fail"": 0.0, ""n_test"": 341}, ""requires"": {""auc"": 0.6470530612244898, ""ap"": 0.5934916473182908, ""neg_fail"": 0.0, ""n_test"": 175}, ""targets"": {""auc"": 0.8050612244897959, ""ap"": 0.8083172419620729, ""neg_fail"": 0.0, ""n_test"": 175}}"
rgcn,R-GCN (relation-aware propagation),0.0,5,182464,0.8057488917208553,0.7868933082504703,0.7434578611779372,0.4324774146080017,0.47812142038946165,0.086640864610672,0.6872852233676976,-0.22388248145580292,"{""hasForce"": {""auc"": 0.8378892733564014, ""ap"": 0.8162488476070516, ""neg_fail"": 0.0, ""n_test"": 170}, ""hasIntensity"": {""auc"": 0.826742857142857, ""ap"": 0.7807020768806027, ""neg_fail"": 0.0, ""n_test"": 175}, ""hasMechanic"": {""auc"": 0.9452411472520429, ""ap"": 0.9473937862852924, ""neg_fail"": 0.0, ""n_test"": 158}, ""isVariationOf"": {""auc"": 0.8683431952662722, ""ap"": 0.8004872368084558, ""neg_fail"": 0.0, ""n_test"": 26}, ""recruits"": {""auc"": 0.789432495420576, ""ap"": 0.7520549656131554, ""neg_fail"": 0.0, ""n_test"": 341}, ""requires"": {""auc"": 0.6007836734693878, ""ap"": 0.5445070047145909, ""neg_fail"": 0.0, ""n_test"": 175}, ""targets"": {""auc"": 0.7608489795918367, ""ap"": 0.7337021063383421, ""neg_fail"": 0.0, ""n_test"": 175}}"
rgcn,R-GCN (relation-aware propagation),0.0,6,182464,0.7883377446655557,0.779004971781779,0.771943810480874,0.38900667428970337,0.46964490263459335,0.09486158192157745,0.7005727376861397,-0.21141007542610168,"{""hasForce"": {""auc"": 0.8236678200692041, ""ap"": 0.8003782422490596, ""neg_fail"": 0.0, ""n_test"": 170}, ""hasIntensity"": {""auc"": 0.7116408163265306, ""ap"": 0.6862634492570022, ""neg_fail"": 0.0, ""n_test"": 175}, ""hasMechanic"": {""auc"": 0.9172408267905784, ""ap"": 0.91528937594236, ""neg_fail"": 0.0, ""n_test"": 158}, ""isVariationOf"": {""auc"": 0.7662721893491125, ""ap"": 0.713287494091209, ""neg_fail"": 0.0, ""n_test"": 26}, ""recruits"": {""auc"": 0.7958393890661415, ""ap"": 0.8100517152418714, ""neg_fail"": 0.0, ""n_test"": 341}, ""requires"": {""auc"": 0.6735673469387755, ""ap"": 0.6166039779248658, ""neg_fail"": 0.0, ""n_test"": 175}, ""targets"": {""auc"": 0.7887020408163266, ""ap"": 0.7785618192231877, ""neg_fail"": 0.0, ""n_test"": 175}}"
rgcn,R-GCN (relation-aware propagation),0.0,7,182464,0.8188657974708362,0.7915331900026874,0.7451752245484168,0.444225549697876,0.3958762886597938,0.13336551189422607,0.7060710194730814,-0.14800022542476654,"{""hasForce"": {""auc"": 0.8738754325259516, ""ap"": 0.8768510090379609, ""neg_fail"": 0.0, ""n_test"": 170}, ""hasIntensity"": {""auc"": 0.8343183673469388, ""ap"": 0.7850605850724505, ""neg_fail"": 0.0, ""n_test"": 175}, ""hasMechanic"": {""auc"": 0.9203653260695401, ""ap"": 0.9157993569105788, ""neg_fail"": 0.0, ""n_test"": 158}, ""isVariationOf"": {""auc"": 0.7677514792899408, ""ap"": 0.6919691413524038, ""neg_fail"": 0.0, ""n_test"": 26}, ""recruits"": {""auc"": 0.7958995880668381, ""ap"": 0.7647278787908629, ""neg_fail"": 0.0, ""n_test"": 341}, ""requires"": {""auc"": 0.6707918367346939, ""ap"": 0.6533877950242009, ""neg_fail"": 0.0, ""n_test"": 175}, ""targets"": {""auc"": 0.7659755102040816, ""ap"": 0.7189608312234479, ""neg_fail"": 0.0, ""n_test"": 175}}"
rgcn,R-GCN (relation-aware propagation),0.0,8,182464,0.7653198488165648,0.7287832571889277,0.7154823901588144,0.3153977692127228,0.47812142038946165,0.05381474271416664,0.6904925544100802,-0.19031186401844025,"{""hasForce"": {""auc"": 0.7991349480968859, ""ap"": 0.790330601263057, ""neg_fail"": 0.0, ""n_test"": 170}, ""hasIntensity"": {""auc"": 0.6907428571428571, ""ap"": 0.66029610046732, ""neg_fail"": 0.0, ""n_test"": 175}, ""hasMechanic"": {""auc"": 0.8657667040538375, ""ap"": 0.8619762695555402, ""neg_fail"": 0.0, ""n_test"": 158}, ""isVariationOf"": {""auc"": 0.5310650887573964, ""ap"": 0.5381721845032625, ""neg_fail"": 0.0, ""n_test"": 26}, ""recruits"": {""auc"": 0.7550330664510969, ""ap"": 0.7627843051967944, ""neg_fail"": 0.0, ""n_test"": 341}, ""requires"": {""auc"": 0.6140408163265305, ""ap"": 0.5758897733754177, ""neg_fail"": 0.0, ""n_test"": 175}, ""targets"": {""auc"": 0.6581224489795918, ""ap"": 0.6502626754776248, ""neg_fail"": 0.0, ""n_test"": 175}}"
rgcn,R-GCN (relation-aware propagation),0.0,9,182464,0.7967927980916905,0.7661119322762697,0.7396288886380529,0.3923936188220978,0.4570446735395189,0.10324345529079437,0.6927835051546392,-0.16260431706905365,"{""hasForce"": {""auc"": 0.8209342560553634, ""ap"": 0.826107797208378, ""neg_fail"": 0.0, ""n_test"": 170}, ""hasIntensity"": {""auc"": 0.7493877551020408, ""ap"": 0.7102949717729963, ""neg_fail"": 0.0, ""n_test"": 175}, ""hasMechanic"": {""auc"": 0.9012578112481975, ""ap"": 0.8828072324470226, ""neg_fail"": 0.0, ""n_test"": 158}, ""isVariationOf"": {""auc"": 0.8757396449704142, ""ap"": 0.8665224020097722, ""neg_fail"": 0.0, ""n_test"": 26}, ""recruits"": {""auc"": 0.7741505491008851, ""ap"": 0.7651500629078378, ""neg_fail"": 0.0, ""n_test"": 341}, ""requires"": {""auc"": 0.6170775510204082, ""ap"": 0.587334388935401, ""neg_fail"": 0.0, ""n_test"": 175}, ""targets"": {""auc"": 0.7810285714285714, ""ap"": 0.769727180253942, ""neg_fail"": 0.0, ""n_test"": 175}}"
rgcn,R-GCN (relation-aware propagation),0.0,10,182464,0.7692737095491727,0.7555670518677775,0.7262078777261125,0.2861616015434265,0.47743413516609395,0.05579650402069092,0.6927835051546392,-0.17267084121704102,"{""hasForce"": {""auc"": 0.7897231833910034, ""ap"": 0.7312206584433376, ""neg_fail"": 0.0, ""n_test"": 170}, ""hasIntensity"": {""auc"": 0.7750530612244898, ""ap"": 0.7244814658455526, ""neg_fail"": 0.0, ""n_test"": 175}, ""hasMechanic"": {""auc"": 0.9396330716231373, ""ap"": 0.9385891084047974, ""neg_fail"": 0.0, ""n_test"": 158}, ""isVariationOf"": {""auc"": 0.764792899408284, ""ap"": 0.8031616853722594, ""neg_fail"": 0.0, ""n_test"": 26}, ""recruits"": {""auc"": 0.7489787669524686, ""ap"": 0.758318027332589, ""neg_fail"": 0.0, ""n_test"": 341}, ""requires"": {""auc"": 0.617861224489796, ""ap"": 0.5753399421141392, ""neg_fail"": 0.0, ""n_test"": 175}, ""targets"": {""auc"": 0.7161795918367346, ""ap"": 0.6833027083407296, ""neg_fail"": 0.0, ""n_test"": 175}}"
rgcn,R-GCN (relation-aware propagation),0.0,11,182464,0.8048829635438791,0.8016904058048911,0.7690146953682397,0.44462597370147705,0.43917525773195876,0.10935256630182266,0.6950744558991981,-0.17906633019447327,"{""hasForce"": {""auc"": 0.8524913494809689, ""ap"": 0.823716675698847, ""neg_fail"": 0.0, ""n_test"": 170}, ""hasIntensity"": {""auc"": 0.8002938775510204, ""ap"": 0.7505830117056816, ""neg_fail"": 0.0, ""n_test"": 175}, ""hasMechanic"": {""auc"": 0.8873577952251241, ""ap"": 0.8857038578164543, ""neg_fail"": 0.0, ""n_test"": 158}, ""isVariationOf"": {""auc"": 0.7440828402366864, ""ap"": 0.6761637715925087, ""neg_fail"": 0.0, ""n_test"": 26}, ""recruits"": {""auc"": 0.839758860002924, ""ap"": 0.8231753199287155, ""neg_fail"": 0.0, ""n_test"": 341}, ""requires"": {""auc"": 0.6678530612244897, ""ap"": 0.6111110770491968, ""neg_fail"": 0.0, ""n_test"": 175}, ""targets"": {""auc"": 0.7824326530612246, ""ap"": 0.7487078587123648, ""neg_fail"": 0.0, ""n_test"": 175}}"
rgcn,R-GCN (relation-aware propagation),0.0,12,182464,0.796926227276193,0.7585004031174416,0.7287818351154642,0.421758770942688,0.4252004581901489,0.10953974723815918,0.6920962199312715,-0.17942151427268982,"{""hasForce"": {""auc"": 0.777750865051903, ""ap"": 0.7806008357063918, ""neg_fail"": 0.0, ""n_test"": 170}, ""hasIntensity"": {""auc"": 0.7853061224489796, ""ap"": 0.7646549007782962, ""neg_fail"": 0.0, ""n_test"": 175}, ""hasMechanic"": {""auc"": 0.8430940554398334, ""ap"": 0.8435453589839421, ""neg_fail"": 0.0, ""n_test"": 158}, ""isVariationOf"": {""auc"": 0.7366863905325444, ""ap"": 0.6638156605720481, ""neg_fail"": 0.0, ""n_test"": 26}, ""recruits"": {""auc"": 0.7856571580911758, ""ap"": 0.7616126783388308, ""neg_fail"": 0.0, ""n_test"": 341}, ""requires"": {""auc"": 0.5784163265306123, ""ap"": 0.5240987563213235, ""neg_fail"": 0.0, ""n_test"": 175}, ""targets"": {""auc"": 0.7609469387755101, ""ap"": 0.7521062998662318, ""neg_fail"": 0.0, ""n_test"": 175}}"
rgcn,R-GCN (relation-aware propagation),0.0,13,182464,0.8082540927360062,0.7948925020155873,0.7602610206118566,0.3964214026927948,0.4939289805269187,0.10551902651786804,0.7044673539518901,-0.16687217354774475,"{""hasForce"": {""auc"": 0.8604498269896194, ""ap"": 0.8282513548033896, ""neg_fail"": 0.0, ""n_test"": 170}, ""hasIntensity"": {""auc"": 0.7790367346938776, ""ap"": 0.7681466372937144, ""neg_fail"": 0.0, ""n_test"": 175}, ""hasMechanic"": {""auc"": 0.8925652940233937, ""ap"": 0.8886661229262318, ""neg_fail"": 0.0, ""n_test"": 158}, ""isVariationOf"": {""auc"": 0.8446745562130178, ""ap"": 0.8578961928086191, ""neg_fail"": 0.0, ""n_test"": 26}, ""recruits"": {""auc"": 0.8312278016184931, ""ap"": 0.799820138258599, ""neg_fail"": 0.0, ""n_test"": 341}, ""requires"": {""auc"": 0.6686040816326531, ""ap"": 0.596783859447076, ""neg_fail"": 0.0, ""n_test"": 175}, ""targets"": {""auc"": 0.7464489795918368, ""ap"": 0.7271235102439971, ""neg_fail"": 0.0, ""n_test"": 175}}"
rgcn,R-GCN (relation-aware propagation),0.0,14,182464,0.7778267925802481,0.7773360655737704,0.7640613624703809,0.33309829235076904,0.49805269186712486,0.08564223349094391,0.7056128293241696,-0.18286742269992828,"{""hasForce"": {""auc"": 0.8110034602076125, ""ap"": 0.7912713297187955, ""neg_fail"": 0.0, ""n_test"": 170}, ""hasIntensity"": {""auc"": 0.7224816326530612, ""ap"": 0.6787167897151833, ""neg_fail"": 0.0, ""n_test"": 175}, ""hasMechanic"": {""auc"": 0.8899615446242589, ""ap"": 0.895200566235598, ""neg_fail"": 0.0, ""n_test"": 158}, ""isVariationOf"": {""auc"": 0.8372781065088758, ""ap"": 0.7802114870101414, ""neg_fail"": 0.0, ""n_test"": 26}, ""recruits"": {""auc"": 0.8246489108280802, ""ap"": 0.8160254868265009, ""neg_fail"": 0.0, ""n_test"": 341}, ""requires"": {""auc"": 0.651004081632653, ""ap"": 0.6058029864270436, ""neg_fail"": 0.0, ""n_test"": 175}, ""targets"": {""auc"": 0.7719836734693877, ""ap"": 0.7623439135546587, ""neg_fail"": 0.0, ""n_test"": 175}}"
rgcn,R-GCN (relation-aware propagation),0.0,15,182464,0.7887135248178282,0.7540311744154796,0.7186770518596064,0.40038594603538513,0.44009163802978235,0.13693241775035858,0.6829324169530355,-0.11417166143655777,"{""hasForce"": {""auc"": 0.7768512110726643, ""ap"": 0.7744879539697845, ""neg_fail"": 0.0, ""n_test"": 170}, ""hasIntensity"": {""auc"": 0.7786122448979591, ""ap"": 0.7088744222208456, ""neg_fail"": 0.0, ""n_test"": 175}, ""hasMechanic"": {""auc"": 0.8473802275276398, ""ap"": 0.8499319510845911, ""neg_fail"": 0.0, ""n_test"": 158}, ""isVariationOf"": {""auc"": 0.794378698224852, ""ap"": 0.7297595386032413, ""neg_fail"": 0.0, ""n_test"": 26}, ""recruits"": {""auc"": 0.7892346987040015, ""ap"": 0.7788887194026304, ""neg_fail"": 0.0, ""n_test"": 341}, ""requires"": {""auc"": 0.6448979591836735, ""ap"": 0.5800447879859713, ""neg_fail"": 0.0, ""n_test"": 175}, ""targets"": {""auc"": 0.7283591836734694, ""ap"": 0.6634493702284383, ""neg_fail"": 0.0, ""n_test"": 175}}"
rgcn,R-GCN (relation-aware propagation),0.0,16,182464,0.8303624916947141,0.7747164740661112,0.7336413677103523,0.42196300625801086,0.4444444444444444,0.10591645538806915,0.7117983963344788,-0.16074028611183167,"{""hasForce"": {""auc"": 0.8541176470588235, ""ap"": 0.8511219413933345, ""neg_fail"": 0.0, ""n_test"": 170}, ""hasIntensity"": {""auc"": 0.7405714285714285, ""ap"": 0.7052716284136369, ""neg_fail"": 0.0, ""n_test"": 175}, ""hasMechanic"": {""auc"": 0.9424371094375901, ""ap"": 0.9401984499089721, ""neg_fail"": 0.0, ""n_test"": 158}, ""isVariationOf"": {""auc"": 0.7633136094674556, ""ap"": 0.7078783123413418, ""neg_fail"": 0.0, ""n_test"": 26}, ""recruits"": {""auc"": 0.7920640517367412, ""ap"": 0.7588116455275216, ""neg_fail"": 0.0, ""n_test"": 341}, ""requires"": {""auc"": 0.5978448979591836, ""ap"": 0.5629839513200199, ""neg_fail"": 0.0, ""n_test"": 175}, ""targets"": {""auc"": 0.7335510204081632, ""ap"": 0.7165187335870722, ""neg_fail"": 0.0, ""n_test"": 175}}"
rgcn,R-GCN (relation-aware propagation),0.0,17,182464,0.7895985143068762,0.765563020693362,0.7389479671425686,0.3449821174144745,0.4836197021764032,0.06589134782552719,0.7147766323024055,-0.16976043581962585,"{""hasForce"": {""auc"": 0.8305882352941176, ""ap"": 0.8243436309373551, ""neg_fail"": 0.0, ""n_test"": 170}, ""hasIntensity"": {""auc"": 0.7175510204081632, ""ap"": 0.6823274873791689, ""neg_fail"": 0.0, ""n_test"": 175}, ""hasMechanic"": {""auc"": 0.9145970197083801, ""ap"": 0.9154153048880823, ""neg_fail"": 0.0, ""n_test"": 158}, ""isVariationOf"": {""auc"": 0.8047337278106509, ""ap"": 0.8002287103497978, ""neg_fail"": 0.0, ""n_test"": 26}, ""recruits"": {""auc"": 0.7672534635925042, ""ap"": 0.7550960222294532, ""neg_fail"": 0.0, ""n_test"": 341}, ""requires"": {""auc"": 0.6427755102040816, ""ap"": 0.5785055955621337, ""neg_fail"": 0.0, ""n_test"": 175}, ""targets"": {""auc"": 0.7516081632653062, ""ap"": 0.7647561113937096, ""neg_fail"": 0.0, ""n_test"": 175}}"
rgcn,R-GCN (relation-aware propagation),0.0,18,182464,0.7954013223104488,0.7754373824240794,0.7492532112680512,0.38466116786003113,0.49896907216494846,0.08675247430801392,0.699885452462772,-0.17991387844085693,"{""hasForce"": {""auc"": 0.823598615916955, ""ap"": 0.8250817635490977, ""neg_fail"": 0.0, ""n_test"": 170}, ""hasIntensity"": {""auc"": 0.8013714285714286, ""ap"": 0.7445114240766479, ""neg_fail"": 0.0, ""n_test"": 175}, ""hasMechanic"": {""auc"": 0.9132350584842173, ""ap"": 0.9129008198763473, ""neg_fail"": 0.0, ""n_test"": 158}, ""isVariationOf"": {""auc"": 0.7115384615384616, ""ap"": 0.673526379296833, ""neg_fail"": 0.0, ""n_test"": 26}, ""recruits"": {""auc"": 0.8042242498774521, ""ap"": 0.7972388558865451, ""neg_fail"": 0.0, ""n_test"": 341}, ""requires"": {""auc"": 0.6047673469387755, ""ap"": 0.5600483597897004, ""neg_fail"": 0.0, ""n_test"": 175}, ""targets"": {""auc"": 0.7896816326530612, ""ap"": 0.7686224216555504, ""neg_fail"": 0.0, ""n_test"": 175}}"
rgcn,R-GCN (relation-aware propagation),0.0,19,182464,0.7796430633162326,0.7613121472722386,0.7456090414133002,0.37832269072532654,0.49690721649484537,0.11158975958824158,0.7058419243986255,-0.16725341975688934,"{""hasForce"": {""auc"": 0.7339792387543252, ""ap"": 0.7059442519350487, ""neg_fail"": 0.0, ""n_test"": 170}, ""hasIntensity"": {""auc"": 0.7369142857142856, ""ap"": 0.7094775190249476, ""neg_fail"": 0.0, ""n_test"": 175}, ""hasMechanic"": {""auc"": 0.9138359237301714, ""ap"": 0.9178193088286302, ""neg_fail"": 0.0, ""n_test"": 158}, ""isVariationOf"": {""auc"": 0.735207100591716, ""ap"": 0.6877521251836826, ""neg_fail"": 0.0, ""n_test"": 26}, ""recruits"": {""auc"": 0.7840575846440949, ""ap"": 0.7843585649638835, ""neg_fail"": 0.0, ""n_test"": 341}, ""requires"": {""auc"": 0.6485224489795918, ""ap"": 0.6502396807977047, ""neg_fail"": 0.0, ""n_test"": 175}, ""targets"": {""auc"": 0.766204081632653, ""ap"": 0.7666968516008651, ""neg_fail"": 0.0, ""n_test"": 175}}"
rgcn,R-GCN (relation-aware propagation),0.0,20,182464,0.8128723763465456,0.7783297500671864,0.7586171233736361,0.43068477511405945,0.44902634593356244,0.11288723349571228,0.7044673539518901,-0.16602422297000885,"{""hasForce"": {""auc"": 0.8540830449826989, ""ap"": 0.8282008196298595, ""neg_fail"": 0.0, ""n_test"": 170}, ""hasIntensity"": {""auc"": 0.744522448979592, ""ap"": 0.7209447702074606, ""neg_fail"": 0.0, ""n_test"": 175}, ""hasMechanic"": {""auc"": 0.8317577311328312, ""ap"": 0.8425450312729941, ""neg_fail"": 0.0, ""n_test"": 158}, ""isVariationOf"": {""auc"": 0.8150887573964497, ""ap"": 0.7698591778752696, ""neg_fail"": 0.0, ""n_test"": 26}, ""recruits"": {""auc"": 0.7978689553753406, ""ap"": 0.7739937281610583, ""neg_fail"": 0.0, ""n_test"": 341}, ""requires"": {""auc"": 0.675526530612245, ""ap"": 0.6176793976671303, ""neg_fail"": 0.0, ""n_test"": 175}, ""targets"": {""auc"": 0.7983346938775511, ""ap"": 0.7792898035344871, ""neg_fail"": 0.0, ""n_test"": 175}}"
rgcn,R-GCN (relation-aware propagation),0.0,21,182464,0.7943475040573365,0.7797178177909165,0.7526311305392098,0.41053831577301025,0.43734249713631157,0.11262897402048111,0.7053837342497137,-0.17025473713874817,"{""hasForce"": {""auc"": 0.8075432525951557, ""ap"": 0.7869959706064353, ""neg_fail"": 0.0, ""n_test"": 170}, ""hasIntensity"": {""auc"": 0.7168, ""ap"": 0.666622989927397, ""neg_fail"": 0.0, ""n_test"": 175}, ""hasMechanic"": {""auc"": 0.9065454254125942, ""ap"": 0.9018654631809867, ""neg_fail"": 0.0, ""n_test"": 158}, ""isVariationOf"": {""auc"": 0.7263313609467456, ""ap"": 0.650810475526819, ""neg_fail"": 0.0, ""n_test"": 26}, ""recruits"": {""auc"": 0.8492617022557425, ""ap"": 0.8278035969227621, ""neg_fail"": 0.0, ""n_test"": 341}, ""requires"": {""auc"": 0.595395918367347, ""ap"": 0.5606163014470693, ""neg_fail"": 0.0, ""n_test"": 175}, ""targets"": {""auc"": 0.7632979591836735, ""ap"": 0.7333610038946585, ""neg_fail"": 0.0, ""n_test"": 175}}"
rgcn,R-GCN (relation-aware propagation),0.0,22,182464,0.8093324183903539,0.7840520021499596,0.7533670020143378,0.3981826901435852,0.5143184421534936,0.11250606179237366,0.695303550973654,-0.1576257348060608,"{""hasForce"": {""auc"": 0.8647750865051903, ""ap"": 0.8564413377999964, ""neg_fail"": 0.0, ""n_test"": 170}, ""hasIntensity"": {""auc"": 0.7864816326530613, ""ap"": 0.7253538784053177, ""neg_fail"": 0.0, ""n_test"": 175}, ""hasMechanic"": {""auc"": 0.9407947444319821, ""ap"": 0.9374028376562289, ""neg_fail"": 0.0, ""n_test"": 158}, ""isVariationOf"": {""auc"": 0.8757396449704141, ""ap"": 0.8325921128648306, ""neg_fail"": 0.0, ""n_test"": 26}, ""recruits"": {""auc"": 0.7977915566601594, ""ap"": 0.7899270198563703, ""neg_fail"": 0.0, ""n_test"": 341}, ""requires"": {""auc"": 0.6258285714285715, ""ap"": 0.5837496472360748, ""neg_fail"": 0.0, ""n_test"": 175}, ""targets"": {""auc"": 0.7640489795918368, ""ap"": 0.7784782991004504, ""neg_fail"": 0.0, ""n_test"": 175}}"
rgcn,R-GCN (relation-aware propagation),0.0,23,182464,0.7896829286889084,0.7752029024455791,0.7379738647503555,0.41702213883399963,0.4316151202749141,0.09962186217308044,0.6882016036655212,-0.15578405559062958,"{""hasForce"": {""auc"": 0.8673010380622838, ""ap"": 0.8536574442191756, ""neg_fail"": 0.0, ""n_test"": 170}, ""hasIntensity"": {""auc"": 0.7647020408163265, ""ap"": 0.7291195467427106, ""neg_fail"": 0.0, ""n_test"": 175}, ""hasMechanic"": {""auc"": 0.8801474122736741, ""ap"": 0.875377909079398, ""neg_fail"": 0.0, ""n_test"": 158}, ""isVariationOf"": {""auc"": 0.8831360946745562, ""ap"": 0.8915492537554724, ""neg_fail"": 0.0, ""n_test"": 26}, ""recruits"": {""auc"": 0.7987289410995777, ""ap"": 0.7590408644405224, ""neg_fail"": 0.0, ""n_test"": 341}, ""requires"": {""auc"": 0.596865306122449, ""ap"": 0.5660003672276803, ""neg_fail"": 0.0, ""n_test"": 175}, ""targets"": {""auc"": 0.7837387755102041, ""ap"": 0.7663429862313628, ""neg_fail"": 0.0, ""n_test"": 175}}"
rgcn,R-GCN (relation-aware propagation),0.0,24,182464,0.749400930192029,0.7567535608707336,0.749273519389581,0.3018459975719452,0.4953035509736541,0.05418519303202629,0.6838487972508591,-0.15336143970489502,"{""hasForce"": {""auc"": 0.7693771626297577, ""ap"": 0.7480069658747102, ""neg_fail"": 0.0, ""n_test"": 170}, ""hasIntensity"": {""auc"": 0.7903020408163266, ""ap"": 0.7663306991349323, ""neg_fail"": 0.0, ""n_test"": 175}, ""hasMechanic"": {""auc"": 0.8845537574106713, ""ap"": 0.885507041668219, ""neg_fail"": 0.0, ""n_test"": 158}, ""isVariationOf"": {""auc"": 0.7026627218934911, ""ap"": 0.6878648440588493, ""neg_fail"": 0.0, ""n_test"": 26}, ""recruits"": {""auc"": 0.777710889999226, ""ap"": 0.7710745044778512, ""neg_fail"": 0.0, ""n_test"": 341}, ""requires"": {""auc"": 0.5752489795918367, ""ap"": 0.5493617784130501, ""neg_fail"": 0.0, ""n_test"": 175}, ""targets"": {""auc"": 0.7617632653061225, ""ap"": 0.7495209598437471, ""neg_fail"": 0.0, ""n_test"": 175}}"
rgcn,R-GCN (relation-aware propagation),0.0,25,182464,0.8208563430600486,0.789285138403655,0.7588719445100606,0.4295780062675476,0.43940435280641466,0.11194784194231033,0.6948453608247422,-0.1695052534341812,"{""hasForce"": {""auc"": 0.8273702422145328, ""ap"": 0.8100289545181456, ""neg_fail"": 0.0, ""n_test"": 170}, ""hasIntensity"": {""auc"": 0.7676408163265307, ""ap"": 0.7016802138303392, ""neg_fail"": 0.0, ""n_test"": 175}, ""hasMechanic"": {""auc"": 0.8769828553116488, ""ap"": 0.8757401589694405, ""neg_fail"": 0.0, ""n_test"": 158}, ""isVariationOf"": {""auc"": 0.9097633136094675, ""ap"": 0.8835977851005318, ""neg_fail"": 0.0, ""n_test"": 26}, ""recruits"": {""auc"": 0.8223527489443674, ""ap"": 0.7985532495593574, ""neg_fail"": 0.0, ""n_test"": 341}, ""requires"": {""auc"": 0.5952326530612245, ""ap"": 0.5662088846304012, ""neg_fail"": 0.0, ""n_test"": 175}, ""targets"": {""auc"": 0.8354285714285714, ""ap"": 0.8141435156695084, ""neg_fail"": 0.0, ""n_test"": 175}}"
rgcn,R-GCN (relation-aware propagation),0.0,26,182464,0.8195465586162576,0.7910266057511421,0.7693744537718503,0.3825088143348694,0.4815578465063001,0.07384225726127625,0.7097365406643757,-0.16885356605052948,"{""hasForce"": {""auc"": 0.8701384083044983, ""ap"": 0.8621577230574111, ""neg_fail"": 0.0, ""n_test"": 170}, ""hasIntensity"": {""auc"": 0.7360000000000001, ""ap"": 0.6858897708889438, ""neg_fail"": 0.0, ""n_test"": 175}, ""hasMechanic"": {""auc"": 0.8771030283608395, ""ap"": 0.8674458259972633, ""neg_fail"": 0.0, ""n_test"": 158}, ""isVariationOf"": {""auc"": 0.8609467455621302, ""ap"": 0.8278926569564291, ""neg_fail"": 0.0, ""n_test"": 26}, ""recruits"": {""auc"": 0.8221205527988235, ""ap"": 0.8165364012583165, ""neg_fail"": 0.0, ""n_test"": 341}, ""requires"": {""auc"": 0.6572734693877551, ""ap"": 0.5993677471191428, ""neg_fail"": 0.0, ""n_test"": 175}, ""targets"": {""auc"": 0.7764244897959184, ""ap"": 0.7733352381653275, ""neg_fail"": 0.0, ""n_test"": 175}}"
rgcn,R-GCN (relation-aware propagation),0.0,27,182464,0.8200040301059809,0.7882108304219295,0.771255060044762,0.35819321870803833,0.47835051546391755,0.0720299556851387,0.6941580756013745,-0.18107861280441284,"{""hasForce"": {""auc"": 0.8582698961937716, ""ap"": 0.8510276898682667, ""neg_fail"": 0.0, ""n_test"": 170}, ""hasIntensity"": {""auc"": 0.7542530612244898, ""ap"": 0.7321549361698395, ""neg_fail"": 0.0, ""n_test"": 175}, ""hasMechanic"": {""auc"": 0.9071062329754846, ""ap"": 0.9118732368525216, ""neg_fail"": 0.0, ""n_test"": 158}, ""isVariationOf"": {""auc"": 0.5251479289940828, ""ap"": 0.5849729484978897, ""neg_fail"": 0.0, ""n_test"": 26}, ""recruits"": {""auc"": 0.8158340571546511, ""ap"": 0.7811835235621695, ""neg_fail"": 0.0, ""n_test"": 341}, ""requires"": {""auc"": 0.6507755102040816, ""ap"": 0.6576482633230443, ""neg_fail"": 0.0, ""n_test"": 175}, ""targets"": {""auc"": 0.7550367346938777, ""ap"": 0.7784277932455052, ""neg_fail"": 0.0, ""n_test"": 175}}"
rgcn,R-GCN (relation-aware propagation),0.0,28,182464,0.8034996568963827,0.7894342918570277,0.7662559097997668,0.40130358934402466,0.49965635738831615,0.08668704330921173,0.7138602520045819,-0.20233727991580963,"{""hasForce"": {""auc"": 0.8235640138408304, ""ap"": 0.813188168735587, ""neg_fail"": 0.0, ""n_test"": 170}, ""hasIntensity"": {""auc"": 0.8086857142857142, ""ap"": 0.7573595809238055, ""neg_fail"": 0.0, ""n_test"": 175}, ""hasMechanic"": {""auc"": 0.8769027399455216, ""ap"": 0.8785571808752415, ""neg_fail"": 0.0, ""n_test"": 158}, ""isVariationOf"": {""auc"": 0.8150887573964497, ""ap"": 0.8089037629829239, ""neg_fail"": 0.0, ""n_test"": 26}, ""recruits"": {""auc"": 0.8123941142577034, ""ap"": 0.8004563715490371, ""neg_fail"": 0.0, ""n_test"": 341}, ""requires"": {""auc"": 0.6390204081632653, ""ap"": 0.5786183263951951, ""neg_fail"": 0.0, ""n_test"": 175}, ""targets"": {""auc"": 0.7929142857142857, ""ap"": 0.7937274052290793, ""neg_fail"": 0.0, ""n_test"": 175}}"
rgcn,R-GCN (relation-aware propagation),0.0,29,182464,0.8266509819298762,0.7949744692287019,0.7665282628219092,0.4078653156757355,0.44994272623138604,0.1163681298494339,0.7115693012600229,-0.1617213487625122,"{""hasForce"": {""auc"": 0.8444636678200692, ""ap"": 0.8380092582393895, ""neg_fail"": 0.0, ""n_test"": 170}, ""hasIntensity"": {""auc"": 0.7751183673469388, ""ap"": 0.747773911556837, ""neg_fail"": 0.0, ""n_test"": 175}, ""hasMechanic"": {""auc"": 0.9317016503765422, ""ap"": 0.929721446038261, ""neg_fail"": 0.0, ""n_test"": 158}, ""isVariationOf"": {""auc"": 0.8505917159763314, ""ap"": 0.8206539316573602, ""neg_fail"": 0.0, ""n_test"": 26}, ""recruits"": {""auc"": 0.8055830273217464, ""ap"": 0.789873488870328, ""neg_fail"": 0.0, ""n_test"": 341}, ""requires"": {""auc"": 0.6786612244897959, ""ap"": 0.6236667502896337, ""neg_fail"": 0.0, ""n_test"": 175}, ""targets"": {""auc"": 0.7719510204081632, ""ap"": 0.7486560285462841, ""neg_fail"": 0.0, ""n_test"": 175}}"
