model,label,lam,seed,params,val_auc,auc,ap,delta_muscle,retrieval_muscle,delta_type,retrieval_type,silhouette_type,per_relation
jaccard,Jaccard on target-muscle sets (no learning),,0,0,,,,,1.0,,0.5427262313860252,,{}
mf,Free embeddings (matrix factorization),0.0,0,59008,0.8945758010443325,0.8773410628019324,0.8541544710271088,0.27198126912117004,0.4329896907216495,0.6322498917579651,0.9777777777777777,0.35144490003585815,"{""hasForce"": {""auc"": 0.9368858131487888, ""ap"": 0.9361166897807182, ""neg_fail"": 0.0, ""n_test"": 170}, ""hasIntensity"": {""auc"": 0.7604244897959184, ""ap"": 0.6861686123312373, ""neg_fail"": 0.0, ""n_test"": 175}, ""hasMechanic"": {""auc"": 0.8927655824387117, ""ap"": 0.8885940033316717, ""neg_fail"": 0.0, ""n_test"": 158}, ""hasType"": {""auc"": 0.9744979591836734, ""ap"": 0.9707899404497151, ""neg_fail"": 0.0, ""n_test"": 175}, ""isVariationOf"": {""auc"": 0.8032544378698224, ""ap"": 0.8014231721164093, ""neg_fail"": 0.0, ""n_test"": 26}, ""recruits"": {""auc"": 0.8346333450864716, ""ap"": 0.805292832976988, ""neg_fail"": 0.0, ""n_test"": 341}, ""requires"": {""auc"": 0.7531755102040818, ""ap"": 0.7386490252885548, ""neg_fail"": 0.0, ""n_test"": 175}, ""supportsGoal"": {""auc"": 0.9725987144168963, ""ap"": 0.9625479888122092, ""neg_fail"": 0.0, ""n_test"": 330}, ""targets"": {""auc"": 0.7979755102040818, ""ap"": 0.7465224790989622, ""neg_fail"": 0.0, ""n_test"": 175}}"
mf,Free embeddings (matrix factorization),0.0,1,59008,0.8929837644872611,0.863087586641462,0.8405444837146143,0.2622370719909668,0.4306987399770905,0.6310182213783264,0.9747995418098511,0.354813814163208,"{""hasForce"": {""auc"": 0.8960207612456749, ""ap"": 0.8705878348947057, ""neg_fail"": 0.0, ""n_test"": 170}, ""hasIntensity"": {""auc"": 0.8664816326530613, ""ap"": 0.840546271574068, ""neg_fail"": 0.0, ""n_test"": 175}, ""hasMechanic"": {""auc"": 0.86901137638199, ""ap"": 0.8651324141599697, ""neg_fail"": 0.0, ""n_test"": 158}, ""hasType"": {""auc"": 0.9704489795918367, ""ap"": 0.9673013736340623, ""neg_fail"": 0.0, ""n_test"": 175}, ""isVariationOf"": {""auc"": 0.871301775147929, ""ap"": 0.8600523461338155, ""neg_fail"": 0.0, ""n_test"": 26}, ""recruits"": {""auc"": 0.8251477025481377, ""ap"": 0.8121038849746988, ""neg_fail"": 0.0, ""n_test"": 341}, ""requires"": {""auc"": 0.7194122448979591, ""ap"": 0.7078230892564142, ""neg_fail"": 0.0, ""n_test"": 175}, ""supportsGoal"": {""auc"": 0.9395775941230486, ""ap"": 0.9261863671102549, ""neg_fail"": 0.0, ""n_test"": 330}, ""targets"": {""auc"": 0.7538285714285714, ""ap"": 0.6924668483894965, ""neg_fail"": 0.0, ""n_test"": 175}}"
mf,Free embeddings (matrix factorization),0.0,2,59008,0.8844252096000347,0.8756471329552614,0.8526764021612255,0.23543766140937805,0.3924398625429553,0.5897946953773499,0.9697594501718213,0.31778398156166077,"{""hasForce"": {""auc"": 0.8887889273356401, ""ap"": 0.8812658744855181, ""neg_fail"": 0.0, ""n_test"": 170}, ""hasIntensity"": {""auc"": 0.8044734693877551, ""ap"": 0.7647256350687701, ""neg_fail"": 0.0, ""n_test"": 175}, ""hasMechanic"": {""auc"": 0.8930059285370934, ""ap"": 0.8936672505609797, ""neg_fail"": 0.0, ""n_test"": 158}, ""hasType"": {""auc"": 0.9597061224489796, ""ap"": 0.950465518206657, ""neg_fail"": 0.0, ""n_test"": 175}, ""isVariationOf"": {""auc"": 0.8535502958579881, ""ap"": 0.8287069563327836, ""neg_fail"": 0.0, ""n_test"": 26}, ""recruits"": {""auc"": 0.8218711569387948, ""ap"": 0.7935930787863649, ""neg_fail"": 0.0, ""n_test"": 341}, ""requires"": {""auc"": 0.7787428571428572, ""ap"": 0.7266629816897463, ""neg_fail"": 0.0, ""n_test"": 175}, ""supportsGoal"": {""auc"": 0.9682920110192837, ""ap"": 0.9548739340419848, ""neg_fail"": 0.0, ""n_test"": 330}, ""targets"": {""auc"": 0.8037877551020408, ""ap"": 0.7643483245076582, ""neg_fail"": 0.0, ""n_test"": 175}}"
mf,Free embeddings (matrix factorization),0.0,3,59008,0.8912905276541639,0.8769186305398026,0.848918650130092,0.24721448123455048,0.4343642611683849,0.6041486263275146,0.9715922107674685,0.3329116106033325,"{""hasForce"": {""auc"": 0.8979238754325259, ""ap"": 0.8952182041678103, ""neg_fail"": 0.0, ""n_test"": 170}, ""hasIntensity"": {""auc"": 0.8238367346938776, ""ap"": 0.7462217704531149, ""neg_fail"": 0.0, ""n_test"": 175}, ""hasMechanic"": {""auc"": 0.9568578753404903, ""ap"": 0.9586456082744995, ""neg_fail"": 0.0, ""n_test"": 158}, ""hasType"": {""auc"": 0.9635265306122449, ""ap"": 0.9518390090056845, ""neg_fail"": 0.0, ""n_test"": 175}, ""isVariationOf"": {""auc"": 0.8446745562130177, ""ap"": 0.8715936104510764, ""neg_fail"": 0.0, ""n_test"": 26}, ""recruits"": {""auc"": 0.8476793285231466, ""ap"": 0.7997677648577998, ""neg_fail"": 0.0, ""n_test"": 341}, ""requires"": {""auc"": 0.7583673469387755, ""ap"": 0.7137082750917971, ""neg_fail"": 0.0, ""n_test"": 175}, ""supportsGoal"": {""auc"": 0.9599081726354454, ""ap"": 0.9483378381379733, ""neg_fail"": 0.0, ""n_test"": 330}, ""targets"": {""auc"": 0.7467102040816327, ""ap"": 0.6788723179809807, ""neg_fail"": 0.0, ""n_test"": 175}}"
mf,Free embeddings (matrix factorization),0.0,4,59008,0.8929110904635381,0.8693978575929426,0.8422877449214359,0.3150690793991089,0.4616265750286369,0.7301316261291504,0.9679266895761741,0.3843068778514862,"{""hasForce"": {""auc"": 0.920069204152249, ""ap"": 0.9055641489364669, ""neg_fail"": 0.0, ""n_test"": 170}, ""hasIntensity"": {""auc"": 0.8171102040816327, ""ap"": 0.751085183285345, ""neg_fail"": 0.0, ""n_test"": 175}, ""hasMechanic"": {""auc"": 0.889440794744432, ""ap"": 0.879554934244242, ""neg_fail"": 0.0, ""n_test"": 158}, ""hasType"": {""auc"": 0.9677061224489797, ""ap"": 0.9611619037351864, ""neg_fail"": 0.0, ""n_test"": 175}, ""isVariationOf"": {""auc"": 0.9452662721893491, ""ap"": 0.9624861545653971, ""neg_fail"": 0.0, ""n_test"": 26}, ""recruits"": {""auc"": 0.8292326347382634, ""ap"": 0.7987422017590824, ""neg_fail"": 0.0, ""n_test"": 341}, ""requires"": {""auc"": 0.7223836734693877, ""ap"": 0.7161896392650153, ""neg_fail"": 0.0, ""n_test"": 175}, ""supportsGoal"": {""auc"": 0.9580257116620753, ""ap"": 0.9348981853127106, ""neg_fail"": 0.0, ""n_test"": 330}, ""targets"": {""auc"": 0.7626122448979591, ""ap"": 0.6892758903457064, ""neg_fail"": 0.0, ""n_test"": 175}}"
mf,Free embeddings (matrix factorization),0.0,5,59008,0.887299569117751,0.8779269901281243,0.8524388046712996,0.3036814033985138,0.44536082474226807,0.7129064798355103,0.9720504009163803,0.3753567039966583,"{""hasForce"": {""auc"": 0.9325951557093426, ""ap"": 0.93425819204742, ""neg_fail"": 0.0, ""n_test"": 170}, ""hasIntensity"": {""auc"": 0.8096326530612246, ""ap"": 0.745946933447839, ""neg_fail"": 0.0, ""n_test"": 175}, ""hasMechanic"": {""auc"": 0.9614645088928057, ""ap"": 0.9630959142864337, ""neg_fail"": 0.0, ""n_test"": 158}, ""hasType"": {""auc"": 0.959934693877551, ""ap"": 0.9519454049396656, ""neg_fail"": 0.0, ""n_test"": 175}, ""isVariationOf"": {""auc"": 0.8520710059171598, ""ap"": 0.8371481452572835, ""neg_fail"": 0.0, ""n_test"": 26}, ""recruits"": {""auc"": 0.8304882138956494, ""ap"": 0.8031874135081427, ""neg_fail"": 0.0, ""n_test"": 341}, ""requires"": {""auc"": 0.7551346938775509, ""ap"": 0.7354740022171125, ""neg_fail"": 0.0, ""n_test"": 175}, ""supportsGoal"": {""auc"": 0.9539853076216712, ""ap"": 0.9439866768961922, ""neg_fail"": 0.0, ""n_test"": 330}, ""targets"": {""auc"": 0.7859591836734694, ""ap"": 0.7221869993395299, ""neg_fail"": 0.0, ""n_test"": 175}}"
mf,Free embeddings (matrix factorization),0.0,6,59008,0.8843484603974114,0.8718040747742072,0.8465448929604511,0.20901614427566528,0.4027491408934708,0.5466627478599548,0.9718213058419244,0.31903114914894104,"{""hasForce"": {""auc"": 0.9101730103806228, ""ap"": 0.890254708042699, ""neg_fail"": 0.0, ""n_test"": 170}, ""hasIntensity"": {""auc"": 0.8476408163265305, ""ap"": 0.7942138922499089, ""neg_fail"": 0.0, ""n_test"": 175}, ""hasMechanic"": {""auc"": 0.9540538375260375, ""ap"": 0.955107193710736, ""neg_fail"": 0.0, ""n_test"": 158}, ""hasType"": {""auc"": 0.967934693877551, ""ap"": 0.966978830417494, ""neg_fail"": 0.0, ""n_test"": 175}, ""isVariationOf"": {""auc"": 0.6908284023668639, ""ap"": 0.6670145558154317, ""neg_fail"": 0.0, ""n_test"": 26}, ""recruits"": {""auc"": 0.8372993008316062, ""ap"": 0.7966793388214395, ""neg_fail"": 0.0, ""n_test"": 341}, ""requires"": {""auc"": 0.7308734693877551, ""ap"": 0.7126438070819586, ""neg_fail"": 0.0, ""n_test"": 175}, ""supportsGoal"": {""auc"": 0.9583930211202938, ""ap"": 0.9539150742035913, ""neg_fail"": 0.0, ""n_test"": 330}, ""targets"": {""auc"": 0.7685224489795919, ""ap"": 0.7028394211557571, ""neg_fail"": 0.0, ""n_test"": 175}}"
mf,Free embeddings (matrix factorization),0.0,7,59008,0.8720196858308746,0.8736645242596094,0.8450019258204436,0.19296501576900482,0.3706758304696449,0.49257519841194153,0.9583046964490264,0.2832639217376709,"{""hasForce"": {""auc"": 0.9076124567474048, ""ap"": 0.9071069002513207, ""neg_fail"": 0.0, ""n_test"": 170}, ""hasIntensity"": {""auc"": 0.8218122448979592, ""ap"": 0.7240576025082166, ""neg_fail"": 0.0, ""n_test"": 175}, ""hasMechanic"": {""auc"": 0.9326229770870053, ""ap"": 0.9346908963135401, ""neg_fail"": 0.0, ""n_test"": 158}, ""hasType"": {""auc"": 0.9582367346938777, ""ap"": 0.9448549809420027, ""neg_fail"": 0.0, ""n_test"": 175}, ""isVariationOf"": {""auc"": 0.7085798816568047, ""ap"": 0.6700872768512324, ""neg_fail"": 0.0, ""n_test"": 26}, ""recruits"": {""auc"": 0.8117405251072831, ""ap"": 0.785737320063379, ""neg_fail"": 0.0, ""n_test"": 341}, ""requires"": {""auc"": 0.7250938775510204, ""ap"": 0.7252643773860297, ""neg_fail"": 0.0, ""n_test"": 175}, ""supportsGoal"": {""auc"": 0.9753719008264462, ""ap"": 0.9689914655659626, ""neg_fail"": 0.0, ""n_test"": 330}, ""targets"": {""auc"": 0.7728326530612245, ""ap"": 0.6909444312699327, ""neg_fail"": 0.0, ""n_test"": 175}}"
mf,Free embeddings (matrix factorization),0.0,8,59008,0.8831394906569731,0.8763207729468598,0.8545871517424225,0.2474527209997177,0.41237113402061853,0.5876086950302124,0.9738831615120275,0.3379274606704712,"{""hasForce"": {""auc"": 0.9372664359861591, ""ap"": 0.9215009732322152, ""neg_fail"": 0.0, ""n_test"": 170}, ""hasIntensity"": {""auc"": 0.8183836734693878, ""ap"": 0.7661037466323904, ""neg_fail"": 0.0, ""n_test"": 175}, ""hasMechanic"": {""auc"": 0.9206457298509855, ""ap"": 0.9173731441683717, ""neg_fail"": 0.0, ""n_test"": 158}, ""hasType"": {""auc"": 0.9445877551020408, ""ap"": 0.9383037213073494, ""neg_fail"": 0.0, ""n_test"": 175}, ""isVariationOf"": {""auc"": 0.9112426035502958, ""ap"": 0.8833733469670806, ""neg_fail"": 0.0, ""n_test"": 26}, ""recruits"": {""auc"": 0.8389160739931718, ""ap"": 0.7921001380564141, ""neg_fail"": 0.0, ""n_test"": 341}, ""requires"": {""auc"": 0.7517061224489796, ""ap"": 0.7518042817442994, ""neg_fail"": 0.0, ""n_test"": 175}, ""supportsGoal"": {""auc"": 0.9645270890725437, ""ap"": 0.9584737424563673, ""neg_fail"": 0.0, ""n_test"": 330}, ""targets"": {""auc"": 0.7768163265306123, ""ap"": 0.7327067892854717, ""neg_fail"": 0.0, ""n_test"": 175}}"
mf,Free embeddings (matrix factorization),0.0,9,59008,0.8928092109910291,0.8739526990128124,0.8434396154674849,0.278793066740036,0.44306987399770903,0.651160478591919,0.9713631156930126,0.34771841764450073,"{""hasForce"": {""auc"": 0.8896193771626298, ""ap"": 0.8897405291072599, ""neg_fail"": 0.0, ""n_test"": 170}, ""hasIntensity"": {""auc"": 0.8783673469387755, ""ap"": 0.8439092434345983, ""neg_fail"": 0.0, ""n_test"": 175}, ""hasMechanic"": {""auc"": 0.9499278961704855, ""ap"": 0.9515670131962666, ""neg_fail"": 0.0, ""n_test"": 158}, ""hasType"": {""auc"": 0.9682612244897959, ""ap"": 0.9582048688582607, ""neg_fail"": 0.0, ""n_test"": 175}, ""isVariationOf"": {""auc"": 0.8446745562130178, ""ap"": 0.7582810207031171, ""neg_fail"": 0.0, ""n_test"": 26}, ""recruits"": {""auc"": 0.8172272340279152, ""ap"": 0.7621129211249238, ""neg_fail"": 0.0, ""n_test"": 341}, ""requires"": {""auc"": 0.7049142857142856, ""ap"": 0.7200637769954393, ""neg_fail"": 0.0, ""n_test"": 175}, ""supportsGoal"": {""auc"": 0.9633241505968779, ""ap"": 0.9500975962907937, ""neg_fail"": 0.0, ""n_test"": 330}, ""targets"": {""auc"": 0.7780571428571429, ""ap"": 0.7061484660346549, ""neg_fail"": 0.0, ""n_test"": 175}}"
mf,Free embeddings (matrix factorization),0.0,10,59008,0.8918345640373613,0.8803841209829868,0.8554424727426982,0.3108997642993927,0.44215349369988544,0.7067656517028809,0.9757159221076747,0.37971609830856323,"{""hasForce"": {""auc"": 0.9070242214532872, ""ap"": 0.8872695439326784, ""neg_fail"": 0.0, ""n_test"": 170}, ""hasIntensity"": {""auc"": 0.8160979591836736, ""ap"": 0.750822138632084, ""neg_fail"": 0.0, ""n_test"": 175}, ""hasMechanic"": {""auc"": 0.9662313731773754, ""ap"": 0.966540681893895, ""neg_fail"": 0.0, ""n_test"": 158}, ""hasType"": {""auc"": 0.9648326530612246, ""ap"": 0.951811530507003, ""neg_fail"": 0.0, ""n_test"": 175}, ""isVariationOf"": {""auc"": 0.8846153846153847, ""ap"": 0.897672159323497, ""neg_fail"": 0.0, ""n_test"": 26}, ""recruits"": {""auc"": 0.8497088948323459, ""ap"": 0.8130304262052274, ""neg_fail"": 0.0, ""n_test"": 341}, ""requires"": {""auc"": 0.7285877551020409, ""ap"": 0.7205466345054492, ""neg_fail"": 0.0, ""n_test"": 175}, ""supportsGoal"": {""auc"": 0.9577502295684113, ""ap"": 0.9482759793256303, ""neg_fail"": 0.0, ""n_test"": 330}, ""targets"": {""auc"": 0.7909551020408164, ""ap"": 0.7460208776825178, ""neg_fail"": 0.0, ""n_test"": 175}}"
mf,Free embeddings (matrix factorization),0.0,11,59008,0.8875440798517721,0.8700088216761185,0.8392131093902497,0.19421565532684326,0.41053837342497135,0.4764307737350464,0.9624284077892326,0.2561742961406708,"{""hasForce"": {""auc"": 0.9094809688581316, ""ap"": 0.8943764178528477, ""neg_fail"": 0.0, ""n_test"": 170}, ""hasIntensity"": {""auc"": 0.8092081632653062, ""ap"": 0.7454469762786957, ""neg_fail"": 0.0, ""n_test"": 175}, ""hasMechanic"": {""auc"": 0.9462025316455696, ""ap"": 0.944262673621839, ""neg_fail"": 0.0, ""n_test"": 158}, ""hasType"": {""auc"": 0.9586285714285714, ""ap"": 0.950000279839054, ""neg_fail"": 0.0, ""n_test"": 175}, ""isVariationOf"": {""auc"": 0.8550295857988166, ""ap"": 0.8181376518800154, ""neg_fail"": 0.0, ""n_test"": 26}, ""recruits"": {""auc"": 0.8222323509429744, ""ap"": 0.7780537198220142, ""neg_fail"": 0.0, ""n_test"": 341}, ""requires"": {""auc"": 0.7231673469387756, ""ap"": 0.7132950686320256, ""neg_fail"": 0.0, ""n_test"": 175}, ""supportsGoal"": {""auc"": 0.9603030303030303, ""ap"": 0.942270963793072, ""neg_fail"": 0.0, ""n_test"": 330}, ""targets"": {""auc"": 0.7699918367346938, ""ap"": 0.6882498245378732, ""neg_fail"": 0.0, ""n_test"": 175}}"
mf,Free embeddings (matrix factorization),0.0,12,59008,0.8867507783591699,0.8575699222852341,0.8385108001759939,0.21526652574539185,0.3995418098510882,0.48817551136016846,0.96815578465063,0.28216204047203064,"{""hasForce"": {""auc"": 0.8818685121107267, ""ap"": 0.8925910471031915, ""neg_fail"": 0.0, ""n_test"": 170}, ""hasIntensity"": {""auc"": 0.7752816326530612, ""ap"": 0.7287689046811234, ""neg_fail"": 0.0, ""n_test"": 175}, ""hasMechanic"": {""auc"": 0.9041019067457138, ""ap"": 0.903294802296155, ""neg_fail"": 0.0, ""n_test"": 158}, ""hasType"": {""auc"": 0.9450448979591837, ""ap"": 0.943737334544625, ""neg_fail"": 0.0, ""n_test"": 175}, ""isVariationOf"": {""auc"": 0.8890532544378699, ""ap"": 0.8953803684678738, ""neg_fail"": 0.0, ""n_test"": 26}, ""recruits"": {""auc"": 0.7951514004867519, ""ap"": 0.7357966087211736, ""neg_fail"": 0.0, ""n_test"": 341}, ""requires"": {""auc"": 0.7317551020408163, ""ap"": 0.7269586234259849, ""neg_fail"": 0.0, ""n_test"": 175}, ""supportsGoal"": {""auc"": 0.9500734618916438, ""ap"": 0.9441379721609957, ""neg_fail"": 0.0, ""n_test"": 330}, ""targets"": {""auc"": 0.8012408163265305, ""ap"": 0.7590470576094973, ""neg_fail"": 0.0, ""n_test"": 175}}"
mf,Free embeddings (matrix factorization),0.0,13,59008,0.8883625116142598,0.880369670237345,0.8562076443151738,0.20998787879943848,0.41786941580756015,0.5320136547088623,0.9738831615120275,0.29938840866088867,"{""hasForce"": {""auc"": 0.9328719723183391, ""ap"": 0.9188667315887608, ""neg_fail"": 0.0, ""n_test"": 170}, ""hasIntensity"": {""auc"": 0.7952326530612246, ""ap"": 0.7114603564655311, ""neg_fail"": 0.0, ""n_test"": 175}, ""hasMechanic"": {""auc"": 0.9297788815894888, ""ap"": 0.9308196960985391, ""neg_fail"": 0.0, ""n_test"": 158}, ""hasType"": {""auc"": 0.9808979591836734, ""ap"": 0.9790892514827617, ""neg_fail"": 0.0, ""n_test"": 175}, ""isVariationOf"": {""auc"": 0.8284023668639053, ""ap"": 0.7917887589287411, ""neg_fail"": 0.0, ""n_test"": 26}, ""recruits"": {""auc"": 0.8136324937006045, ""ap"": 0.7703859709453746, ""neg_fail"": 0.0, ""n_test"": 341}, ""requires"": {""auc"": 0.7517714285714285, ""ap"": 0.7489671875678454, ""neg_fail"": 0.0, ""n_test"": 175}, ""supportsGoal"": {""auc"": 0.9644719926538108, ""ap"": 0.9532728514645694, ""neg_fail"": 0.0, ""n_test"": 330}, ""targets"": {""auc"": 0.8208326530612244, ""ap"": 0.7676223712617055, ""neg_fail"": 0.0, ""n_test"": 175}}"
mf,Free embeddings (matrix factorization),0.0,14,59008,0.8830213104688629,0.8811834488552824,0.8646949706117416,0.2181067019701004,0.41237113402061853,0.4875873625278473,0.9718213058419244,0.28085610270500183,"{""hasForce"": {""auc"": 0.9084083044982699, ""ap"": 0.8982286878515224, ""neg_fail"": 0.0, ""n_test"": 170}, ""hasIntensity"": {""auc"": 0.8177632653061225, ""ap"": 0.7860545004004045, ""neg_fail"": 0.0, ""n_test"": 175}, ""hasMechanic"": {""auc"": 0.9116327511616727, ""ap"": 0.9068803289044927, ""neg_fail"": 0.0, ""n_test"": 158}, ""hasType"": {""auc"": 0.979265306122449, ""ap"": 0.9787356255415358, ""neg_fail"": 0.0, ""n_test"": 175}, ""isVariationOf"": {""auc"": 0.8106508875739645, ""ap"": 0.8128505733138435, ""neg_fail"": 0.0, ""n_test"": 26}, ""recruits"": {""auc"": 0.8585237485057748, ""ap"": 0.828044904857039, ""neg_fail"": 0.0, ""n_test"": 341}, ""requires"": {""auc"": 0.7408000000000001, ""ap"": 0.7483503753132779, ""neg_fail"": 0.0, ""n_test"": 175}, ""supportsGoal"": {""auc"": 0.9644628099173554, ""ap"": 0.9607438928288311, ""neg_fail"": 0.0, ""n_test"": 330}, ""targets"": {""auc"": 0.7704163265306123, ""ap"": 0.7147290420719383, ""neg_fail"": 0.0, ""n_test"": 175}}"
mf,Free embeddings (matrix factorization),0.0,15,59008,0.8898907037018925,0.8780039487502626,0.8539206579598124,0.30701643228530884,0.4451317296678121,0.6990898847579956,0.979381443298969,0.37506768107414246,"{""hasForce"": {""auc"": 0.9204844290657439, ""ap"": 0.9277222892700137, ""neg_fail"": 0.0, ""n_test"": 170}, ""hasIntensity"": {""auc"": 0.8228897959183674, ""ap"": 0.7809199055233988, ""neg_fail"": 0.0, ""n_test"": 175}, ""hasMechanic"": {""auc"": 0.9079875020028843, ""ap"": 0.9099510355994528, ""neg_fail"": 0.0, ""n_test"": 158}, ""hasType"": {""auc"": 0.9589877551020408, ""ap"": 0.9537412643109211, ""neg_fail"": 0.0, ""n_test"": 175}, ""isVariationOf"": {""auc"": 0.9393491124260355, ""ap"": 0.9382622195716137, ""neg_fail"": 0.0, ""n_test"": 26}, ""recruits"": {""auc"": 0.8439813899089276, ""ap"": 0.7977241201042933, ""neg_fail"": 0.0, ""n_test"": 341}, ""requires"": {""auc"": 0.7409959183673471, ""ap"": 0.7151415705949896, ""neg_fail"": 0.0, ""n_test"": 175}, ""supportsGoal"": {""auc"": 0.9604958677685951, ""ap"": 0.9480027053675334, ""neg_fail"": 0.0, ""n_test"": 330}, ""targets"": {""auc"": 0.7854367346938775, ""ap"": 0.7154747312100767, ""neg_fail"": 0.0, ""n_test"": 175}}"
mf,Free embeddings (matrix factorization),0.0,16,59008,0.8857659434582511,0.8655815164881328,0.8444381493165356,0.22673135995864868,0.4327605956471936,0.5434767007827759,0.9743413516609393,0.30626407265663147,"{""hasForce"": {""auc"": 0.8946712802768166, ""ap"": 0.863565836597134, ""neg_fail"": 0.0, ""n_test"": 170}, ""hasIntensity"": {""auc"": 0.7384489795918368, ""ap"": 0.6571602764665878, ""neg_fail"": 0.0, ""n_test"": 175}, ""hasMechanic"": {""auc"": 0.9371094375901299, ""ap"": 0.9354428140457831, ""neg_fail"": 0.0, ""n_test"": 158}, ""hasType"": {""auc"": 0.9624163265306123, ""ap"": 0.9575387623956885, ""neg_fail"": 0.0, ""n_test"": 175}, ""isVariationOf"": {""auc"": 0.871301775147929, ""ap"": 0.8514570560547399, ""neg_fail"": 0.0, ""n_test"": 26}, ""recruits"": {""auc"": 0.8163672483036781, ""ap"": 0.7925923776721117, ""neg_fail"": 0.0, ""n_test"": 341}, ""requires"": {""auc"": 0.7413224489795918, ""ap"": 0.7491000006982846, ""neg_fail"": 0.0, ""n_test"": 175}, ""supportsGoal"": {""auc"": 0.9673829201101929, ""ap"": 0.9589158093361148, ""neg_fail"": 0.0, ""n_test"": 330}, ""targets"": {""auc"": 0.7520326530612245, ""ap"": 0.7066086716321069, ""neg_fail"": 0.0, ""n_test"": 175}}"
mf,Free embeddings (matrix factorization),0.0,17,59008,0.8709547057449156,0.8533155219491704,0.8275396821628674,0.16072773933410645,0.35876288659793815,0.3532983064651489,0.9523482245131729,0.2048291712999344,"{""hasForce"": {""auc"": 0.9114186851211072, ""ap"": 0.9054075343245284, ""neg_fail"": 0.0, ""n_test"": 170}, ""hasIntensity"": {""auc"": 0.7546122448979592, ""ap"": 0.7105201586206361, ""neg_fail"": 0.0, ""n_test"": 175}, ""hasMechanic"": {""auc"": 0.9186027880147413, ""ap"": 0.9182840417103296, ""neg_fail"": 0.0, ""n_test"": 158}, ""hasType"": {""auc"": 0.9542204081632654, ""ap"": 0.9338163378982297, ""neg_fail"": 0.0, ""n_test"": 175}, ""isVariationOf"": {""auc"": 0.7781065088757397, ""ap"": 0.7882350743330528, ""neg_fail"": 0.0, ""n_test"": 26}, ""recruits"": {""auc"": 0.7833351966357358, ""ap"": 0.7302450643514664, ""neg_fail"": 0.0, ""n_test"": 341}, ""requires"": {""auc"": 0.6936489795918368, ""ap"": 0.676043778047432, ""neg_fail"": 0.0, ""n_test"": 175}, ""supportsGoal"": {""auc"": 0.9563452708907254, ""ap"": 0.9485219654981487, ""neg_fail"": 0.0, ""n_test"": 330}, ""targets"": {""auc"": 0.7601632653061224, ""ap"": 0.7228325956358356, ""neg_fail"": 0.0, ""n_test"": 175}}"
mf,Free embeddings (matrix factorization),0.0,18,59008,0.8760602257105753,0.8783084226002941,0.8563482177910007,0.2516607344150543,0.4288659793814433,0.5809326767921448,0.9699885452462772,0.32754603028297424,"{""hasForce"": {""auc"": 0.8898615916955016, ""ap"": 0.8849616991910094, ""neg_fail"": 0.0, ""n_test"": 170}, ""hasIntensity"": {""auc"": 0.8296816326530613, ""ap"": 0.7494870003541083, ""neg_fail"": 0.0, ""n_test"": 175}, ""hasMechanic"": {""auc"": 0.9355872456337125, ""ap"": 0.9395302952370368, ""neg_fail"": 0.0, ""n_test"": 158}, ""hasType"": {""auc"": 0.9756081632653062, ""ap"": 0.973446552022163, ""neg_fail"": 0.0, ""n_test"": 175}, ""isVariationOf"": {""auc"": 0.9068047337278107, ""ap"": 0.9130506318682592, ""neg_fail"": 0.0, ""n_test"": 26}, ""recruits"": {""auc"": 0.8420550218866367, ""ap"": 0.8221716265288359, ""neg_fail"": 0.0, ""n_test"": 341}, ""requires"": {""auc"": 0.7315265306122448, ""ap"": 0.7081636347451723, ""neg_fail"": 0.0, ""n_test"": 175}, ""supportsGoal"": {""auc"": 0.9596418732782369, ""ap"": 0.9448542147975799, ""neg_fail"": 0.0030303029343485832, ""n_test"": 330}, ""targets"": {""auc"": 0.7812571428571429, ""ap"": 0.7203223583501714, ""neg_fail"": 0.0, ""n_test"": 175}}"
mf,Free embeddings (matrix factorization),0.0,19,59008,0.8945085605924767,0.8900291535391724,0.8681446980176015,0.3096805512905121,0.43848797250859106,0.7052208185195923,0.975028636884307,0.38168665766716003,"{""hasForce"": {""auc"": 0.9176124567474048, ""ap"": 0.8994855926480491, ""neg_fail"": 0.0, ""n_test"": 170}, ""hasIntensity"": {""auc"": 0.8424163265306123, ""ap"": 0.7658408436683105, ""neg_fail"": 0.0, ""n_test"": 175}, ""hasMechanic"": {""auc"": 0.9374699567377023, ""ap"": 0.9375628450298162, ""neg_fail"": 0.0, ""n_test"": 158}, ""hasType"": {""auc"": 0.9676734693877551, ""ap"": 0.9637371992566386, ""neg_fail"": 0.0, ""n_test"": 175}, ""isVariationOf"": {""auc"": 0.8668639053254438, ""ap"": 0.8319243753027566, ""neg_fail"": 0.0, ""n_test"": 26}, ""recruits"": {""auc"": 0.8509816737042165, ""ap"": 0.8292265667459837, ""neg_fail"": 0.0, ""n_test"": 341}, ""requires"": {""auc"": 0.7848163265306123, ""ap"": 0.7860696342018497, ""neg_fail"": 0.0, ""n_test"": 175}, ""supportsGoal"": {""auc"": 0.9700459136822773, ""ap"": 0.9621252963682191, ""neg_fail"": 0.0, ""n_test"": 330}, ""targets"": {""auc"": 0.7993142857142856, ""ap"": 0.7412674358332854, ""neg_fail"": 0.0, ""n_test"": 175}}"
mf,Free embeddings (matrix factorization),0.0,20,59008,0.893406224699931,0.8668960302457467,0.8451797362581683,0.17467071115970612,0.38006872852233675,0.43430066108703613,0.9670103092783505,0.24868185818195343,"{""hasForce"": {""auc"": 0.8787543252595156, ""ap"": 0.8679005074316425, ""neg_fail"": 0.0, ""n_test"": 170}, ""hasIntensity"": {""auc"": 0.803330612244898, ""ap"": 0.7568473263310689, ""neg_fail"": 0.0, ""n_test"": 175}, ""hasMechanic"": {""auc"": 0.9213667681461304, ""ap"": 0.9234433741882214, ""neg_fail"": 0.0, ""n_test"": 158}, ""hasType"": {""auc"": 0.9700897959183672, ""ap"": 0.9652956989244552, ""neg_fail"": 0.0, ""n_test"": 175}, ""isVariationOf"": {""auc"": 0.8091715976331362, ""ap"": 0.7580024786078501, ""neg_fail"": 0.0, ""n_test"": 26}, ""recruits"": {""auc"": 0.8144408802813874, ""ap"": 0.7639796218133252, ""neg_fail"": 0.0, ""n_test"": 341}, ""requires"": {""auc"": 0.7319510204081632, ""ap"": 0.739046453450305, ""neg_fail"": 0.0, ""n_test"": 175}, ""supportsGoal"": {""auc"": 0.9617447199265382, ""ap"": 0.9560836548117889, ""neg_fail"": 0.0, ""n_test"": 330}, ""targets"": {""auc"": 0.7671836734693878, ""ap"": 0.6965922438199741, ""neg_fail"": 0.0, ""n_test"": 175}}"
mf,Free embeddings (matrix factorization),0.0,21,59008,0.8863398644867175,0.8813459357277884,0.8595460837860537,0.28252866864204407,0.44810996563573885,0.6936486959457397,0.970446735395189,0.3740580379962921,"{""hasForce"": {""auc"": 0.9240484429065744, ""ap"": 0.9191998544428162, ""neg_fail"": 0.0, ""n_test"": 170}, ""hasIntensity"": {""auc"": 0.7977795918367346, ""ap"": 0.7120711674432951, ""neg_fail"": 0.0, ""n_test"": 175}, ""hasMechanic"": {""auc"": 0.9632671046306681, ""ap"": 0.9652185424697268, ""neg_fail"": 0.0, ""n_test"": 158}, ""hasType"": {""auc"": 0.9593142857142857, ""ap"": 0.949852583826797, ""neg_fail"": 0.0, ""n_test"": 175}, ""isVariationOf"": {""auc"": 0.8772189349112427, ""ap"": 0.8616877671721671, ""neg_fail"": 0.0, ""n_test"": 26}, ""recruits"": {""auc"": 0.8735132996792254, ""ap"": 0.864355561528253, ""neg_fail"": 0.0, ""n_test"": 341}, ""requires"": {""auc"": 0.7508244897959184, ""ap"": 0.7441986210320968, ""neg_fail"": 0.0, ""n_test"": 175}, ""supportsGoal"": {""auc"": 0.9567584940312213, ""ap"": 0.9430174409449368, ""neg_fail"": 0.0, ""n_test"": 330}, ""targets"": {""auc"": 0.7764897959183674, ""ap"": 0.7382087196499484, ""neg_fail"": 0.0, ""n_test"": 175}}"
mf,Free embeddings (matrix factorization),0.0,22,59008,0.8758523915866574,0.8653545053560177,0.8392426347336731,0.22867077589035034,0.40801832760595647,0.531466007232666,0.970446735395189,0.29504498839378357,"{""hasForce"": {""auc"": 0.9199653979238754, ""ap"": 0.9140638510574622, ""neg_fail"": 0.0, ""n_test"": 170}, ""hasIntensity"": {""auc"": 0.8132897959183674, ""ap"": 0.7563650186549675, ""neg_fail"": 0.0, ""n_test"": 175}, ""hasMechanic"": {""auc"": 0.93378464989585, ""ap"": 0.9401815725816489, ""neg_fail"": 0.0, ""n_test"": 158}, ""hasType"": {""auc"": 0.9581061224489796, ""ap"": 0.9520895936456942, ""neg_fail"": 0.0, ""n_test"": 175}, ""isVariationOf"": {""auc"": 0.7973372781065089, ""ap"": 0.7927443634322008, ""neg_fail"": 0.0, ""n_test"": 26}, ""recruits"": {""auc"": 0.8207445756400444, ""ap"": 0.7886274086403666, ""neg_fail"": 0.0, ""n_test"": 341}, ""requires"": {""auc"": 0.7355428571428572, ""ap"": 0.7303139575250671, ""neg_fail"": 0.0, ""n_test"": 175}, ""supportsGoal"": {""auc"": 0.9503581267217631, ""ap"": 0.9424487811916668, ""neg_fail"": 0.0, ""n_test"": 330}, ""targets"": {""auc"": 0.7888653061224491, ""ap"": 0.7216685500132243, ""neg_fail"": 0.0, ""n_test"": 175}}"
mf,Free embeddings (matrix factorization),0.0,23,59008,0.8911458588032014,0.8657263600084016,0.839807526042482,0.27672964334487915,0.44238258877434133,0.6348623633384705,0.9722794959908362,0.3459068834781647,"{""hasForce"": {""auc"": 0.9279584775086505, ""ap"": 0.9189065059451847, ""neg_fail"": 0.0, ""n_test"": 170}, ""hasIntensity"": {""auc"": 0.7892897959183673, ""ap"": 0.7164530511940697, ""neg_fail"": 0.0, ""n_test"": 175}, ""hasMechanic"": {""auc"": 0.915638519468034, ""ap"": 0.9141244064362221, ""neg_fail"": 0.0, ""n_test"": 158}, ""hasType"": {""auc"": 0.9596408163265305, ""ap"": 0.9510639662562574, ""neg_fail"": 0.0, ""n_test"": 175}, ""isVariationOf"": {""auc"": 0.8520710059171598, ""ap"": 0.8691893249872296, ""neg_fail"": 0.0, ""n_test"": 26}, ""recruits"": {""auc"": 0.828295250298845, ""ap"": 0.7947512857607438, ""neg_fail"": 0.0, ""n_test"": 341}, ""requires"": {""auc"": 0.7453714285714286, ""ap"": 0.734892340205322, ""neg_fail"": 0.0, ""n_test"": 175}, ""supportsGoal"": {""auc"": 0.9503948576675849, ""ap"": 0.9428299786057381, ""neg_fail"": 0.0, ""n_test"": 330}, ""targets"": {""auc"": 0.7437714285714286, ""ap"": 0.6811338031205476, ""neg_fail"": 0.0, ""n_test"": 175}}"
mf,Free embeddings (matrix factorization),0.0,24,59008,0.8812737379170945,0.8796365469439194,0.8500556680268292,0.1882719099521637,0.3924398625429553,0.46392500400543213,0.9670103092783505,0.263314813375473,"{""hasForce"": {""auc"": 0.9161937716262976, ""ap"": 0.9063701182654453, ""neg_fail"": 0.0, ""n_test"": 170}, ""hasIntensity"": {""auc"": 0.8362448979591837, ""ap"": 0.7916827186995176, ""neg_fail"": 0.0, ""n_test"": 175}, ""hasMechanic"": {""auc"": 0.9565374138759815, ""ap"": 0.9594109642892129, ""neg_fail"": 0.0, ""n_test"": 158}, ""hasType"": {""auc"": 0.9607183673469388, ""ap"": 0.952752534855225, ""neg_fail"": 0.0, ""n_test"": 175}, ""isVariationOf"": {""auc"": 0.849112426035503, ""ap"": 0.8389752281007948, ""neg_fail"": 0.0, ""n_test"": 26}, ""recruits"": {""auc"": 0.8034330630111541, ""ap"": 0.7570479404541064, ""neg_fail"": 0.0, ""n_test"": 341}, ""requires"": {""auc"": 0.7292081632653061, ""ap"": 0.7176949477278369, ""neg_fail"": 0.0, ""n_test"": 175}, ""supportsGoal"": {""auc"": 0.9716758494031221, ""ap"": 0.9619837958696665, ""neg_fail"": 0.0030303029343485832, ""n_test"": 330}, ""targets"": {""auc"": 0.7898122448979592, ""ap"": 0.6958105623487082, ""neg_fail"": 0.0, ""n_test"": 175}}"
mf,Free embeddings (matrix factorization),0.0,25,59008,0.890224189175238,0.8649374501155219,0.8428907523500627,0.2504845857620239,0.41809851088201605,0.5852941870689392,0.9759450171821306,0.3113560974597931,"{""hasForce"": {""auc"": 0.9063667820069204, ""ap"": 0.9103470244225595, ""neg_fail"": 0.0, ""n_test"": 170}, ""hasIntensity"": {""auc"": 0.761795918367347, ""ap"": 0.7065731427431061, ""neg_fail"": 0.0, ""n_test"": 175}, ""hasMechanic"": {""auc"": 0.9088687710302836, ""ap"": 0.9074137141354334, ""neg_fail"": 0.0, ""n_test"": 158}, ""hasType"": {""auc"": 0.975134693877551, ""ap"": 0.9746691445715101, ""neg_fail"": 0.0057142856530845165, ""n_test"": 175}, ""isVariationOf"": {""auc"": 0.9068047337278107, ""ap"": 0.8841802357038515, ""neg_fail"": 0.0, ""n_test"": 26}, ""recruits"": {""auc"": 0.8107773410961379, ""ap"": 0.7675524861498912, ""neg_fail"": 0.0, ""n_test"": 341}, ""requires"": {""auc"": 0.7222530612244897, ""ap"": 0.7074910562138578, ""neg_fail"": 0.0, ""n_test"": 175}, ""supportsGoal"": {""auc"": 0.9459687786960514, ""ap"": 0.9187426667684708, ""neg_fail"": 0.0, ""n_test"": 330}, ""targets"": {""auc"": 0.7898122448979592, ""ap"": 0.7586378321095448, ""neg_fail"": 0.0, ""n_test"": 175}}"
mf,Free embeddings (matrix factorization),0.0,26,59008,0.8845352394303443,0.8679805082965764,0.838360734265384,0.25261199474334717,0.43940435280641466,0.5860238671302795,0.9686139747995418,0.3160826861858368,"{""hasForce"": {""auc"": 0.8825259515570935, ""ap"": 0.8681085453365741, ""neg_fail"": 0.0, ""n_test"": 170}, ""hasIntensity"": {""auc"": 0.808, ""ap"": 0.7087599689889066, ""neg_fail"": 0.0, ""n_test"": 175}, ""hasMechanic"": {""auc"": 0.9437590129786892, ""ap"": 0.9440122918608174, ""neg_fail"": 0.0, ""n_test"": 158}, ""hasType"": {""auc"": 0.9575836734693877, ""ap"": 0.9551925430768473, ""neg_fail"": 0.0, ""n_test"": 175}, ""isVariationOf"": {""auc"": 0.900887573964497, ""ap"": 0.8714511529143197, ""neg_fail"": 0.0, ""n_test"": 26}, ""recruits"": {""auc"": 0.8421582201735451, ""ap"": 0.8153429787716076, ""neg_fail"": 0.0, ""n_test"": 341}, ""requires"": {""auc"": 0.7813877551020407, ""ap"": 0.7648085724470757, ""neg_fail"": 0.0, ""n_test"": 175}, ""supportsGoal"": {""auc"": 0.940853994490358, ""ap"": 0.9228215815465678, ""neg_fail"": 0.0030303029343485832, ""n_test"": 330}, ""targets"": {""auc"": 0.734530612244898, ""ap"": 0.6455579046047818, ""neg_fail"": 0.0, ""n_test"": 175}}"
mf,Free embeddings (matrix factorization),0.0,27,59008,0.8978223602349478,0.8760596513337533,0.8485584548087631,0.29427585005760193,0.4361970217640321,0.6888874173164368,0.9676975945017182,0.36777323484420776,"{""hasForce"": {""auc"": 0.9206920415224913, ""ap"": 0.8964535924758956, ""neg_fail"": 0.0, ""n_test"": 170}, ""hasIntensity"": {""auc"": 0.8211591836734694, ""ap"": 0.7294750541073647, ""neg_fail"": 0.0, ""n_test"": 175}, ""hasMechanic"": {""auc"": 0.939873417721519, ""ap"": 0.940008706192442, ""neg_fail"": 0.0, ""n_test"": 158}, ""hasType"": {""auc"": 0.9659755102040817, ""ap"": 0.9618349834866109, ""neg_fail"": 0.0, ""n_test"": 175}, ""isVariationOf"": {""auc"": 0.9068047337278107, ""ap"": 0.9040667346868615, ""neg_fail"": 0.0, ""n_test"": 26}, ""recruits"": {""auc"": 0.8476105296652074, ""ap"": 0.8019315486984937, ""neg_fail"": 0.0, ""n_test"": 341}, ""requires"": {""auc"": 0.6985142857142856, ""ap"": 0.6979678136798521, ""neg_fail"": 0.0, ""n_test"": 175}, ""supportsGoal"": {""auc"": 0.9645454545454545, ""ap"": 0.95533980461369, ""neg_fail"": 0.0, ""n_test"": 330}, ""targets"": {""auc"": 0.7911183673469387, ""ap"": 0.7532370801227176, ""neg_fail"": 0.0, ""n_test"": 175}}"
mf,Free embeddings (matrix factorization),0.0,28,59008,0.9011707988980716,0.8834021424070575,0.8644307745333808,0.26662933826446533,0.4538373424971363,0.6288266181945801,0.9686139747995418,0.34755775332450867,"{""hasForce"": {""auc"": 0.908961937716263, ""ap"": 0.9082502324996967, ""neg_fail"": 0.0, ""n_test"": 170}, ""hasIntensity"": {""auc"": 0.8689632653061224, ""ap"": 0.8114928311798626, ""neg_fail"": 0.0, ""n_test"": 175}, ""hasMechanic"": {""auc"": 0.9147171927575709, ""ap"": 0.9113509287376317, ""neg_fail"": 0.0, ""n_test"": 158}, ""hasType"": {""auc"": 0.9601632653061225, ""ap"": 0.9499065373900007, ""neg_fail"": 0.0, ""n_test"": 175}, ""isVariationOf"": {""auc"": 0.8801775147928994, ""ap"": 0.9171585142579086, ""neg_fail"": 0.0, ""n_test"": 26}, ""recruits"": {""auc"": 0.8381248871268737, ""ap"": 0.7945380044113796, ""neg_fail"": 0.0, ""n_test"": 341}, ""requires"": {""auc"": 0.7574204081632653, ""ap"": 0.759537064790123, ""neg_fail"": 0.0, ""n_test"": 175}, ""supportsGoal"": {""auc"": 0.9694765840220385, ""ap"": 0.9670867736271236, ""neg_fail"": 0.0, ""n_test"": 330}, ""targets"": {""auc"": 0.8090448979591837, ""ap"": 0.7458893319921559, ""neg_fail"": 0.0, ""n_test"": 175}}"
mf,Free embeddings (matrix factorization),0.0,29,59008,0.8880079710499291,0.8763051459777358,0.8543881375563382,0.2714128792285919,0.4334478808705613,0.6342096924781799,0.9715922107674685,0.3507578670978546,"{""hasForce"": {""auc"": 0.9348096885813149, ""ap"": 0.9301952146647945, ""neg_fail"": 0.0, ""n_test"": 170}, ""hasIntensity"": {""auc"": 0.8117224489795919, ""ap"": 0.7755118476372461, ""neg_fail"": 0.0, ""n_test"": 175}, ""hasMechanic"": {""auc"": 0.9358275917320942, ""ap"": 0.9376729226154148, ""neg_fail"": 0.0, ""n_test"": 158}, ""hasType"": {""auc"": 0.9722122448979592, ""ap"": 0.9676594544969055, ""neg_fail"": 0.0, ""n_test"": 175}, ""isVariationOf"": {""auc"": 0.7840236686390533, ""ap"": 0.7529561101108148, ""neg_fail"": 0.0, ""n_test"": 26}, ""recruits"": {""auc"": 0.8266956768517644, ""ap"": 0.8057278281639173, ""neg_fail"": 0.0, ""n_test"": 341}, ""requires"": {""auc"": 0.7283918367346939, ""ap"": 0.7151220504998806, ""neg_fail"": 0.0, ""n_test"": 175}, ""supportsGoal"": {""auc"": 0.9681634527089072, ""ap"": 0.9622505878642953, ""neg_fail"": 0.0, ""n_test"": 330}, ""targets"": {""auc"": 0.769861224489796, ""ap"": 0.7288727081559285, ""neg_fail"": 0.0, ""n_test"": 175}}"
mf,Free embeddings (matrix factorization),0.3,0,59008,0.8826776370482664,0.867594875026255,0.8345259192555387,0.422028511762619,0.786254295532646,0.3440762162208557,0.934020618556701,0.1607363075017929,"{""hasForce"": {""auc"": 0.9451211072664361, ""ap"": 0.940507628591101, ""neg_fail"": 0.0, ""n_test"": 170}, ""hasIntensity"": {""auc"": 0.7076897959183674, ""ap"": 0.6495418912495678, ""neg_fail"": 0.0, ""n_test"": 175}, ""hasMechanic"": {""auc"": 0.8926053517064574, ""ap"": 0.890819459866552, ""neg_fail"": 0.0, ""n_test"": 158}, ""hasType"": {""auc"": 0.9627102040816328, ""ap"": 0.9578526636775867, ""neg_fail"": 0.0, ""n_test"": 175}, ""isVariationOf"": {""auc"": 0.8284023668639053, ""ap"": 0.7836236327090451, ""neg_fail"": 0.0, ""n_test"": 26}, ""recruits"": {""auc"": 0.8527188448671752, ""ap"": 0.7957355604930627, ""neg_fail"": 0.0, ""n_test"": 341}, ""requires"": {""auc"": 0.7360000000000001, ""ap"": 0.7369170652306569, ""neg_fail"": 0.0, ""n_test"": 175}, ""supportsGoal"": {""auc"": 0.9516620752984389, ""ap"": 0.9351338156700765, ""neg_fail"": 0.0, ""n_test"": 330}, ""targets"": {""auc"": 0.7907918367346939, ""ap"": 0.720432894478954, ""neg_fail"": 0.0, ""n_test"": 175}}"
mf,Free embeddings (matrix factorization),0.3,1,59008,0.8764697811900608,0.8526890989287964,0.8181652373425842,0.4121110737323761,0.7965635738831615,0.3298085033893585,0.9298969072164949,0.16058790683746338,"{""hasForce"": {""auc"": 0.9319723183391003, ""ap"": 0.9196123966023442, ""neg_fail"": 0.0, ""n_test"": 170}, ""hasIntensity"": {""auc"": 0.8213224489795918, ""ap"": 0.7968388844119216, ""neg_fail"": 0.0, ""n_test"": 175}, ""hasMechanic"": {""auc"": 0.8727767985899696, ""ap"": 0.8790720009725167, ""neg_fail"": 0.0, ""n_test"": 158}, ""hasType"": {""auc"": 0.9562448979591838, ""ap"": 0.9515665915262953, ""neg_fail"": 0.0, ""n_test"": 175}, ""isVariationOf"": {""auc"": 0.9304733727810651, ""ap"": 0.9430569179210483, ""neg_fail"": 0.0, ""n_test"": 26}, ""recruits"": {""auc"": 0.8246145113991107, ""ap"": 0.7486525082475053, ""neg_fail"": 0.0, ""n_test"": 341}, ""requires"": {""auc"": 0.6883591836734695, ""ap"": 0.6945650120483031, ""neg_fail"": 0.0, ""n_test"": 175}, ""supportsGoal"": {""auc"": 0.9136730945821856, ""ap"": 0.8914714046470312, ""neg_fail"": 0.0, ""n_test"": 330}, ""targets"": {""auc"": 0.7578122448979592, ""ap"": 0.6703973572088602, ""neg_fail"": 0.0, ""n_test"": 175}}"
mf,Free embeddings (matrix factorization),0.3,2,59008,0.8857761314055019,0.8675320310859063,0.8338225223879104,0.47484248876571655,0.7654066437571592,0.4200005531311035,0.9418098510882016,0.1841099113225937,"{""hasForce"": {""auc"": 0.913840830449827, ""ap"": 0.9045792066509362, ""neg_fail"": 0.0, ""n_test"": 170}, ""hasIntensity"": {""auc"": 0.7478530612244898, ""ap"": 0.668391274140827, ""neg_fail"": 0.0, ""n_test"": 175}, ""hasMechanic"": {""auc"": 0.9121134433584362, ""ap"": 0.9123056936258973, ""neg_fail"": 0.0, ""n_test"": 158}, ""hasType"": {""auc"": 0.9635265306122448, ""ap"": 0.9563907923766641, ""neg_fail"": 0.0, ""n_test"": 175}, ""isVariationOf"": {""auc"": 0.9230769230769231, ""ap"": 0.8903672863262012, ""neg_fail"": 0.0, ""n_test"": 26}, ""recruits"": {""auc"": 0.8389762729938683, ""ap"": 0.776013941941164, ""neg_fail"": 0.0, ""n_test"": 341}, ""requires"": {""auc"": 0.7809632653061225, ""ap"": 0.7630569381507352, ""neg_fail"": 0.0, ""n_test"": 175}, ""supportsGoal"": {""auc"": 0.9595592286501378, ""ap"": 0.9449888949279255, ""neg_fail"": 0.0, ""n_test"": 330}, ""targets"": {""auc"": 0.7395591836734694, ""ap"": 0.7000770693915666, ""neg_fail"": 0.0, ""n_test"": 175}}"
mf,Free embeddings (matrix factorization),0.3,3,59008,0.8834526002358171,0.8639240495694182,0.819294402431757,0.4059855341911316,0.7759450171821306,0.3122515082359314,0.9271477663230241,0.1442945897579193,"{""hasForce"": {""auc"": 0.9131487889273356, ""ap"": 0.9167167831592987, ""neg_fail"": 0.0, ""n_test"": 170}, ""hasIntensity"": {""auc"": 0.7792, ""ap"": 0.7084810508806549, ""neg_fail"": 0.0, ""n_test"": 175}, ""hasMechanic"": {""auc"": 0.9254125941355552, ""ap"": 0.9287382638120802, ""neg_fail"": 0.0, ""n_test"": 158}, ""hasType"": {""auc"": 0.9540571428571428, ""ap"": 0.9366672306684531, ""neg_fail"": 0.0, ""n_test"": 175}, ""isVariationOf"": {""auc"": 0.9142011834319526, ""ap"": 0.9199881631723064, ""neg_fail"": 0.0, ""n_test"": 26}, ""recruits"": {""auc"": 0.8370499049715774, ""ap"": 0.7469004111219079, ""neg_fail"": 0.0, ""n_test"": 341}, ""requires"": {""auc"": 0.7277387755102042, ""ap"": 0.6991864212702665, ""neg_fail"": 0.0, ""n_test"": 175}, ""supportsGoal"": {""auc"": 0.9479797979797979, ""ap"": 0.9337608803478109, ""neg_fail"": 0.0, ""n_test"": 330}, ""targets"": {""auc"": 0.753404081632653, ""ap"": 0.6655838233536467, ""neg_fail"": 0.0, ""n_test"": 175}}"
mf,Free embeddings (matrix factorization),0.3,4,59008,0.8832474828978325,0.8625572778827977,0.8231345899722134,0.47871479392051697,0.7759450171821306,0.44531774520874023,0.9367697594501718,0.19028080999851227,"{""hasForce"": {""auc"": 0.9160207612456748, ""ap"": 0.9109582324204784, ""neg_fail"": 0.0, ""n_test"": 170}, ""hasIntensity"": {""auc"": 0.7885061224489796, ""ap"": 0.7113307723020135, ""neg_fail"": 0.0, ""n_test"": 175}, ""hasMechanic"": {""auc"": 0.9141163275116168, ""ap"": 0.9058098745488593, ""neg_fail"": 0.0, ""n_test"": 158}, ""hasType"": {""auc"": 0.956538775510204, ""ap"": 0.9435704770919565, ""neg_fail"": 0.0, ""n_test"": 175}, ""isVariationOf"": {""auc"": 0.9511834319526628, ""ap"": 0.9706759906759905, ""neg_fail"": 0.0, ""n_test"": 26}, ""recruits"": {""auc"": 0.8376948942647552, ""ap"": 0.7740081792464759, ""neg_fail"": 0.0, ""n_test"": 341}, ""requires"": {""auc"": 0.6981551020408163, ""ap"": 0.6814877710937628, ""neg_fail"": 0.0, ""n_test"": 175}, ""supportsGoal"": {""auc"": 0.9475757575757576, ""ap"": 0.9087996945063203, ""neg_fail"": 0.0, ""n_test"": 330}, ""targets"": {""auc"": 0.7579428571428571, ""ap"": 0.6739973838494833, ""neg_fail"": 0.0, ""n_test"": 175}}"
mf,Free embeddings (matrix factorization),0.3,5,59008,0.8759760053466348,0.868262465868515,0.8319624524409062,0.46760544180870056,0.768384879725086,0.4055163860321045,0.9335624284077892,0.17724882066249847,"{""hasForce"": {""auc"": 0.9469896193771626, ""ap"": 0.9438478066893587, ""neg_fail"": 0.0, ""n_test"": 170}, ""hasIntensity"": {""auc"": 0.7675102040816326, ""ap"": 0.688382202153746, ""neg_fail"": 0.0, ""n_test"": 175}, ""hasMechanic"": {""auc"": 0.9537333760615286, ""ap"": 0.956297267867217, ""neg_fail"": 0.0, ""n_test"": 158}, ""hasType"": {""auc"": 0.9461224489795919, ""ap"": 0.9267986868896645, ""neg_fail"": 0.0, ""n_test"": 175}, ""isVariationOf"": {""auc"": 0.893491124260355, ""ap"": 0.9032584987159931, ""neg_fail"": 0.0, ""n_test"": 26}, ""recruits"": {""auc"": 0.8317007937668235, ""ap"": 0.7642335885535412, ""neg_fail"": 0.0, ""n_test"": 341}, ""requires"": {""auc"": 0.7419102040816328, ""ap"": 0.7434488362415304, ""neg_fail"": 0.0, ""n_test"": 175}, ""supportsGoal"": {""auc"": 0.9386042240587694, ""ap"": 0.9131118163978651, ""neg_fail"": 0.0, ""n_test"": 330}, ""targets"": {""auc"": 0.7780571428571428, ""ap"": 0.7158227755181898, ""neg_fail"": 0.0, ""n_test"": 175}}"
mf,Free embeddings (matrix factorization),0.3,6,59008,0.8789896001434463,0.8629266120562907,0.8235287767600821,0.4599355161190033,0.7837342497136311,0.40021565556526184,0.9353951890034364,0.18866519629955292,"{""hasForce"": {""auc"": 0.9297923875432526, ""ap"": 0.9074800671614653, ""neg_fail"": 0.0, ""n_test"": 170}, ""hasIntensity"": {""auc"": 0.7962122448979592, ""ap"": 0.7119435430774765, ""neg_fail"": 0.0, ""n_test"": 175}, ""hasMechanic"": {""auc"": 0.9239304598622016, ""ap"": 0.9241269746916355, ""neg_fail"": 0.0, ""n_test"": 158}, ""hasType"": {""auc"": 0.9603918367346939, ""ap"": 0.9548741024600319, ""neg_fail"": 0.0, ""n_test"": 175}, ""isVariationOf"": {""auc"": 0.8224852071005917, ""ap"": 0.7890047233234702, ""neg_fail"": 0.0, ""n_test"": 26}, ""recruits"": {""auc"": 0.8348827409465003, ""ap"": 0.7703008569546419, ""neg_fail"": 0.0, ""n_test"": 341}, ""requires"": {""auc"": 0.7016816326530613, ""ap"": 0.7059992843012765, ""neg_fail"": 0.0, ""n_test"": 175}, ""supportsGoal"": {""auc"": 0.9369237832874197, ""ap"": 0.9145040284623129, ""neg_fail"": 0.0, ""n_test"": 330}, ""targets"": {""auc"": 0.7915755102040817, ""ap"": 0.713778524605668, ""neg_fail"": 0.0, ""n_test"": 175}}"
mf,Free embeddings (matrix factorization),0.3,7,59008,0.861228612102738,0.8591910943079185,0.8201976870082867,0.41064345836639404,0.7670103092783506,0.3371109962463379,0.9111111111111111,0.15963239967823029,"{""hasForce"": {""auc"": 0.9475778546712803, ""ap"": 0.9403032376941871, ""neg_fail"": 0.0, ""n_test"": 170}, ""hasIntensity"": {""auc"": 0.7796571428571428, ""ap"": 0.675470826437226, ""neg_fail"": 0.0, ""n_test"": 175}, ""hasMechanic"": {""auc"": 0.9036212145489505, ""ap"": 0.8992223394314043, ""neg_fail"": 0.0, ""n_test"": 158}, ""hasType"": {""auc"": 0.9472, ""ap"": 0.9310606840207829, ""neg_fail"": 0.0, ""n_test"": 175}, ""isVariationOf"": {""auc"": 0.8520710059171598, ""ap"": 0.8891805100429071, ""neg_fail"": 0.0, ""n_test"": 26}, ""recruits"": {""auc"": 0.8205123794945004, ""ap"": 0.7673798904244459, ""neg_fail"": 0.0, ""n_test"": 341}, ""requires"": {""auc"": 0.6989061224489796, ""ap"": 0.6744874703227777, ""neg_fail"": 0.0, ""n_test"": 175}, ""supportsGoal"": {""auc"": 0.9448760330578512, ""ap"": 0.9258724682094304, ""neg_fail"": 0.0, ""n_test"": 330}, ""targets"": {""auc"": 0.7700897959183673, ""ap"": 0.6725952566843979, ""neg_fail"": 0.0, ""n_test"": 175}}"
mf,Free embeddings (matrix factorization),0.3,8,59008,0.8737108850745213,0.8611661415668977,0.8230639357754702,0.43355607986450195,0.7647193585337915,0.36557209491729736,0.9328751431844216,0.172138974070549,"{""hasForce"": {""auc"": 0.9498269896193772, ""ap"": 0.9450806173395396, ""neg_fail"": 0.0, ""n_test"": 170}, ""hasIntensity"": {""auc"": 0.779395918367347, ""ap"": 0.731292551033728, ""neg_fail"": 0.0, ""n_test"": 175}, ""hasMechanic"": {""auc"": 0.8675692997917, ""ap"": 0.8637376356797286, ""neg_fail"": 0.0, ""n_test"": 158}, ""hasType"": {""auc"": 0.948930612244898, ""ap"": 0.9319710474707941, ""neg_fail"": 0.0, ""n_test"": 175}, ""isVariationOf"": {""auc"": 0.8846153846153847, ""ap"": 0.85678434039534, ""neg_fail"": 0.0, ""n_test"": 26}, ""recruits"": {""auc"": 0.8242705171094159, ""ap"": 0.7460096111422055, ""neg_fail"": 0.0, ""n_test"": 341}, ""requires"": {""auc"": 0.7087020408163266, ""ap"": 0.7122358278449772, ""neg_fail"": 0.0, ""n_test"": 175}, ""supportsGoal"": {""auc"": 0.9494031221303948, ""ap"": 0.9273722087027821, ""neg_fail"": 0.0, ""n_test"": 330}, ""targets"": {""auc"": 0.7822367346938776, ""ap"": 0.6981594602873633, ""neg_fail"": 0.0, ""n_test"": 175}}"
mf,Free embeddings (matrix factorization),0.3,9,59008,0.8804193087409871,0.8564879647132954,0.8133133262454164,0.46016839146614075,0.7782359679266896,0.39132362604141235,0.9287514318442154,0.1758086085319519,"{""hasForce"": {""auc"": 0.921522491349481, ""ap"": 0.93006238628835, ""neg_fail"": 0.0, ""n_test"": 170}, ""hasIntensity"": {""auc"": 0.8232489795918367, ""ap"": 0.7432065405200604, ""neg_fail"": 0.0, ""n_test"": 175}, ""hasMechanic"": {""auc"": 0.9163595577631789, ""ap"": 0.9157998777336704, ""neg_fail"": 0.0, ""n_test"": 158}, ""hasType"": {""auc"": 0.9512163265306123, ""ap"": 0.9402231474134327, ""neg_fail"": 0.0, ""n_test"": 175}, ""isVariationOf"": {""auc"": 0.9142011834319526, ""ap"": 0.9147125159437693, ""neg_fail"": 0.0, ""n_test"": 26}, ""recruits"": {""auc"": 0.7972153662249206, ""ap"": 0.7089597788008549, ""neg_fail"": 0.0, ""n_test"": 341}, ""requires"": {""auc"": 0.6993959183673469, ""ap"": 0.6877110035471525, ""neg_fail"": 0.0, ""n_test"": 175}, ""supportsGoal"": {""auc"": 0.9487786960514234, ""ap"": 0.927071589263331, ""neg_fail"": 0.0, ""n_test"": 330}, ""targets"": {""auc"": 0.7729306122448979, ""ap"": 0.6968076957062013, ""neg_fail"": 0.0, ""n_test"": 175}}"
mf,Free embeddings (matrix factorization),0.3,10,59008,0.8818992778782989,0.8684515017853391,0.8329122676275079,0.4732958972454071,0.7816723940435281,0.4101473093032837,0.9303550973654067,0.19157357513904572,"{""hasForce"": {""auc"": 0.9267474048442906, ""ap"": 0.9059117642307964, ""neg_fail"": 0.0, ""n_test"": 170}, ""hasIntensity"": {""auc"": 0.778873469387755, ""ap"": 0.7196389825774957, ""neg_fail"": 0.0, ""n_test"": 175}, ""hasMechanic"": {""auc"": 0.9545745874058645, ""ap"": 0.9542660977537523, ""neg_fail"": 0.0, ""n_test"": 158}, ""hasType"": {""auc"": 0.9524897959183674, ""ap"": 0.9322089898431295, ""neg_fail"": 0.0, ""n_test"": 175}, ""isVariationOf"": {""auc"": 0.915680473372781, ""ap"": 0.9227180408204163, ""neg_fail"": 0.0, ""n_test"": 26}, ""recruits"": {""auc"": 0.8429064077536312, ""ap"": 0.7826507886510449, ""neg_fail"": 0.0, ""n_test"": 341}, ""requires"": {""auc"": 0.7216326530612244, ""ap"": 0.7191436928704827, ""neg_fail"": 0.0, ""n_test"": 175}, ""supportsGoal"": {""auc"": 0.9341138659320477, ""ap"": 0.9027360365430805, ""neg_fail"": 0.0, ""n_test"": 330}, ""targets"": {""auc"": 0.7935020408163265, ""ap"": 0.7541375374391588, ""neg_fail"": 0.0, ""n_test"": 175}}"
mf,Free embeddings (matrix factorization),0.3,11,59008,0.8738304236555985,0.857727368199958,0.8192241705417886,0.380971223115921,0.7754868270332188,0.28494587540626526,0.9175257731958762,0.13519661128520966,"{""hasForce"": {""auc"": 0.9092733564013841, ""ap"": 0.8987294252679852, ""neg_fail"": 0.0, ""n_test"": 170}, ""hasIntensity"": {""auc"": 0.7172897959183674, ""ap"": 0.6579862534657511, ""neg_fail"": 0.0, ""n_test"": 175}, ""hasMechanic"": {""auc"": 0.9294984778080435, ""ap"": 0.9286919501500268, ""neg_fail"": 0.0, ""n_test"": 158}, ""hasType"": {""auc"": 0.9568, ""ap"": 0.9532469751027085, ""neg_fail"": 0.0, ""n_test"": 175}, ""isVariationOf"": {""auc"": 0.834319526627219, ""ap"": 0.8128031390684657, ""neg_fail"": 0.0, ""n_test"": 26}, ""recruits"": {""auc"": 0.8462603520781555, ""ap"": 0.7670737696074573, ""neg_fail"": 0.0, ""n_test"": 341}, ""requires"": {""auc"": 0.724930612244898, ""ap"": 0.7162752477873793, ""neg_fail"": 0.0, ""n_test"": 175}, ""supportsGoal"": {""auc"": 0.9453168044077135, ""ap"": 0.923779099476921, ""neg_fail"": 0.0, ""n_test"": 330}, ""targets"": {""auc"": 0.7488979591836735, ""ap"": 0.6749401818725249, ""neg_fail"": 0.0, ""n_test"": 175}}"
mf,Free embeddings (matrix factorization),0.3,12,59008,0.8926468830314984,0.8590642302037387,0.8259717209488051,0.4689546823501587,0.7821305841924399,0.4114367365837097,0.934020618556701,0.19905392825603485,"{""hasForce"": {""auc"": 0.9121107266435986, ""ap"": 0.9213051302286478, ""neg_fail"": 0.0, ""n_test"": 170}, ""hasIntensity"": {""auc"": 0.7131102040816327, ""ap"": 0.6657301397297095, ""neg_fail"": 0.0, ""n_test"": 175}, ""hasMechanic"": {""auc"": 0.9100304438391283, ""ap"": 0.9046920645203012, ""neg_fail"": 0.0, ""n_test"": 158}, ""hasType"": {""auc"": 0.9463510204081632, ""ap"": 0.9376683973986473, ""neg_fail"": 0.0, ""n_test"": 175}, ""isVariationOf"": {""auc"": 0.9230769230769231, ""ap"": 0.9336650945982345, ""neg_fail"": 0.0, ""n_test"": 26}, ""recruits"": {""auc"": 0.8108375400968344, ""ap"": 0.7299870545986422, ""neg_fail"": 0.0, ""n_test"": 341}, ""requires"": {""auc"": 0.7693061224489794, ""ap"": 0.7979445707882178, ""neg_fail"": 0.0, ""n_test"": 175}, ""supportsGoal"": {""auc"": 0.9468044077134986, ""ap"": 0.9148614490249178, ""neg_fail"": 0.0, ""n_test"": 330}, ""targets"": {""auc"": 0.7832816326530613, ""ap"": 0.7301896056513262, ""neg_fail"": 0.0, ""n_test"": 175}}"
mf,Free embeddings (matrix factorization),0.3,13,59008,0.8807806412701519,0.866591388363789,0.8210119031351625,0.4194078743457794,0.7876288659793814,0.3447946608066559,0.9367697594501718,0.17069055140018463,"{""hasForce"": {""auc"": 0.938719723183391, ""ap"": 0.9148237192545686, ""neg_fail"": 0.0, ""n_test"": 170}, ""hasIntensity"": {""auc"": 0.7629387755102041, ""ap"": 0.6831363426151031, ""neg_fail"": 0.0, ""n_test"": 175}, ""hasMechanic"": {""auc"": 0.9161192116647974, ""ap"": 0.9138741152536005, ""neg_fail"": 0.0, ""n_test"": 158}, ""hasType"": {""auc"": 0.9584979591836734, ""ap"": 0.9527777617303305, ""neg_fail"": 0.0, ""n_test"": 175}, ""isVariationOf"": {""auc"": 0.834319526627219, ""ap"": 0.8319038854720718, ""neg_fail"": 0.0, ""n_test"": 26}, ""recruits"": {""auc"": 0.8004145131190823, ""ap"": 0.7147760453653731, ""neg_fail"": 0.0, ""n_test"": 341}, ""requires"": {""auc"": 0.7811591836734694, ""ap"": 0.7684526356342043, ""neg_fail"": 0.0, ""n_test"": 175}, ""supportsGoal"": {""auc"": 0.9588888888888889, ""ap"": 0.9468999583253226, ""neg_fail"": 0.0, ""n_test"": 330}, ""targets"": {""auc"": 0.7975510204081633, ""ap"": 0.7066910561582886, ""neg_fail"": 0.0, ""n_test"": 175}}"
mf,Free embeddings (matrix factorization),0.3,14,59008,0.8808118843083879,0.8670679269061121,0.8269214297529405,0.4243081212043762,0.781901489117984,0.35810208320617676,0.9253150057273769,0.1721949279308319,"{""hasForce"": {""auc"": 0.9426989619377163, ""ap"": 0.9327804972362175, ""neg_fail"": 0.0, ""n_test"": 170}, ""hasIntensity"": {""auc"": 0.7898448979591837, ""ap"": 0.7369037585244447, ""neg_fail"": 0.0, ""n_test"": 175}, ""hasMechanic"": {""auc"": 0.9072664637077392, ""ap"": 0.905827922588059, ""neg_fail"": 0.0, ""n_test"": 158}, ""hasType"": {""auc"": 0.9660408163265306, ""ap"": 0.9657884431627708, ""neg_fail"": 0.0, ""n_test"": 175}, ""isVariationOf"": {""auc"": 0.9363905325443787, ""ap"": 0.9476476250743615, ""neg_fail"": 0.0, ""n_test"": 26}, ""recruits"": {""auc"": 0.83473654337338, ""ap"": 0.7487191811578827, ""neg_fail"": 0.0, ""n_test"": 341}, ""requires"": {""auc"": 0.7361632653061225, ""ap"": 0.7093914109843164, ""neg_fail"": 0.0, ""n_test"": 175}, ""supportsGoal"": {""auc"": 0.9239210284664832, ""ap"": 0.9008762050065379, ""neg_fail"": 0.0030303029343485832, ""n_test"": 330}, ""targets"": {""auc"": 0.7823673469387755, ""ap"": 0.6997717830898793, ""neg_fail"": 0.0, ""n_test"": 175}}"
mf,Free embeddings (matrix factorization),0.3,15,59008,0.87914853212056,0.8680678848981307,0.8380011189973608,0.45904073119163513,0.779610538373425,0.39456552267074585,0.9372279495990836,0.18115510046482086,"{""hasForce"": {""auc"": 0.9359515570934256, ""ap"": 0.9413568494304877, ""neg_fail"": 0.0, ""n_test"": 170}, ""hasIntensity"": {""auc"": 0.779069387755102, ""ap"": 0.7253997760935015, ""neg_fail"": 0.0, ""n_test"": 175}, ""hasMechanic"": {""auc"": 0.9065454254125941, ""ap"": 0.9117692175774251, ""neg_fail"": 0.0, ""n_test"": 158}, ""hasType"": {""auc"": 0.9422367346938775, ""ap"": 0.9323040353239053, ""neg_fail"": 0.0, ""n_test"": 175}, ""isVariationOf"": {""auc"": 0.9541420118343196, ""ap"": 0.9627686896436896, ""neg_fail"": 0.0, ""n_test"": 26}, ""recruits"": {""auc"": 0.845967956931915, ""ap"": 0.787148374534094, ""neg_fail"": 0.0, ""n_test"": 341}, ""requires"": {""auc"": 0.7358040816326531, ""ap"": 0.7251299119457779, ""neg_fail"": 0.0, ""n_test"": 175}, ""supportsGoal"": {""auc"": 0.939981634527089, ""ap"": 0.9198530817113246, ""neg_fail"": 0.0, ""n_test"": 330}, ""targets"": {""auc"": 0.7953632653061224, ""ap"": 0.7210052039829224, ""neg_fail"": 0.0, ""n_test"": 175}}"
mf,Free embeddings (matrix factorization),0.3,16,59008,0.8690699355035019,0.8486062591892458,0.8154828541060416,0.4036675989627838,0.7786941580756014,0.296506404876709,0.9239404352806415,0.12842026352882385,"{""hasForce"": {""auc"": 0.9035294117647059, ""ap"": 0.8947486905006344, ""neg_fail"": 0.0, ""n_test"": 170}, ""hasIntensity"": {""auc"": 0.6677551020408162, ""ap"": 0.6087423372464231, ""neg_fail"": 0.0, ""n_test"": 175}, ""hasMechanic"": {""auc"": 0.9281365165838809, ""ap"": 0.9272194921748965, ""neg_fail"": 0.0, ""n_test"": 158}, ""hasType"": {""auc"": 0.9387102040816326, ""ap"": 0.9186129139640201, ""neg_fail"": 0.0, ""n_test"": 175}, ""isVariationOf"": {""auc"": 0.930473372781065, ""ap"": 0.9394675907827272, ""neg_fail"": 0.0, ""n_test"": 26}, ""recruits"": {""auc"": 0.8275814621477283, ""ap"": 0.7728241546584589, ""neg_fail"": 0.0, ""n_test"": 341}, ""requires"": {""auc"": 0.7114775510204082, ""ap"": 0.7327889254766553, ""neg_fail"": 0.0, ""n_test"": 175}, ""supportsGoal"": {""auc"": 0.9386317722681359, ""ap"": 0.9152088391691097, ""neg_fail"": 0.0, ""n_test"": 330}, ""targets"": {""auc"": 0.7629061224489796, ""ap"": 0.6781317573189434, ""neg_fail"": 0.0, ""n_test"": 175}}"
mf,Free embeddings (matrix factorization),0.3,17,59008,0.8761233909835308,0.8636879647132956,0.8247212370555923,0.4393143653869629,0.7809851088201604,0.35994642972946167,0.9303550973654067,0.16809609532356262,"{""hasForce"": {""auc"": 0.9400346020761245, ""ap"": 0.9206057507224591, ""neg_fail"": 0.0, ""n_test"": 170}, ""hasIntensity"": {""auc"": 0.7545142857142858, ""ap"": 0.6893762661939286, ""neg_fail"": 0.0, ""n_test"": 175}, ""hasMechanic"": {""auc"": 0.9040618490626502, ""ap"": 0.9094607857258056, ""neg_fail"": 0.0, ""n_test"": 158}, ""hasType"": {""auc"": 0.9456000000000001, ""ap"": 0.9378913957291227, ""neg_fail"": 0.0, ""n_test"": 175}, ""isVariationOf"": {""auc"": 0.8846153846153847, ""ap"": 0.9001456205085236, ""neg_fail"": 0.0, ""n_test"": 26}, ""recruits"": {""auc"": 0.832784375779362, ""ap"": 0.7586945884405324, ""neg_fail"": 0.0, ""n_test"": 341}, ""requires"": {""auc"": 0.7466122448979592, ""ap"": 0.7465530966161864, ""neg_fail"": 0.0, ""n_test"": 175}, ""supportsGoal"": {""auc"": 0.9384573002754821, ""ap"": 0.9128892143732901, ""neg_fail"": 0.0, ""n_test"": 330}, ""targets"": {""auc"": 0.8044408163265306, ""ap"": 0.7242658093202986, ""neg_fail"": 0.0, ""n_test"": 175}}"
mf,Free embeddings (matrix factorization),0.3,18,59008,0.8760283034758559,0.8697235034656586,0.8319886757400761,0.46181929111480713,0.7880870561282932,0.3867560029029846,0.9241695303550974,0.18302321434020996,"{""hasForce"": {""auc"": 0.9125259515570935, ""ap"": 0.908969024880012, ""neg_fail"": 0.0, ""n_test"": 170}, ""hasIntensity"": {""auc"": 0.7899428571428572, ""ap"": 0.6974623539480931, ""neg_fail"": 0.0, ""n_test"": 175}, ""hasMechanic"": {""auc"": 0.9042220797949047, ""ap"": 0.9063596727588922, ""neg_fail"": 0.0, ""n_test"": 158}, ""hasType"": {""auc"": 0.9737142857142856, ""ap"": 0.9729546210707489, ""neg_fail"": 0.0, ""n_test"": 175}, ""isVariationOf"": {""auc"": 0.9053254437869823, ""ap"": 0.8876602562727315, ""neg_fail"": 0.0, ""n_test"": 26}, ""recruits"": {""auc"": 0.8168402404520084, ""ap"": 0.740910479980724, ""neg_fail"": 0.0, ""n_test"": 341}, ""requires"": {""auc"": 0.7278040816326531, ""ap"": 0.7049110664314767, ""neg_fail"": 0.0, ""n_test"": 175}, ""supportsGoal"": {""auc"": 0.9603122130394858, ""ap"": 0.9549605297158057, ""neg_fail"": 0.0, ""n_test"": 330}, ""targets"": {""auc"": 0.7999999999999999, ""ap"": 0.7374782062268449, ""neg_fail"": 0.0, ""n_test"": 175}}"
mf,Free embeddings (matrix factorization),0.3,19,59008,0.8767210838889161,0.8557558496114263,0.8130553581405555,0.43414437770843506,0.7853379152348224,0.3657573163509369,0.92737686139748,0.18022765219211578,"{""hasForce"": {""auc"": 0.9344982698961937, ""ap"": 0.9204473178779833, ""neg_fail"": 0.0, ""n_test"": 170}, ""hasIntensity"": {""auc"": 0.8005551020408164, ""ap"": 0.743728627725041, ""neg_fail"": 0.0, ""n_test"": 175}, ""hasMechanic"": {""auc"": 0.9281365165838809, ""ap"": 0.9302577463395105, ""neg_fail"": 0.0, ""n_test"": 158}, ""hasType"": {""auc"": 0.9585306122448979, ""ap"": 0.9532781581896982, ""neg_fail"": 0.0, ""n_test"": 175}, ""isVariationOf"": {""auc"": 0.7988165680473372, ""ap"": 0.8043935855559278, ""neg_fail"": 0.0, ""n_test"": 26}, ""recruits"": {""auc"": 0.8048262398844179, ""ap"": 0.7214208244239744, ""neg_fail"": 0.0, ""n_test"": 341}, ""requires"": {""auc"": 0.7199346938775509, ""ap"": 0.7190899778522257, ""neg_fail"": 0.0, ""n_test"": 175}, ""supportsGoal"": {""auc"": 0.9343617998163453, ""ap"": 0.9136796235549953, ""neg_fail"": 0.0, ""n_test"": 330}, ""targets"": {""auc"": 0.7580408163265306, ""ap"": 0.6848189085881794, ""neg_fail"": 0.0, ""n_test"": 175}}"
mf,Free embeddings (matrix factorization),0.3,20,59008,0.894247749142854,0.8593004830917874,0.8169966675179112,0.4738906919956207,0.781901489117984,0.42063334584236145,0.9356242840778923,0.1949869841337204,"{""hasForce"": {""auc"": 0.9085813148788927, ""ap"": 0.8940524499417063, ""neg_fail"": 0.0, ""n_test"": 170}, ""hasIntensity"": {""auc"": 0.7765551020408163, ""ap"": 0.7179534327744923, ""neg_fail"": 0.0, ""n_test"": 175}, ""hasMechanic"": {""auc"": 0.9155984617849704, ""ap"": 0.9179001139145675, ""neg_fail"": 0.0, ""n_test"": 158}, ""hasType"": {""auc"": 0.9571265306122448, ""ap"": 0.9430038490585582, ""neg_fail"": 0.0, ""n_test"": 175}, ""isVariationOf"": {""auc"": 0.8328402366863905, ""ap"": 0.8480935143037589, ""neg_fail"": 0.0, ""n_test"": 26}, ""recruits"": {""auc"": 0.8184054144701196, ""ap"": 0.7279107927277604, ""neg_fail"": 0.0, ""n_test"": 341}, ""requires"": {""auc"": 0.7063836734693878, ""ap"": 0.697154747540502, ""neg_fail"": 0.0, ""n_test"": 175}, ""supportsGoal"": {""auc"": 0.9490633608815426, ""ap"": 0.9263522957402075, ""neg_fail"": 0.0, ""n_test"": 330}, ""targets"": {""auc"": 0.801338775510204, ""ap"": 0.7222963094839887, ""neg_fail"": 0.0, ""n_test"": 175}}"
mf,Free embeddings (matrix factorization),0.3,21,59008,0.8707658891225324,0.8584112581390465,0.8176166042102833,0.38249167799949646,0.7860252004581901,0.321136474609375,0.9172966781214204,0.14800477027893066,"{""hasForce"": {""auc"": 0.9524913494809688, ""ap"": 0.959130311666068, ""neg_fail"": 0.0, ""n_test"": 170}, ""hasIntensity"": {""auc"": 0.750791836734694, ""ap"": 0.6734551059476945, ""neg_fail"": 0.0, ""n_test"": 175}, ""hasMechanic"": {""auc"": 0.9538535491107195, ""ap"": 0.9515844990028042, ""neg_fail"": 0.0, ""n_test"": 158}, ""hasType"": {""auc"": 0.937730612244898, ""ap"": 0.9058669682390742, ""neg_fail"": 0.0, ""n_test"": 175}, ""isVariationOf"": {""auc"": 0.9615384615384616, ""ap"": 0.9690001423697074, ""neg_fail"": 0.0, ""n_test"": 26}, ""recruits"": {""auc"": 0.8380216888399653, ""ap"": 0.7631922420967603, ""neg_fail"": 0.0, ""n_test"": 341}, ""requires"": {""auc"": 0.6868244897959183, ""ap"": 0.6916629024517158, ""neg_fail"": 0.0, ""n_test"": 175}, ""supportsGoal"": {""auc"": 0.9117722681359045, ""ap"": 0.8831836954797656, ""neg_fail"": 0.0, ""n_test"": 330}, ""targets"": {""auc"": 0.7935020408163265, ""ap"": 0.7024835202967635, ""neg_fail"": 0.0, ""n_test"": 175}}"
mf,Free embeddings (matrix factorization),0.3,22,59008,0.8810007009307709,0.8601979416089057,0.8230227743342331,0.4679974615573883,0.7848797250859106,0.3805578052997589,0.9253150057273769,0.1808430552482605,"{""hasForce"": {""auc"": 0.9321107266435987, ""ap"": 0.908212437374011, ""neg_fail"": 0.0, ""n_test"": 170}, ""hasIntensity"": {""auc"": 0.8016979591836735, ""ap"": 0.7136332827532665, ""neg_fail"": 0.0, ""n_test"": 175}, ""hasMechanic"": {""auc"": 0.9302195161031886, ""ap"": 0.9299720621895357, ""neg_fail"": 0.0, ""n_test"": 158}, ""hasType"": {""auc"": 0.9517061224489796, ""ap"": 0.9476903617606973, ""neg_fail"": 0.0, ""n_test"": 175}, ""isVariationOf"": {""auc"": 0.9452662721893491, ""ap"": 0.9604980154980154, ""neg_fail"": 0.0, ""n_test"": 26}, ""recruits"": {""auc"": 0.8204349807793192, ""ap"": 0.751061415799124, ""neg_fail"": 0.0, ""n_test"": 341}, ""requires"": {""auc"": 0.7466122448979591, ""ap"": 0.7052963085726289, ""neg_fail"": 0.0, ""n_test"": 175}, ""supportsGoal"": {""auc"": 0.9298898071625343, ""ap"": 0.9065656948341053, ""neg_fail"": 0.0, ""n_test"": 330}, ""targets"": {""auc"": 0.7895510204081632, ""ap"": 0.699979754096671, ""neg_fail"": 0.0, ""n_test"": 175}}"
mf,Free embeddings (matrix factorization),0.3,23,59008,0.8760160779391548,0.8543815164881328,0.8179827260965647,0.43095171451568604,0.7702176403207331,0.35693639516830444,0.9246277205040092,0.16889573633670807,"{""hasForce"": {""auc"": 0.9397923875432526, ""ap"": 0.9236009287820584, ""neg_fail"": 0.0, ""n_test"": 170}, ""hasIntensity"": {""auc"": 0.750661224489796, ""ap"": 0.6817376123208382, ""neg_fail"": 0.0, ""n_test"": 175}, ""hasMechanic"": {""auc"": 0.9004967152699888, ""ap"": 0.9018196465785859, ""neg_fail"": 0.0, ""n_test"": 158}, ""hasType"": {""auc"": 0.9535673469387754, ""ap"": 0.945491483308665, ""neg_fail"": 0.0, ""n_test"": 175}, ""isVariationOf"": {""auc"": 0.886094674556213, ""ap"": 0.9223953233412745, ""neg_fail"": 0.0, ""n_test"": 26}, ""recruits"": {""auc"": 0.8289402395920228, ""ap"": 0.7652067317038731, ""neg_fail"": 0.0, ""n_test"": 341}, ""requires"": {""auc"": 0.7336163265306125, ""ap"": 0.7369167887724735, ""neg_fail"": 0.0, ""n_test"": 175}, ""supportsGoal"": {""auc"": 0.9210560146923783, ""ap"": 0.899976548018739, ""neg_fail"": 0.0, ""n_test"": 330}, ""targets"": {""auc"": 0.7522938775510204, ""ap"": 0.6640097818782227, ""neg_fail"": 0.0, ""n_test"": 175}}"
mf,Free embeddings (matrix factorization),0.3,24,59008,0.8728048369656762,0.8770023104389834,0.8450015494865556,0.4927586615085602,0.7926689576174112,0.4176753759384155,0.931958762886598,0.1890515685081482,"{""hasForce"": {""auc"": 0.9211764705882354, ""ap"": 0.9057131430522509, ""neg_fail"": 0.0, ""n_test"": 170}, ""hasIntensity"": {""auc"": 0.8012408163265308, ""ap"": 0.7453272251398325, ""neg_fail"": 0.0, ""n_test"": 175}, ""hasMechanic"": {""auc"": 0.9463227046947605, ""ap"": 0.944599843929204, ""neg_fail"": 0.0, ""n_test"": 158}, ""hasType"": {""auc"": 0.9591183673469388, ""ap"": 0.9513072844979663, ""neg_fail"": 0.0, ""n_test"": 175}, ""isVariationOf"": {""auc"": 0.9467455621301776, ""ap"": 0.9536416449131965, ""neg_fail"": 0.0, ""n_test"": 26}, ""recruits"": {""auc"": 0.8389246738504141, ""ap"": 0.7900441104326539, ""neg_fail"": 0.0, ""n_test"": 341}, ""requires"": {""auc"": 0.7458285714285715, ""ap"": 0.7443622595684367, ""neg_fail"": 0.0, ""n_test"": 175}, ""supportsGoal"": {""auc"": 0.9444536271808998, ""ap"": 0.9155114341298416, ""neg_fail"": 0.0, ""n_test"": 330}, ""targets"": {""auc"": 0.8453551020408164, ""ap"": 0.7678650293800402, ""neg_fail"": 0.0, ""n_test"": 175}}"
mf,Free embeddings (matrix factorization),0.3,25,59008,0.8808064507365205,0.8457508926696072,0.8057960455016873,0.4035085439682007,0.7848797250859106,0.3027495741844177,0.9172966781214204,0.13773445785045624,"{""hasForce"": {""auc"": 0.927439446366782, ""ap"": 0.9370398569576999, ""neg_fail"": 0.0, ""n_test"": 170}, ""hasIntensity"": {""auc"": 0.713404081632653, ""ap"": 0.660272338943003, ""neg_fail"": 0.0, ""n_test"": 175}, ""hasMechanic"": {""auc"": 0.8973321583079634, ""ap"": 0.8968716542956419, ""neg_fail"": 0.0, ""n_test"": 158}, ""hasType"": {""auc"": 0.9651428571428572, ""ap"": 0.9638109306265492, ""neg_fail"": 0.0057142856530845165, ""n_test"": 175}, ""isVariationOf"": {""auc"": 0.9437869822485208, ""ap"": 0.9370997741932111, ""neg_fail"": 0.0, ""n_test"": 26}, ""recruits"": {""auc"": 0.7995201279658759, ""ap"": 0.7085463107952734, ""neg_fail"": 0.0, ""n_test"": 341}, ""requires"": {""auc"": 0.6970775510204082, ""ap"": 0.6974376386111847, ""neg_fail"": 0.0, ""n_test"": 175}, ""supportsGoal"": {""auc"": 0.919605142332415, ""ap"": 0.8861666261568987, ""neg_fail"": 0.0, ""n_test"": 330}, ""targets"": {""auc"": 0.7700244897959184, ""ap"": 0.7100592048501365, ""neg_fail"": 0.0, ""n_test"": 175}}"
mf,Free embeddings (matrix factorization),0.3,26,59008,0.8670595139126608,0.8508032766225582,0.8102400067522945,0.40210655331611633,0.7800687285223368,0.314510703086853,0.9156930126002291,0.1370360106229782,"{""hasForce"": {""auc"": 0.8739446366782007, ""ap"": 0.8533384123552985, ""neg_fail"": 0.0, ""n_test"": 170}, ""hasIntensity"": {""auc"": 0.7455020408163266, ""ap"": 0.6691707584784502, ""neg_fail"": 0.0, ""n_test"": 175}, ""hasMechanic"": {""auc"": 0.9363082839288576, ""ap"": 0.933026300952112, ""neg_fail"": 0.0, ""n_test"": 158}, ""hasType"": {""auc"": 0.9401469387755101, ""ap"": 0.9316566388883798, ""neg_fail"": 0.0, ""n_test"": 175}, ""isVariationOf"": {""auc"": 0.9245562130177514, ""ap"": 0.922388126671124, ""neg_fail"": 0.0, ""n_test"": 26}, ""recruits"": {""auc"": 0.8430354056122669, ""ap"": 0.7890259421521054, ""neg_fail"": 0.0, ""n_test"": 341}, ""requires"": {""auc"": 0.7462530612244898, ""ap"": 0.7376057154576521, ""neg_fail"": 0.0, ""n_test"": 175}, ""supportsGoal"": {""auc"": 0.9175206611570248, ""ap"": 0.8919135352935657, ""neg_fail"": 0.0030303029343485832, ""n_test"": 330}, ""targets"": {""auc"": 0.7292734693877552, ""ap"": 0.6369372699683694, ""neg_fail"": 0.0, ""n_test"": 175}}"
mf,Free embeddings (matrix factorization),0.3,27,59008,0.8853034106530611,0.8699775677378703,0.8304872082294406,0.45905086398124695,0.7844215349369988,0.3887403607368469,0.9264604810996564,0.17228955030441284,"{""hasForce"": {""auc"": 0.9433910034602075, ""ap"": 0.9255809940836714, ""neg_fail"": 0.0, ""n_test"": 170}, ""hasIntensity"": {""auc"": 0.7924244897959183, ""ap"": 0.6920597907959625, ""neg_fail"": 0.0, ""n_test"": 175}, ""hasMechanic"": {""auc"": 0.9529322224002563, ""ap"": 0.9531528292620512, ""neg_fail"": 0.0, ""n_test"": 158}, ""hasType"": {""auc"": 0.9526204081632653, ""ap"": 0.9408583631688038, ""neg_fail"": 0.0, ""n_test"": 175}, ""isVariationOf"": {""auc"": 0.9423076923076924, ""ap"": 0.9417616028066527, ""neg_fail"": 0.0, ""n_test"": 26}, ""recruits"": {""auc"": 0.8445747800586509, ""ap"": 0.7682398916731258, ""neg_fail"": 0.0, ""n_test"": 341}, ""requires"": {""auc"": 0.6866612244897958, ""ap"": 0.6726505328619129, ""neg_fail"": 0.0, ""n_test"": 175}, ""supportsGoal"": {""auc"": 0.9491460055096418, ""ap"": 0.9336835204054738, ""neg_fail"": 0.0, ""n_test"": 330}, ""targets"": {""auc"": 0.798204081632653, ""ap"": 0.761442845869674, ""neg_fail"": 0.0, ""n_test"": 175}}"
mf,Free embeddings (matrix factorization),0.3,28,59008,0.8926346574947974,0.8740387313589583,0.8428426160519129,0.416606605052948,0.7766323024054983,0.3293781280517578,0.9248568155784651,0.15631334483623505,"{""hasForce"": {""auc"": 0.9255709342560553, ""ap"": 0.9295714882518905, ""neg_fail"": 0.0, ""n_test"": 170}, ""hasIntensity"": {""auc"": 0.828669387755102, ""ap"": 0.7614845342643599, ""neg_fail"": 0.0, ""n_test"": 175}, ""hasMechanic"": {""auc"": 0.9171206537413876, ""ap"": 0.9123020803535401, ""neg_fail"": 0.0, ""n_test"": 158}, ""hasType"": {""auc"": 0.9515428571428571, ""ap"": 0.9406021961921512, ""neg_fail"": 0.0, ""n_test"": 175}, ""isVariationOf"": {""auc"": 0.8979289940828403, ""ap"": 0.9195593712922213, ""neg_fail"": 0.0, ""n_test"": 26}, ""recruits"": {""auc"": 0.8412294355913692, ""ap"": 0.7719669877248466, ""neg_fail"": 0.0, ""n_test"": 341}, ""requires"": {""auc"": 0.7201959183673469, ""ap"": 0.7272566334750523, ""neg_fail"": 0.0, ""n_test"": 175}, ""supportsGoal"": {""auc"": 0.9482644628099173, ""ap"": 0.9410211260415516, ""neg_fail"": 0.0, ""n_test"": 330}, ""targets"": {""auc"": 0.8186448979591836, ""ap"": 0.7478633140756523, ""neg_fail"": 0.0, ""n_test"": 175}}"
mf,Free embeddings (matrix factorization),0.3,29,59008,0.8889731092528296,0.8619165721487083,0.8268826230652381,0.48944467306137085,0.7855670103092783,0.4280170202255249,0.9315005727376862,0.19939203560352325,"{""hasForce"": {""auc"": 0.9221453287197232, ""ap"": 0.9061986224343117, ""neg_fail"": 0.0, ""n_test"": 170}, ""hasIntensity"": {""auc"": 0.7863836734693876, ""ap"": 0.7445387450954619, ""neg_fail"": 0.0, ""n_test"": 175}, ""hasMechanic"": {""auc"": 0.9431581477327352, ""ap"": 0.9438262137466121, ""neg_fail"": 0.0, ""n_test"": 158}, ""hasType"": {""auc"": 0.9447510204081633, ""ap"": 0.9359640767798928, ""neg_fail"": 0.0, ""n_test"": 175}, ""isVariationOf"": {""auc"": 0.9541420118343195, ""ap"": 0.9484845877831123, ""neg_fail"": 0.0, ""n_test"": 26}, ""recruits"": {""auc"": 0.8133056991253945, ""ap"": 0.7450098006234521, ""neg_fail"": 0.0, ""n_test"": 341}, ""requires"": {""auc"": 0.7480816326530613, ""ap"": 0.7716114183082818, ""neg_fail"": 0.0, ""n_test"": 175}, ""supportsGoal"": {""auc"": 0.9324701561065196, ""ap"": 0.8984823422505848, ""neg_fail"": 0.0, ""n_test"": 330}, ""targets"": {""auc"": 0.790269387755102, ""ap"": 0.7140552084484404, ""neg_fail"": 0.0, ""n_test"": 175}}"
distmult,"DistMult (relation types, no propagation)",0.0,0,59584,0.8955898413940371,0.8824300777147658,0.8556445388400202,0.24654684960842133,0.5053837342497136,0.6134495735168457,0.9743413516609393,0.3341917097568512,"{""hasForce"": {""auc"": 0.913114186851211, ""ap"": 0.8758566140528231, ""neg_fail"": 0.0, ""n_test"": 170}, ""hasIntensity"": {""auc"": 0.809730612244898, ""ap"": 0.7397105615099524, ""neg_fail"": 0.0, ""n_test"": 175}, ""hasMechanic"": {""auc"": 0.9557362602147093, ""ap"": 0.9556224403876844, ""neg_fail"": 0.0, ""n_test"": 158}, ""hasType"": {""auc"": 0.9545795918367347, ""ap"": 0.9438425426133681, ""neg_fail"": 0.0, ""n_test"": 175}, ""isVariationOf"": {""auc"": 0.8269230769230769, ""ap"": 0.8335984264423331, ""neg_fail"": 0.0, ""n_test"": 26}, ""recruits"": {""auc"": 0.8333003672139041, ""ap"": 0.8276185819766919, ""neg_fail"": 0.0, ""n_test"": 341}, ""requires"": {""auc"": 0.7783836734693879, ""ap"": 0.7725449972646136, ""neg_fail"": 0.0, ""n_test"": 175}, ""supportsGoal"": {""auc"": 0.94455463728191, ""ap"": 0.913214913371281, ""neg_fail"": 0.0, ""n_test"": 330}, ""targets"": {""auc"": 0.8074448979591837, ""ap"": 0.7979833536130982, ""neg_fail"": 0.0, ""n_test"": 175}}"
distmult,"DistMult (relation types, no propagation)",0.0,1,59584,0.90364918686597,0.8682179374081076,0.8418150216673291,0.23293954133987427,0.47949599083619704,0.6355806589126587,0.9699885452462772,0.3314957022666931,"{""hasForce"": {""auc"": 0.8999653979238755, ""ap"": 0.8982962802669292, ""neg_fail"": 0.0, ""n_test"": 170}, ""hasIntensity"": {""auc"": 0.8303673469387756, ""ap"": 0.7769661764822493, ""neg_fail"": 0.0, ""n_test"": 175}, ""hasMechanic"": {""auc"": 0.9328633231853869, ""ap"": 0.932404665061685, ""neg_fail"": 0.0, ""n_test"": 158}, ""hasType"": {""auc"": 0.9600326530612245, ""ap"": 0.9377928123335905, ""neg_fail"": 0.0, ""n_test"": 175}, ""isVariationOf"": {""auc"": 0.727810650887574, ""ap"": 0.6888603680467112, ""neg_fail"": 0.0, ""n_test"": 26}, ""recruits"": {""auc"": 0.8359319235300695, ""ap"": 0.8251411360451097, ""neg_fail"": 0.0, ""n_test"": 341}, ""requires"": {""auc"": 0.6705959183673469, ""ap"": 0.6676938935499079, ""neg_fail"": 0.0, ""n_test"": 175}, ""supportsGoal"": {""auc"": 0.9373737373737373, ""ap"": 0.9098546421609783, ""neg_fail"": 0.0, ""n_test"": 330}, ""targets"": {""auc"": 0.8200163265306123, ""ap"": 0.8058454458920125, ""neg_fail"": 0.0, ""n_test"": 175}}"
distmult,"DistMult (relation types, no propagation)",0.0,2,59584,0.8899633777256155,0.8799788279773156,0.8559331016966756,0.2547456920146942,0.47124856815578464,0.7383449673652649,0.9695303550973654,0.3810677230358124,"{""hasForce"": {""auc"": 0.9074740484429066, ""ap"": 0.9117389554117402, ""neg_fail"": 0.0, ""n_test"": 170}, ""hasIntensity"": {""auc"": 0.8132897959183675, ""ap"": 0.7153572786411201, ""neg_fail"": 0.0, ""n_test"": 175}, ""hasMechanic"": {""auc"": 0.9480451850664957, ""ap"": 0.9514960386511748, ""neg_fail"": 0.0, ""n_test"": 158}, ""hasType"": {""auc"": 0.9523265306122448, ""ap"": 0.9322677348647889, ""neg_fail"": 0.0, ""n_test"": 175}, ""isVariationOf"": {""auc"": 0.6642011834319526, ""ap"": 0.6662531894601055, ""neg_fail"": 0.0, ""n_test"": 26}, ""recruits"": {""auc"": 0.8398620582898324, ""ap"": 0.8376333740807457, ""neg_fail"": 0.0, ""n_test"": 341}, ""requires"": {""auc"": 0.7717224489795919, ""ap"": 0.7443923186003454, ""neg_fail"": 0.0, ""n_test"": 175}, ""supportsGoal"": {""auc"": 0.950257116620753, ""ap"": 0.9155807602169614, ""neg_fail"": 0.0, ""n_test"": 330}, ""targets"": {""auc"": 0.7546122448979593, ""ap"": 0.7412206607155055, ""neg_fail"": 0.0, ""n_test"": 175}}"
distmult,"DistMult (relation types, no propagation)",0.0,3,59584,0.8876690520047164,0.8738607855492544,0.8392373987648278,0.2971004247665405,0.4959908361970218,0.7247615456581116,0.9628865979381444,0.384260892868042,"{""hasForce"": {""auc"": 0.8986159169550172, ""ap"": 0.8935499601664751, ""neg_fail"": 0.0, ""n_test"": 170}, ""hasIntensity"": {""auc"": 0.8531918367346939, ""ap"": 0.7814589517957071, ""neg_fail"": 0.0, ""n_test"": 175}, ""hasMechanic"": {""auc"": 0.9651097580515943, ""ap"": 0.9673945122387263, ""neg_fail"": 0.0, ""n_test"": 158}, ""hasType"": {""auc"": 0.9459918367346939, ""ap"": 0.9179193792729439, ""neg_fail"": 0.0, ""n_test"": 175}, ""isVariationOf"": {""auc"": 0.742603550295858, ""ap"": 0.7040470663293049, ""neg_fail"": 0.0, ""n_test"": 26}, ""recruits"": {""auc"": 0.8560813890489418, ""ap"": 0.8496934221672706, ""neg_fail"": 0.0, ""n_test"": 341}, ""requires"": {""auc"": 0.7088000000000001, ""ap"": 0.655772548320498, ""neg_fail"": 0.0, ""n_test"": 175}, ""supportsGoal"": {""auc"": 0.9211662075298439, ""ap"": 0.8682361887543166, ""neg_fail"": 0.0, ""n_test"": 330}, ""targets"": {""auc"": 0.7971265306122449, ""ap"": 0.7928878107667874, ""neg_fail"": 0.0, ""n_test"": 175}}"
distmult,"DistMult (relation types, no propagation)",0.0,4,59584,0.8747099831015916,0.8642925435832808,0.8508943508617013,0.20693928003311157,0.44810996563573885,0.5451542139053345,0.9656357388316151,0.30513957142829895,"{""hasForce"": {""auc"": 0.8885813148788927, ""ap"": 0.8651658722550604, ""neg_fail"": 0.0, ""n_test"": 170}, ""hasIntensity"": {""auc"": 0.8053551020408163, ""ap"": 0.739927949901648, ""neg_fail"": 0.0, ""n_test"": 175}, ""hasMechanic"": {""auc"": 0.9216872296106394, ""ap"": 0.9212885642805004, ""neg_fail"": 0.0, ""n_test"": 158}, ""hasType"": {""auc"": 0.9506612244897958, ""ap"": 0.9300915862912427, ""neg_fail"": 0.0, ""n_test"": 175}, ""isVariationOf"": {""auc"": 0.7588757396449703, ""ap"": 0.7288084650241585, ""neg_fail"": 0.0, ""n_test"": 26}, ""recruits"": {""auc"": 0.8041812505912402, ""ap"": 0.8047172208003646, ""neg_fail"": 0.0, ""n_test"": 341}, ""requires"": {""auc"": 0.7228408163265306, ""ap"": 0.7250891478124148, ""neg_fail"": 0.0, ""n_test"": 175}, ""supportsGoal"": {""auc"": 0.9514233241505968, ""ap"": 0.9375342065318206, ""neg_fail"": 0.0, ""n_test"": 330}, ""targets"": {""auc"": 0.7711673469387754, ""ap"": 0.7649923457237673, ""neg_fail"": 0.0, ""n_test"": 175}}"
distmult,"DistMult (relation types, no propagation)",0.0,5,59584,0.8759515542732327,0.8569312329342575,0.8305505633217324,0.2571660876274109,0.4923253150057274,0.6675677299499512,0.9688430698739977,0.3488292992115021,"{""hasForce"": {""auc"": 0.8732525951557094, ""ap"": 0.8462852520542987, ""neg_fail"": 0.0, ""n_test"": 170}, ""hasIntensity"": {""auc"": 0.8198530612244899, ""ap"": 0.7868380417763938, ""neg_fail"": 0.0, ""n_test"": 175}, ""hasMechanic"": {""auc"": 0.9764060246755327, ""ap"": 0.9768926623192289, ""neg_fail"": 0.0, ""n_test"": 158}, ""hasType"": {""auc"": 0.9447183673469388, ""ap"": 0.922072522898333, ""neg_fail"": 0.0, ""n_test"": 175}, ""isVariationOf"": {""auc"": 0.7781065088757396, ""ap"": 0.7762152693670279, ""neg_fail"": 0.0, ""n_test"": 26}, ""recruits"": {""auc"": 0.8098399566567196, ""ap"": 0.8162981104994214, ""neg_fail"": 0.0, ""n_test"": 341}, ""requires"": {""auc"": 0.7646693877551021, ""ap"": 0.7760167502245763, ""neg_fail"": 0.0, ""n_test"": 175}, ""supportsGoal"": {""auc"": 0.9096786042240588, ""ap"": 0.8691322230802428, ""neg_fail"": 0.0, ""n_test"": 330}, ""targets"": {""auc"": 0.7168979591836734, ""ap"": 0.7026715489645028, ""neg_fail"": 0.0, ""n_test"": 175}}"
distmult,"DistMult (relation types, no propagation)",0.0,6,59584,0.8833194777250721,0.8667762234824616,0.8425094074655752,0.1747831553220749,0.4313860252004582,0.4528679847717285,0.9555555555555556,0.2399950921535492,"{""hasForce"": {""auc"": 0.9478892733564014, ""ap"": 0.9371835611866549, ""neg_fail"": 0.0, ""n_test"": 170}, ""hasIntensity"": {""auc"": 0.7500408163265306, ""ap"": 0.7215083853431361, ""neg_fail"": 0.0, ""n_test"": 175}, ""hasMechanic"": {""auc"": 0.9565774715590449, ""ap"": 0.9562123287166693, ""neg_fail"": 0.0, ""n_test"": 158}, ""hasType"": {""auc"": 0.9462857142857142, ""ap"": 0.927069122769101, ""neg_fail"": 0.0, ""n_test"": 175}, ""isVariationOf"": {""auc"": 0.636094674556213, ""ap"": 0.6612747233462023, ""neg_fail"": 0.0, ""n_test"": 26}, ""recruits"": {""auc"": 0.8194975963399008, ""ap"": 0.8136663968707141, ""neg_fail"": 0.0, ""n_test"": 341}, ""requires"": {""auc"": 0.7117061224489797, ""ap"": 0.7214492660120284, ""neg_fail"": 0.0, ""n_test"": 175}, ""supportsGoal"": {""auc"": 0.9403856749311296, ""ap"": 0.8926823626647409, ""neg_fail"": 0.0, ""n_test"": 330}, ""targets"": {""auc"": 0.7273795918367348, ""ap"": 0.7294146900058265, ""neg_fail"": 0.0, ""n_test"": 175}}"
distmult,"DistMult (relation types, no propagation)",0.0,7,59584,0.8837894816915797,0.8917430791850451,0.8769360612110695,0.30258870124816895,0.4827033218785796,0.7440814971923828,0.9649484536082474,0.39155158400535583,"{""hasForce"": {""auc"": 0.94719723183391, ""ap"": 0.9449217602775494, ""neg_fail"": 0.0, ""n_test"": 170}, ""hasIntensity"": {""auc"": 0.8652408163265306, ""ap"": 0.7798528246129903, ""neg_fail"": 0.0, ""n_test"": 175}, ""hasMechanic"": {""auc"": 0.9462025316455697, ""ap"": 0.9430164482148992, ""neg_fail"": 0.0, ""n_test"": 158}, ""hasType"": {""auc"": 0.9567673469387755, ""ap"": 0.9353019155560014, ""neg_fail"": 0.0, ""n_test"": 175}, ""isVariationOf"": {""auc"": 0.8136094674556213, ""ap"": 0.8160332425842381, ""neg_fail"": 0.0, ""n_test"": 26}, ""recruits"": {""auc"": 0.8448757750621338, ""ap"": 0.8490479689081671, ""neg_fail"": 0.0, ""n_test"": 341}, ""requires"": {""auc"": 0.7723755102040817, ""ap"": 0.7597137705610322, ""neg_fail"": 0.0, ""n_test"": 175}, ""supportsGoal"": {""auc"": 0.9544260789715335, ""ap"": 0.9356448445912158, ""neg_fail"": 0.0, ""n_test"": 330}, ""targets"": {""auc"": 0.8184163265306122, ""ap"": 0.8110945732930397, ""neg_fail"": 0.0, ""n_test"": 175}}"
distmult,"DistMult (relation types, no propagation)",0.0,8,59584,0.8956075005026054,0.871742575089267,0.8534324478139623,0.20630215108394623,0.45108820160366553,0.46848952770233154,0.9665521191294387,0.26599040627479553,"{""hasForce"": {""auc"": 0.9202768166089966, ""ap"": 0.9142977625712756, ""neg_fail"": 0.0, ""n_test"": 170}, ""hasIntensity"": {""auc"": 0.8590693877551021, ""ap"": 0.8137875995047541, ""neg_fail"": 0.0, ""n_test"": 175}, ""hasMechanic"": {""auc"": 0.9284970357314534, ""ap"": 0.9238820040591078, ""neg_fail"": 0.0, ""n_test"": 158}, ""hasType"": {""auc"": 0.9614367346938776, ""ap"": 0.9489301868008628, ""neg_fail"": 0.0, ""n_test"": 175}, ""isVariationOf"": {""auc"": 0.8121301775147929, ""ap"": 0.7963323291712087, ""neg_fail"": 0.0, ""n_test"": 26}, ""recruits"": {""auc"": 0.8242103181087195, ""ap"": 0.8219307576507852, ""neg_fail"": 0.0, ""n_test"": 341}, ""requires"": {""auc"": 0.7241469387755102, ""ap"": 0.7125833907561622, ""neg_fail"": 0.0, ""n_test"": 175}, ""supportsGoal"": {""auc"": 0.9351147842056933, ""ap"": 0.9141143267037827, ""neg_fail"": 0.0, ""n_test"": 330}, ""targets"": {""auc"": 0.7699591836734695, ""ap"": 0.781719523840908, ""neg_fail"": 0.0, ""n_test"": 175}}"
distmult,"DistMult (relation types, no propagation)",0.0,9,59584,0.8932357463825995,0.8818429741650913,0.8533943320747988,0.25324520468711853,0.5234822451317297,0.6056933999061584,0.9555555555555556,0.30969002842903137,"{""hasForce"": {""auc"": 0.9208304498269897, ""ap"": 0.8928610825843082, ""neg_fail"": 0.0, ""n_test"": 170}, ""hasIntensity"": {""auc"": 0.9099755102040816, ""ap"": 0.8577491270220119, ""neg_fail"": 0.0, ""n_test"": 175}, ""hasMechanic"": {""auc"": 0.926053517064573, ""ap"": 0.9197285116372564, ""neg_fail"": 0.0, ""n_test"": 158}, ""hasType"": {""auc"": 0.9486693877551021, ""ap"": 0.9291587917280438, ""neg_fail"": 0.0, ""n_test"": 175}, ""isVariationOf"": {""auc"": 0.8224852071005917, ""ap"": 0.840985830613903, ""neg_fail"": 0.0, ""n_test"": 26}, ""recruits"": {""auc"": 0.8255174964095597, ""ap"": 0.8178696953499988, ""neg_fail"": 0.0, ""n_test"": 341}, ""requires"": {""auc"": 0.750661224489796, ""ap"": 0.7166693416475152, ""neg_fail"": 0.0, ""n_test"": 175}, ""supportsGoal"": {""auc"": 0.9409274563820019, ""ap"": 0.9035405619218236, ""neg_fail"": 0.0, ""n_test"": 330}, ""targets"": {""auc"": 0.7911836734693878, ""ap"": 0.7865510341213879, ""neg_fail"": 0.0, ""n_test"": 175}}"
distmult,"DistMult (relation types, no propagation)",0.0,10,59584,0.8983188528643073,0.8911475740390674,0.8687628216929884,0.2226473093032837,0.44146620847651774,0.5594601035118103,0.9752577319587629,0.3123425245285034,"{""hasForce"": {""auc"": 0.9305190311418684, ""ap"": 0.8887117997731386, ""neg_fail"": 0.0, ""n_test"": 170}, ""hasIntensity"": {""auc"": 0.8902204081632653, ""ap"": 0.8414482602926014, ""neg_fail"": 0.0, ""n_test"": 175}, ""hasMechanic"": {""auc"": 0.9741227367409069, ""ap"": 0.9728900882899463, ""neg_fail"": 0.0, ""n_test"": 158}, ""hasType"": {""auc"": 0.9522612244897959, ""ap"": 0.9319243066302088, ""neg_fail"": 0.0, ""n_test"": 175}, ""isVariationOf"": {""auc"": 0.599112426035503, ""ap"": 0.621148963459309, ""neg_fail"": 0.0, ""n_test"": 26}, ""recruits"": {""auc"": 0.8460023563608844, ""ap"": 0.8363782060308114, ""neg_fail"": 0.0, ""n_test"": 341}, ""requires"": {""auc"": 0.7313632653061225, ""ap"": 0.7208799400862943, ""neg_fail"": 0.0, ""n_test"": 175}, ""supportsGoal"": {""auc"": 0.9564187327823691, ""ap"": 0.936355657054419, ""neg_fail"": 0.0, ""n_test"": 330}, ""targets"": {""auc"": 0.781191836734694, ""ap"": 0.76457423954737, ""neg_fail"": 0.0, ""n_test"": 175}}"
distmult,"DistMult (relation types, no propagation)",0.0,11,59584,0.888037176498715,0.8750975005250998,0.8479723903101769,0.20014317333698273,0.5124856815578465,0.5683428049087524,0.9647193585337915,0.30038103461265564,"{""hasForce"": {""auc"": 0.9029757785467128, ""ap"": 0.8857039895825554, ""neg_fail"": 0.0, ""n_test"": 170}, ""hasIntensity"": {""auc"": 0.8178938775510204, ""ap"": 0.745378502062813, ""neg_fail"": 0.0, ""n_test"": 175}, ""hasMechanic"": {""auc"": 0.9711985258772633, ""ap"": 0.9703270243940288, ""neg_fail"": 0.0, ""n_test"": 158}, ""hasType"": {""auc"": 0.9369795918367346, ""ap"": 0.9021782644739245, ""neg_fail"": 0.0, ""n_test"": 175}, ""isVariationOf"": {""auc"": 0.7248520710059172, ""ap"": 0.6949721906689229, ""neg_fail"": 0.0, ""n_test"": 26}, ""recruits"": {""auc"": 0.8465355475099114, ""ap"": 0.8164582440199202, ""neg_fail"": 0.0, ""n_test"": 341}, ""requires"": {""auc"": 0.750595918367347, ""ap"": 0.7269742479982663, ""neg_fail"": 0.0, ""n_test"": 175}, ""supportsGoal"": {""auc"": 0.9401101928374656, ""ap"": 0.9151510362497122, ""neg_fail"": 0.0, ""n_test"": 330}, ""targets"": {""auc"": 0.788995918367347, ""ap"": 0.80841757717221, ""neg_fail"": 0.0, ""n_test"": 175}}"
distmult,"DistMult (relation types, no propagation)",0.0,12,59584,0.891302753190865,0.868649779458097,0.8472029840401061,0.20049017667770386,0.4655211912943872,0.6190422177314758,0.9654066437571592,0.33792516589164734,"{""hasForce"": {""auc"": 0.8535294117647059, ""ap"": 0.8272300036654565, ""neg_fail"": 0.0, ""n_test"": 170}, ""hasIntensity"": {""auc"": 0.8762122448979592, ""ap"": 0.8142368830095861, ""neg_fail"": 0.0, ""n_test"": 175}, ""hasMechanic"": {""auc"": 0.9417561288255089, ""ap"": 0.9393214238216604, ""neg_fail"": 0.0, ""n_test"": 158}, ""hasType"": {""auc"": 0.9495183673469388, ""ap"": 0.9409392735124483, ""neg_fail"": 0.0, ""n_test"": 175}, ""isVariationOf"": {""auc"": 0.6745562130177514, ""ap"": 0.7040250292695919, ""neg_fail"": 0.0, ""n_test"": 26}, ""recruits"": {""auc"": 0.8130907026943353, ""ap"": 0.803223262257503, ""neg_fail"": 0.0, ""n_test"": 341}, ""requires"": {""auc"": 0.7398204081632653, ""ap"": 0.7137772217866365, ""neg_fail"": 0.0, ""n_test"": 175}, ""supportsGoal"": {""auc"": 0.9544811753902663, ""ap"": 0.931118356195491, ""neg_fail"": 0.0, ""n_test"": 330}, ""targets"": {""auc"": 0.7431183673469388, ""ap"": 0.7386320226336633, ""neg_fail"": 0.0, ""n_test"": 175}}"
distmult,"DistMult (relation types, no propagation)",0.0,13,59584,0.8961264066159171,0.879304851921865,0.8503941554737391,0.2760317325592041,0.48041237113402063,0.7166001796722412,0.9706758304696449,0.375843346118927,"{""hasForce"": {""auc"": 0.9430103806228375, ""ap"": 0.9364820052935214, ""neg_fail"": 0.0, ""n_test"": 170}, ""hasIntensity"": {""auc"": 0.8600816326530611, ""ap"": 0.8420896938095784, ""neg_fail"": 0.0, ""n_test"": 175}, ""hasMechanic"": {""auc"": 0.9218875180259574, ""ap"": 0.9212494339765818, ""neg_fail"": 0.0, ""n_test"": 158}, ""hasType"": {""auc"": 0.9602938775510205, ""ap"": 0.9477195071419913, ""neg_fail"": 0.0, ""n_test"": 175}, ""isVariationOf"": {""auc"": 0.7855029585798816, ""ap"": 0.7685991141980434, ""neg_fail"": 0.0, ""n_test"": 26}, ""recruits"": {""auc"": 0.830574212468073, ""ap"": 0.8156459979824214, ""neg_fail"": 0.0, ""n_test"": 341}, ""requires"": {""auc"": 0.764342857142857, ""ap"": 0.7421784320222276, ""neg_fail"": 0.0, ""n_test"": 175}, ""supportsGoal"": {""auc"": 0.9267447199265381, ""ap"": 0.8796711254614241, ""neg_fail"": 0.0030303029343485832, ""n_test"": 330}, ""targets"": {""auc"": 0.7997714285714286, ""ap"": 0.80313775597415, ""neg_fail"": 0.0, ""n_test"": 175}}"
distmult,"DistMult (relation types, no propagation)",0.0,14,59584,0.886013170978206,0.8894107960512498,0.866963896537368,0.2632439136505127,0.5101947308132875,0.7278875112533569,0.9688430698739977,0.4006812572479248,"{""hasForce"": {""auc"": 0.8864013840830449, ""ap"": 0.8736390479172813, ""neg_fail"": 0.0, ""n_test"": 170}, ""hasIntensity"": {""auc"": 0.862465306122449, ""ap"": 0.7964186697913465, ""neg_fail"": 0.0, ""n_test"": 175}, ""hasMechanic"": {""auc"": 0.9447604550552796, ""ap"": 0.9417621909473942, ""neg_fail"": 0.0, ""n_test"": 158}, ""hasType"": {""auc"": 0.9637877551020408, ""ap"": 0.9472021723987467, ""neg_fail"": 0.0, ""n_test"": 175}, ""isVariationOf"": {""auc"": 0.7322485207100592, ""ap"": 0.7505554695064011, ""neg_fail"": 0.0, ""n_test"": 26}, ""recruits"": {""auc"": 0.8702453539271248, ""ap"": 0.860442420401716, ""neg_fail"": 0.0, ""n_test"": 341}, ""requires"": {""auc"": 0.7551999999999999, ""ap"": 0.7406874024571859, ""neg_fail"": 0.0, ""n_test"": 175}, ""supportsGoal"": {""auc"": 0.9406611570247934, ""ap"": 0.9078576930411687, ""neg_fail"": 0.0030303029343485832, ""n_test"": 330}, ""targets"": {""auc"": 0.7879183673469388, ""ap"": 0.7827309161101619, ""neg_fail"": 0.0, ""n_test"": 175}}"
distmult,"DistMult (relation types, no propagation)",0.0,15,59584,0.88625224814036,0.8726005461037597,0.8363562949030675,0.2622165381908417,0.4884306987399771,0.670818567276001,0.9736540664375716,0.3641500473022461,"{""hasForce"": {""auc"": 0.9330795847750866, ""ap"": 0.9252559044787652, ""neg_fail"": 0.0, ""n_test"": 170}, ""hasIntensity"": {""auc"": 0.8771918367346938, ""ap"": 0.7998077805175319, ""neg_fail"": 0.0, ""n_test"": 175}, ""hasMechanic"": {""auc"": 0.9640682582919403, ""ap"": 0.9652007780404169, ""neg_fail"": 0.0, ""n_test"": 158}, ""hasType"": {""auc"": 0.9599020408163265, ""ap"": 0.9479695229445362, ""neg_fail"": 0.0, ""n_test"": 175}, ""isVariationOf"": {""auc"": 0.7485207100591715, ""ap"": 0.774497060387929, ""neg_fail"": 0.0, ""n_test"": 26}, ""recruits"": {""auc"": 0.8127553082618828, ""ap"": 0.8038165082271396, ""neg_fail"": 0.0, ""n_test"": 341}, ""requires"": {""auc"": 0.7231346938775511, ""ap"": 0.7180847320388234, ""neg_fail"": 0.0, ""n_test"": 175}, ""supportsGoal"": {""auc"": 0.9170247933884298, ""ap"": 0.8630703669282803, ""neg_fail"": 0.0, ""n_test"": 330}, ""targets"": {""auc"": 0.7958857142857143, ""ap"": 0.8088309166177112, ""neg_fail"": 0.0, ""n_test"": 175}}"
distmult,"DistMult (relation types, no propagation)",0.0,16,59584,0.8971343341972713,0.8778330602814536,0.8564889905261208,0.2518841326236725,0.49003436426116836,0.6358192563056946,0.9782359679266895,0.35087284445762634,"{""hasForce"": {""auc"": 0.9008650519031142, ""ap"": 0.8911469235274925, ""neg_fail"": 0.0, ""n_test"": 170}, ""hasIntensity"": {""auc"": 0.7530122448979593, ""ap"": 0.6834538360782517, ""neg_fail"": 0.0, ""n_test"": 175}, ""hasMechanic"": {""auc"": 0.9670725845217112, ""ap"": 0.9694160968477906, ""neg_fail"": 0.0, ""n_test"": 158}, ""hasType"": {""auc"": 0.9427918367346939, ""ap"": 0.9245511910578528, ""neg_fail"": 0.0, ""n_test"": 175}, ""isVariationOf"": {""auc"": 0.8180473372781065, ""ap"": 0.8145369615879523, ""neg_fail"": 0.0, ""n_test"": 26}, ""recruits"": {""auc"": 0.8399394570050137, ""ap"": 0.8342306756506115, ""neg_fail"": 0.0, ""n_test"": 341}, ""requires"": {""auc"": 0.7431836734693877, ""ap"": 0.74076194441451, ""neg_fail"": 0.0, ""n_test"": 175}, ""supportsGoal"": {""auc"": 0.9505417814508723, ""ap"": 0.9179994934916773, ""neg_fail"": 0.0, ""n_test"": 330}, ""targets"": {""auc"": 0.8166530612244899, ""ap"": 0.800693760359299, ""neg_fail"": 0.0, ""n_test"": 175}}"
distmult,"DistMult (relation types, no propagation)",0.0,17,59584,0.8860362636586412,0.8750632220121823,0.8495515286352906,0.2729133069515228,0.44856815578465065,0.6327686309814453,0.9729667812142039,0.32778650522232056,"{""hasForce"": {""auc"": 0.9289273356401384, ""ap"": 0.9192150934057585, ""neg_fail"": 0.0, ""n_test"": 170}, ""hasIntensity"": {""auc"": 0.8663510204081633, ""ap"": 0.8113037949661115, ""neg_fail"": 0.0, ""n_test"": 175}, ""hasMechanic"": {""auc"": 0.9697564492869732, ""ap"": 0.9707122399735022, ""neg_fail"": 0.0, ""n_test"": 158}, ""hasType"": {""auc"": 0.9486040816326531, ""ap"": 0.9315448087795029, ""neg_fail"": 0.0, ""n_test"": 175}, ""isVariationOf"": {""auc"": 0.6819526627218935, ""ap"": 0.6824869956159529, ""neg_fail"": 0.0, ""n_test"": 26}, ""recruits"": {""auc"": 0.8264204814200083, ""ap"": 0.8174181755858532, ""neg_fail"": 0.0, ""n_test"": 341}, ""requires"": {""auc"": 0.7271510204081632, ""ap"": 0.7401472509171501, ""neg_fail"": 0.0, ""n_test"": 175}, ""supportsGoal"": {""auc"": 0.9396602387511478, ""ap"": 0.9008716577043216, ""neg_fail"": 0.0, ""n_test"": 330}, ""targets"": {""auc"": 0.8130285714285714, ""ap"": 0.8051168713981751, ""neg_fail"": 0.0, ""n_test"": 175}}"
distmult,"DistMult (relation types, no propagation)",0.0,18,59584,0.8766973120119973,0.8747674858223062,0.8570952939318335,0.2523041069507599,0.5152348224513172,0.6322973370552063,0.9654066437571592,0.3420655429363251,"{""hasForce"": {""auc"": 0.8753979238754325, ""ap"": 0.8871764330635011, ""neg_fail"": 0.0, ""n_test"": 170}, ""hasIntensity"": {""auc"": 0.8602775510204083, ""ap"": 0.831312055742759, ""neg_fail"": 0.0, ""n_test"": 175}, ""hasMechanic"": {""auc"": 0.9216471719275757, ""ap"": 0.9212780016897116, ""neg_fail"": 0.0, ""n_test"": 158}, ""hasType"": {""auc"": 0.9442612244897959, ""ap"": 0.9222114589437344, ""neg_fail"": 0.0, ""n_test"": 175}, ""isVariationOf"": {""auc"": 0.6020710059171597, ""ap"": 0.595248549131908, ""neg_fail"": 0.0, ""n_test"": 26}, ""recruits"": {""auc"": 0.827409465002881, ""ap"": 0.8345081970151313, ""neg_fail"": 0.0, ""n_test"": 341}, ""requires"": {""auc"": 0.7513795918367346, ""ap"": 0.7488516751714578, ""neg_fail"": 0.0, ""n_test"": 175}, ""supportsGoal"": {""auc"": 0.9401561065197429, ""ap"": 0.9107860340772707, ""neg_fail"": 0.0, ""n_test"": 330}, ""targets"": {""auc"": 0.8377142857142856, ""ap"": 0.8228164904943185, ""neg_fail"": 0.0, ""n_test"": 175}}"
distmult,"DistMult (relation types, no propagation)",0.0,19,59584,0.8977524029971583,0.8751845410628019,0.8491407548343763,0.31994491815567017,0.4943871706758305,0.7643365859985352,0.963573883161512,0.37143757939338684,"{""hasForce"": {""auc"": 0.8915916955017301, ""ap"": 0.8794301625806412, ""neg_fail"": 0.0, ""n_test"": 170}, ""hasIntensity"": {""auc"": 0.8322938775510204, ""ap"": 0.7991179753545665, ""neg_fail"": 0.0, ""n_test"": 175}, ""hasMechanic"": {""auc"": 0.9317817657426695, ""ap"": 0.9314902801078339, ""neg_fail"": 0.0, ""n_test"": 158}, ""hasType"": {""auc"": 0.9541877551020408, ""ap"": 0.9373874211165911, ""neg_fail"": 0.0, ""n_test"": 175}, ""isVariationOf"": {""auc"": 0.8091715976331361, ""ap"": 0.8276663183251454, ""neg_fail"": 0.0, ""n_test"": 26}, ""recruits"": {""auc"": 0.8495540974019832, ""ap"": 0.8543739654823248, ""neg_fail"": 0.0, ""n_test"": 341}, ""requires"": {""auc"": 0.7594122448979592, ""ap"": 0.7541132371258005, ""neg_fail"": 0.0, ""n_test"": 175}, ""supportsGoal"": {""auc"": 0.9278145087235997, ""ap"": 0.8776578384695112, ""neg_fail"": 0.0, ""n_test"": 330}, ""targets"": {""auc"": 0.7530448979591837, ""ap"": 0.7317710020411126, ""neg_fail"": 0.0, ""n_test"": 175}}"
distmult,"DistMult (relation types, no propagation)",0.0,20,59584,0.8845827831841818,0.8527697542533081,0.8162701820507623,0.288642019033432,0.4657502863688431,0.7922475337982178,0.9603665521191295,0.3887876272201538,"{""hasForce"": {""auc"": 0.8682352941176471, ""ap"": 0.8639059087884385, ""neg_fail"": 0.0, ""n_test"": 170}, ""hasIntensity"": {""auc"": 0.7821387755102042, ""ap"": 0.7415386449988849, ""neg_fail"": 0.0, ""n_test"": 175}, ""hasMechanic"": {""auc"": 0.9152379426373978, ""ap"": 0.9120487447097574, ""neg_fail"": 0.0, ""n_test"": 158}, ""hasType"": {""auc"": 0.9409959183673469, ""ap"": 0.9037737628342086, ""neg_fail"": 0.0, ""n_test"": 175}, ""isVariationOf"": {""auc"": 0.7381656804733727, ""ap"": 0.7189696759231302, ""neg_fail"": 0.0, ""n_test"": 26}, ""recruits"": {""auc"": 0.8190504037632976, ""ap"": 0.7909360649649833, ""neg_fail"": 0.0, ""n_test"": 341}, ""requires"": {""auc"": 0.6800979591836736, ""ap"": 0.669246489956373, ""neg_fail"": 0.0, ""n_test"": 175}, ""supportsGoal"": {""auc"": 0.9342148760330579, ""ap"": 0.884171725813485, ""neg_fail"": 0.0, ""n_test"": 330}, ""targets"": {""auc"": 0.7978775510204082, ""ap"": 0.7779278200326601, ""neg_fail"": 0.0, ""n_test"": 175}}"
distmult,"DistMult (relation types, no propagation)",0.0,21,59584,0.8900489564825229,0.8808495694181895,0.8489914787667964,0.23847702145576477,0.4831615120274914,0.6477898955345154,0.9624284077892326,0.35381925106048584,"{""hasForce"": {""auc"": 0.9678200692041522, ""ap"": 0.9698831902493356, ""neg_fail"": 0.0, ""n_test"": 170}, ""hasIntensity"": {""auc"": 0.8517224489795918, ""ap"": 0.7728575436590326, ""neg_fail"": 0.0, ""n_test"": 175}, ""hasMechanic"": {""auc"": 0.970597660631309, ""ap"": 0.9717310292923401, ""neg_fail"": 0.0, ""n_test"": 158}, ""hasType"": {""auc"": 0.9418775510204082, ""ap"": 0.9057887536152526, ""neg_fail"": 0.0, ""n_test"": 175}, ""isVariationOf"": {""auc"": 0.6967455621301775, ""ap"": 0.6959585558743376, ""neg_fail"": 0.0, ""n_test"": 26}, ""recruits"": {""auc"": 0.8593407349438, ""ap"": 0.8558271013159281, ""neg_fail"": 0.0, ""n_test"": 341}, ""requires"": {""auc"": 0.7227428571428572, ""ap"": 0.7224455085572552, ""neg_fail"": 0.0, ""n_test"": 175}, ""supportsGoal"": {""auc"": 0.9237465564738293, ""ap"": 0.8839438089237479, ""neg_fail"": 0.0, ""n_test"": 330}, ""targets"": {""auc"": 0.8036244897959184, ""ap"": 0.7813434139712101, ""neg_fail"": 0.0, ""n_test"": 175}}"
distmult,"DistMult (relation types, no propagation)",0.0,22,59584,0.8987956487956487,0.8749795421130016,0.8440251017262338,0.2710876762866974,0.5092783505154639,0.724807620048523,0.96815578465063,0.40038663148880005,"{""hasForce"": {""auc"": 0.9296885813148789, ""ap"": 0.9262956712631709, ""neg_fail"": 0.0, ""n_test"": 170}, ""hasIntensity"": {""auc"": 0.8481306122448979, ""ap"": 0.7704204720847425, ""neg_fail"": 0.0, ""n_test"": 175}, ""hasMechanic"": {""auc"": 0.9704774875821183, ""ap"": 0.9707374741476867, ""neg_fail"": 0.0, ""n_test"": 158}, ""hasType"": {""auc"": 0.9233959183673469, ""ap"": 0.8925548961497053, ""neg_fail"": 0.0, ""n_test"": 175}, ""isVariationOf"": {""auc"": 0.8328402366863905, ""ap"": 0.8617576410571766, ""neg_fail"": 0.0, ""n_test"": 26}, ""recruits"": {""auc"": 0.8197383923426871, ""ap"": 0.8251635303086724, ""neg_fail"": 0.0, ""n_test"": 341}, ""requires"": {""auc"": 0.758465306122449, ""ap"": 0.7064681887980451, ""neg_fail"": 0.0, ""n_test"": 175}, ""supportsGoal"": {""auc"": 0.9267401285583104, ""ap"": 0.8868882194493962, ""neg_fail"": 0.0, ""n_test"": 330}, ""targets"": {""auc"": 0.800065306122449, ""ap"": 0.7992852653934945, ""neg_fail"": 0.0, ""n_test"": 175}}"
distmult,"DistMult (relation types, no propagation)",0.0,23,59584,0.8872873435810498,0.8858848141146818,0.8668254589399893,0.20883482694625854,0.44788087056128295,0.5864353775978088,0.9674684994272623,0.3267573416233063,"{""hasForce"": {""auc"": 0.951280276816609, ""ap"": 0.9579145423765785, ""neg_fail"": 0.0, ""n_test"": 170}, ""hasIntensity"": {""auc"": 0.8327836734693878, ""ap"": 0.7521421518807523, ""neg_fail"": 0.0, ""n_test"": 175}, ""hasMechanic"": {""auc"": 0.9777279282166319, ""ap"": 0.9775004440114212, ""neg_fail"": 0.0, ""n_test"": 158}, ""hasType"": {""auc"": 0.9504326530612245, ""ap"": 0.9387608017977709, ""neg_fail"": 0.0, ""n_test"": 175}, ""isVariationOf"": {""auc"": 0.7085798816568049, ""ap"": 0.7691030409913889, ""neg_fail"": 0.0, ""n_test"": 26}, ""recruits"": {""auc"": 0.8401630532933152, ""ap"": 0.8316940126094068, ""neg_fail"": 0.0, ""n_test"": 341}, ""requires"": {""auc"": 0.7584, ""ap"": 0.7138176684259203, ""neg_fail"": 0.0, ""n_test"": 175}, ""supportsGoal"": {""auc"": 0.9479155188246097, ""ap"": 0.9321380672349054, ""neg_fail"": 0.0, ""n_test"": 330}, ""targets"": {""auc"": 0.7484081632653061, ""ap"": 0.7462151921942765, ""neg_fail"": 0.0, ""n_test"": 175}}"
distmult,"DistMult (relation types, no propagation)",0.0,24,59584,0.8730690443977157,0.8861889519008612,0.8675100730832219,0.2614482641220093,0.4925544100801833,0.6157098412513733,0.9709049255441008,0.3216390907764435,"{""hasForce"": {""auc"": 0.8756747404844291, ""ap"": 0.8797173375136721, ""neg_fail"": 0.0, ""n_test"": 170}, ""hasIntensity"": {""auc"": 0.857404081632653, ""ap"": 0.8124730779685605, ""neg_fail"": 0.0, ""n_test"": 175}, ""hasMechanic"": {""auc"": 0.9568578753404904, ""ap"": 0.9596858540293144, ""neg_fail"": 0.0, ""n_test"": 158}, ""hasType"": {""auc"": 0.9591510204081632, ""ap"": 0.94823784159776, ""neg_fail"": 0.0, ""n_test"": 175}, ""isVariationOf"": {""auc"": 0.7781065088757396, ""ap"": 0.7275522713751472, ""neg_fail"": 0.0, ""n_test"": 26}, ""recruits"": {""auc"": 0.867226804035053, ""ap"": 0.8678268721899374, ""neg_fail"": 0.0, ""n_test"": 341}, ""requires"": {""auc"": 0.7286530612244898, ""ap"": 0.6793494188483216, ""neg_fail"": 0.0, ""n_test"": 175}, ""supportsGoal"": {""auc"": 0.9420844811753903, ""ap"": 0.9158095269896566, ""neg_fail"": 0.0, ""n_test"": 330}, ""targets"": {""auc"": 0.8420244897959184, ""ap"": 0.8190865514784719, ""neg_fail"": 0.0, ""n_test"": 175}}"
distmult,"DistMult (relation types, no propagation)",0.0,25,59584,0.8904510408006912,0.8631017013232514,0.8300365045626257,0.26687702536582947,0.49690721649484537,0.7360526323318481,0.9656357388316151,0.37997761368751526,"{""hasForce"": {""auc"": 0.8976816608996541, ""ap"": 0.8918670777933204, ""neg_fail"": 0.0, ""n_test"": 170}, ""hasIntensity"": {""auc"": 0.795069387755102, ""ap"": 0.7462085860992855, ""neg_fail"": 0.0, ""n_test"": 175}, ""hasMechanic"": {""auc"": 0.9482454734818138, ""ap"": 0.9476636081122066, ""neg_fail"": 0.0, ""n_test"": 158}, ""hasType"": {""auc"": 0.9561469387755102, ""ap"": 0.9297491945690526, ""neg_fail"": 0.0, ""n_test"": 175}, ""isVariationOf"": {""auc"": 0.8890532544378699, ""ap"": 0.8829729112941082, ""neg_fail"": 0.0, ""n_test"": 26}, ""recruits"": {""auc"": 0.8222581505147014, ""ap"": 0.8054711351726553, ""neg_fail"": 0.0, ""n_test"": 341}, ""requires"": {""auc"": 0.6880979591836736, ""ap"": 0.6878206391189231, ""neg_fail"": 0.0, ""n_test"": 175}, ""supportsGoal"": {""auc"": 0.9243709825528008, ""ap"": 0.870384449367127, ""neg_fail"": 0.0, ""n_test"": 330}, ""targets"": {""auc"": 0.8000979591836735, ""ap"": 0.7490088861830713, ""neg_fail"": 0.0, ""n_test"": 175}}"
distmult,"DistMult (relation types, no propagation)",0.0,26,59584,0.89397063697763,0.8748676328502416,0.841036976751515,0.28780367970466614,0.518213058419244,0.7432196140289307,0.96815578465063,0.38326743245124817,"{""hasForce"": {""auc"": 0.892249134948097, ""ap"": 0.9019595377712486, ""neg_fail"": 0.0, ""n_test"": 170}, ""hasIntensity"": {""auc"": 0.8997224489795917, ""ap"": 0.852510380920254, ""neg_fail"": 0.0, ""n_test"": 175}, ""hasMechanic"": {""auc"": 0.9433584361480531, ""ap"": 0.9435748728476749, ""neg_fail"": 0.0, ""n_test"": 158}, ""hasType"": {""auc"": 0.9231673469387754, ""ap"": 0.8857106350181724, ""neg_fail"": 0.0, ""n_test"": 175}, ""isVariationOf"": {""auc"": 0.7544378698224853, ""ap"": 0.7670738243846984, ""neg_fail"": 0.0, ""n_test"": 26}, ""recruits"": {""auc"": 0.8456325624994626, ""ap"": 0.8430383606250671, ""neg_fail"": 0.0, ""n_test"": 341}, ""requires"": {""auc"": 0.7693387755102041, ""ap"": 0.7393071380902367, ""neg_fail"": 0.0, ""n_test"": 175}, ""supportsGoal"": {""auc"": 0.924141414141414, ""ap"": 0.8715194683223366, ""neg_fail"": 0.0, ""n_test"": 330}, ""targets"": {""auc"": 0.774595918367347, ""ap"": 0.753419593772352, ""neg_fail"": 0.0, ""n_test"": 175}}"
distmult,"DistMult (relation types, no propagation)",0.0,27,59584,0.8865157763759163,0.8781718126444024,0.8517697392405521,0.2251131534576416,0.44971363115693014,0.5853770971298218,0.961512027491409,0.31541314721107483,"{""hasForce"": {""auc"": 0.9003460207612456, ""ap"": 0.8863520585644091, ""neg_fail"": 0.0, ""n_test"": 170}, ""hasIntensity"": {""auc"": 0.8630204081632653, ""ap"": 0.7801591509554024, ""neg_fail"": 0.0, ""n_test"": 175}, ""hasMechanic"": {""auc"": 0.9354670725845218, ""ap"": 0.9336517970112078, ""neg_fail"": 0.0, ""n_test"": 158}, ""hasType"": {""auc"": 0.9312979591836734, ""ap"": 0.900061783291903, ""neg_fail"": 0.0, ""n_test"": 175}, ""isVariationOf"": {""auc"": 0.5665680473372781, ""ap"": 0.549233786481205, ""neg_fail"": 0.0, ""n_test"": 26}, ""recruits"": {""auc"": 0.8433364006157498, ""ap"": 0.8381982871609017, ""neg_fail"": 0.0, ""n_test"": 341}, ""requires"": {""auc"": 0.736, ""ap"": 0.7295780899285319, ""neg_fail"": 0.0, ""n_test"": 175}, ""supportsGoal"": {""auc"": 0.946831955922865, ""ap"": 0.9092433291803987, ""neg_fail"": 0.0, ""n_test"": 330}, ""targets"": {""auc"": 0.8215836734693878, ""ap"": 0.8051342348494752, ""neg_fail"": 0.0, ""n_test"": 175}}"
distmult,"DistMult (relation types, no propagation)",0.0,28,59584,0.9077325161241244,0.8871514387733669,0.8644363714106182,0.26879817247390747,0.5081328751431844,0.7017769813537598,0.9683848797250859,0.37301066517829895,"{""hasForce"": {""auc"": 0.8966435986159171, ""ap"": 0.8932372567588919, ""neg_fail"": 0.0, ""n_test"": 170}, ""hasIntensity"": {""auc"": 0.8894693877551021, ""ap"": 0.8340589885403094, ""neg_fail"": 0.0, ""n_test"": 175}, ""hasMechanic"": {""auc"": 0.9750841211344335, ""ap"": 0.9743884584493768, ""neg_fail"": 0.0, ""n_test"": 158}, ""hasType"": {""auc"": 0.9412897959183673, ""ap"": 0.8983816105852236, ""neg_fail"": 0.0, ""n_test"": 175}, ""isVariationOf"": {""auc"": 0.7470414201183432, ""ap"": 0.7863619121267796, ""neg_fail"": 0.0, ""n_test"": 26}, ""recruits"": {""auc"": 0.8510504725621555, ""ap"": 0.8419092650283486, ""neg_fail"": 0.0, ""n_test"": 341}, ""requires"": {""auc"": 0.7537306122448979, ""ap"": 0.7439059080920679, ""neg_fail"": 0.0, ""n_test"": 175}, ""supportsGoal"": {""auc"": 0.952534435261708, ""ap"": 0.9345474551435249, ""neg_fail"": 0.0, ""n_test"": 330}, ""targets"": {""auc"": 0.8082285714285714, ""ap"": 0.7899315595009822, ""neg_fail"": 0.0, ""n_test"": 175}}"
distmult,"DistMult (relation types, no propagation)",0.0,29,59584,0.8997832004825012,0.878568031926066,0.8535243709208697,0.26105445623397827,0.49782359679266897,0.692223072052002,0.9690721649484536,0.388022243976593,"{""hasForce"": {""auc"": 0.9490311418685122, ""ap"": 0.9481368802830137, ""neg_fail"": 0.0, ""n_test"": 170}, ""hasIntensity"": {""auc"": 0.8517224489795918, ""ap"": 0.7904692796803574, ""neg_fail"": 0.0, ""n_test"": 175}, ""hasMechanic"": {""auc"": 0.9715590450248357, ""ap"": 0.9726216982741646, ""neg_fail"": 0.0, ""n_test"": 158}, ""hasType"": {""auc"": 0.9606530612244897, ""ap"": 0.9400852369000774, ""neg_fail"": 0.0, ""n_test"": 175}, ""isVariationOf"": {""auc"": 0.849112426035503, ""ap"": 0.8657066858173237, ""neg_fail"": 0.0, ""n_test"": 26}, ""recruits"": {""auc"": 0.8418314255983351, ""ap"": 0.8243409984592448, ""neg_fail"": 0.0, ""n_test"": 341}, ""requires"": {""auc"": 0.6937795918367347, ""ap"": 0.6771410256478592, ""neg_fail"": 0.0, ""n_test"": 175}, ""supportsGoal"": {""auc"": 0.9336914600550964, ""ap"": 0.9061193722913874, ""neg_fail"": 0.0, ""n_test"": 330}, ""targets"": {""auc"": 0.7728979591836733, ""ap"": 0.7908560805564822, ""neg_fail"": 0.0, ""n_test"": 175}}"
distmult,"DistMult (relation types, no propagation)",0.3,0,59584,0.8782173537418293,0.853561856752783,0.8221997958757136,0.4358680844306946,0.7873997709049255,0.30241674184799194,0.9019473081328752,0.1256454586982727,"{""hasForce"": {""auc"": 0.9114186851211071, ""ap"": 0.8867945301750323, ""neg_fail"": 0.0, ""n_test"": 170}, ""hasIntensity"": {""auc"": 0.7433795918367347, ""ap"": 0.6612000594909666, ""neg_fail"": 0.0, ""n_test"": 175}, ""hasMechanic"": {""auc"": 0.8988543502643808, ""ap"": 0.9020871678605938, ""neg_fail"": 0.0, ""n_test"": 158}, ""hasType"": {""auc"": 0.9277061224489795, ""ap"": 0.8918539550773581, ""neg_fail"": 0.0, ""n_test"": 175}, ""isVariationOf"": {""auc"": 0.8875739644970415, ""ap"": 0.8929866648770142, ""neg_fail"": 0.0, ""n_test"": 26}, ""recruits"": {""auc"": 0.8528134432968413, ""ap"": 0.8508634967830462, ""neg_fail"": 0.0, ""n_test"": 341}, ""requires"": {""auc"": 0.7270530612244899, ""ap"": 0.7353049107622897, ""neg_fail"": 0.0, ""n_test"": 175}, ""supportsGoal"": {""auc"": 0.9035812672176309, ""ap"": 0.8516415745622681, ""neg_fail"": 0.0, ""n_test"": 330}, ""targets"": {""auc"": 0.7772734693877551, ""ap"": 0.7460031975109924, ""neg_fail"": 0.0, ""n_test"": 175}}"
distmult,"DistMult (relation types, no propagation)",0.3,1,59584,0.8775952097630421,0.8594853182104601,0.8280735760971585,0.43817177414894104,0.8018327605956472,0.32008498907089233,0.8980526918671249,0.13566815853118896,"{""hasForce"": {""auc"": 0.9324221453287197, ""ap"": 0.9109887626279719, ""neg_fail"": 0.0, ""n_test"": 170}, ""hasIntensity"": {""auc"": 0.804930612244898, ""ap"": 0.7247203994856971, ""neg_fail"": 0.0, ""n_test"": 175}, ""hasMechanic"": {""auc"": 0.9320621695241148, ""ap"": 0.934727910683856, ""neg_fail"": 0.0, ""n_test"": 158}, ""hasType"": {""auc"": 0.9327020408163266, ""ap"": 0.8978130738629857, ""neg_fail"": 0.0, ""n_test"": 175}, ""isVariationOf"": {""auc"": 0.900887573964497, ""ap"": 0.8940605521273925, ""neg_fail"": 0.0, ""n_test"": 26}, ""recruits"": {""auc"": 0.8322683843448198, ""ap"": 0.8406264463772146, ""neg_fail"": 0.0, ""n_test"": 341}, ""requires"": {""auc"": 0.6910367346938775, ""ap"": 0.6995444709081083, ""neg_fail"": 0.0, ""n_test"": 175}, ""supportsGoal"": {""auc"": 0.9031955922865014, ""ap"": 0.8512130115242893, ""neg_fail"": 0.0, ""n_test"": 330}, ""targets"": {""auc"": 0.8454857142857143, ""ap"": 0.8357106053243261, ""neg_fail"": 0.0, ""n_test"": 175}}"
distmult,"DistMult (relation types, no propagation)",0.3,2,59584,0.8788204802190815,0.8648596513337534,0.8470667920178085,0.44625547528266907,0.768384879725086,0.35035422444343567,0.9065292096219931,0.1460089385509491,"{""hasForce"": {""auc"": 0.9077162629757786, ""ap"": 0.8964677212010049, ""neg_fail"": 0.0, ""n_test"": 170}, ""hasIntensity"": {""auc"": 0.7344979591836734, ""ap"": 0.6970592361873282, ""neg_fail"": 0.0, ""n_test"": 175}, ""hasMechanic"": {""auc"": 0.8563130908508252, ""ap"": 0.8500040096619768, ""neg_fail"": 0.0, ""n_test"": 158}, ""hasType"": {""auc"": 0.9283918367346938, ""ap"": 0.9003975901854533, ""neg_fail"": 0.0, ""n_test"": 175}, ""isVariationOf"": {""auc"": 0.8816568047337279, ""ap"": 0.895874788788376, ""neg_fail"": 0.0, ""n_test"": 26}, ""recruits"": {""auc"": 0.8559351914758215, ""ap"": 0.8630656102119639, ""neg_fail"": 0.0, ""n_test"": 341}, ""requires"": {""auc"": 0.7620571428571429, ""ap"": 0.7364254810224121, ""neg_fail"": 0.0, ""n_test"": 175}, ""supportsGoal"": {""auc"": 0.946097337006428, ""ap"": 0.9172099697767291, ""neg_fail"": 0.0, ""n_test"": 330}, ""targets"": {""auc"": 0.7910204081632654, ""ap"": 0.7969720978290284, ""neg_fail"": 0.0, ""n_test"": 175}}"
distmult,"DistMult (relation types, no propagation)",0.3,3,59584,0.8498445998445999,0.8435696702373452,0.8230367454316102,0.45671817660331726,0.7864833906071019,0.3123093843460083,0.8943871706758305,0.12967585027217865,"{""hasForce"": {""auc"": 0.8835640138408305, ""ap"": 0.8809492624691444, ""neg_fail"": 0.0, ""n_test"": 170}, ""hasIntensity"": {""auc"": 0.7165061224489796, ""ap"": 0.6626269680154088, ""neg_fail"": 0.0, ""n_test"": 175}, ""hasMechanic"": {""auc"": 0.870773914436789, ""ap"": 0.8696211134289007, ""neg_fail"": 0.0, ""n_test"": 158}, ""hasType"": {""auc"": 0.911934693877551, ""ap"": 0.8785338169466105, ""neg_fail"": 0.0, ""n_test"": 175}, ""isVariationOf"": {""auc"": 0.8431952662721893, ""ap"": 0.8008173124102452, ""neg_fail"": 0.0, ""n_test"": 26}, ""recruits"": {""auc"": 0.8595557313748592, ""ap"": 0.867141192909104, ""neg_fail"": 0.0, ""n_test"": 341}, ""requires"": {""auc"": 0.6459755102040816, ""ap"": 0.5994993984918989, ""neg_fail"": 0.0, ""n_test"": 175}, ""supportsGoal"": {""auc"": 0.9182920110192838, ""ap"": 0.8754152760646975, ""neg_fail"": 0.0, ""n_test"": 330}, ""targets"": {""auc"": 0.7810938775510203, ""ap"": 0.7770077694852049, ""neg_fail"": 0.0, ""n_test"": 175}}"
distmult,"DistMult (relation types, no propagation)",0.3,4,59584,0.8694244760678328,0.8486976685570259,0.8188052285806535,0.43369629979133606,0.7830469644902635,0.322174996137619,0.9065292096219931,0.13345761597156525,"{""hasForce"": {""auc"": 0.8883044982698962, ""ap"": 0.8699096279606747, ""neg_fail"": 0.0, ""n_test"": 170}, ""hasIntensity"": {""auc"": 0.7334530612244898, ""ap"": 0.6759454614785185, ""neg_fail"": 0.0, ""n_test"": 175}, ""hasMechanic"": {""auc"": 0.8883992949847781, ""ap"": 0.8872957027121101, ""neg_fail"": 0.0, ""n_test"": 158}, ""hasType"": {""auc"": 0.9188244897959184, ""ap"": 0.8945930441671869, ""neg_fail"": 0.0, ""n_test"": 175}, ""isVariationOf"": {""auc"": 0.9068047337278107, ""ap"": 0.921447712134454, ""neg_fail"": 0.0, ""n_test"": 26}, ""recruits"": {""auc"": 0.8401372537215883, ""ap"": 0.8102426254309889, ""neg_fail"": 0.0, ""n_test"": 341}, ""requires"": {""auc"": 0.683591836734694, ""ap"": 0.6727829253735171, ""neg_fail"": 0.0, ""n_test"": 175}, ""supportsGoal"": {""auc"": 0.9288062442607897, ""ap"": 0.8907062573206843, ""neg_fail"": 0.0, ""n_test"": 330}, ""targets"": {""auc"": 0.8118530612244897, ""ap"": 0.816269183050728, ""neg_fail"": 0.0, ""n_test"": 175}}"
distmult,"DistMult (relation types, no propagation)",0.3,5,59584,0.8427605805228183,0.8339710144927537,0.8018016033873856,0.4249872863292694,0.7656357388316152,0.27230870723724365,0.8898052691867124,0.1063573881983757,"{""hasForce"": {""auc"": 0.8322145328719723, ""ap"": 0.8253367210712155, ""neg_fail"": 0.0, ""n_test"": 170}, ""hasIntensity"": {""auc"": 0.7193142857142857, ""ap"": 0.6625635181683135, ""neg_fail"": 0.0, ""n_test"": 175}, ""hasMechanic"": {""auc"": 0.8858356032687069, ""ap"": 0.8872234197084552, ""neg_fail"": 0.0, ""n_test"": 158}, ""hasType"": {""auc"": 0.9164408163265306, ""ap"": 0.8667686041893748, ""neg_fail"": 0.0, ""n_test"": 175}, ""isVariationOf"": {""auc"": 0.8890532544378699, ""ap"": 0.8793524193035931, ""neg_fail"": 0.0, ""n_test"": 26}, ""recruits"": {""auc"": 0.8453831666394338, ""ap"": 0.8443852441801574, ""neg_fail"": 0.0, ""n_test"": 341}, ""requires"": {""auc"": 0.6617795918367348, ""ap"": 0.6447257389881298, ""neg_fail"": 0.0, ""n_test"": 175}, ""supportsGoal"": {""auc"": 0.8882828282828282, ""ap"": 0.8285677174014284, ""neg_fail"": 0.0, ""n_test"": 330}, ""targets"": {""auc"": 0.7987591836734693, ""ap"": 0.7909434790434393, ""neg_fail"": 0.0, ""n_test"": 175}}"
distmult,"DistMult (relation types, no propagation)",0.3,6,59584,0.8558160953265849,0.857100609115732,0.8442033654939682,0.4436977803707123,0.7876288659793814,0.30778753757476807,0.8989690721649485,0.1214447021484375,"{""hasForce"": {""auc"": 0.9464013840830451, ""ap"": 0.9459565873288867, ""neg_fail"": 0.0, ""n_test"": 170}, ""hasIntensity"": {""auc"": 0.7526204081632653, ""ap"": 0.7180881442746928, ""neg_fail"": 0.0, ""n_test"": 175}, ""hasMechanic"": {""auc"": 0.8992549270950168, ""ap"": 0.8935211352447537, ""neg_fail"": 0.0, ""n_test"": 158}, ""hasType"": {""auc"": 0.9465142857142856, ""ap"": 0.9320861678094662, ""neg_fail"": 0.0, ""n_test"": 175}, ""isVariationOf"": {""auc"": 0.8091715976331361, ""ap"": 0.814238415192576, ""neg_fail"": 0.0, ""n_test"": 26}, ""recruits"": {""auc"": 0.8469741402292722, ""ap"": 0.8567067639545899, ""neg_fail"": 0.0, ""n_test"": 341}, ""requires"": {""auc"": 0.6745142857142858, ""ap"": 0.6691308557595689, ""neg_fail"": 0.0, ""n_test"": 175}, ""supportsGoal"": {""auc"": 0.9216437098255281, ""ap"": 0.8930590132433966, ""neg_fail"": 0.0030303029343485832, ""n_test"": 330}, ""targets"": {""auc"": 0.7948081632653061, ""ap"": 0.7985352659663505, ""neg_fail"": 0.0, ""n_test"": 175}}"
distmult,"DistMult (relation types, no propagation)",0.3,7,59584,0.8610690009291407,0.8545350976685571,0.8357833960228822,0.44096651673316956,0.7741122565864834,0.2991926670074463,0.9008018327605957,0.13310489058494568,"{""hasForce"": {""auc"": 0.8994809688581314, ""ap"": 0.893906946100167, ""neg_fail"": 0.0, ""n_test"": 170}, ""hasIntensity"": {""auc"": 0.7515102040816326, ""ap"": 0.7013687013783767, ""neg_fail"": 0.0, ""n_test"": 175}, ""hasMechanic"": {""auc"": 0.9147171927575709, ""ap"": 0.9130119732476425, ""neg_fail"": 0.0, ""n_test"": 158}, ""hasType"": {""auc"": 0.9199673469387756, ""ap"": 0.8970450227744429, ""neg_fail"": 0.0, ""n_test"": 175}, ""isVariationOf"": {""auc"": 0.8180473372781064, ""ap"": 0.8308631981485648, ""neg_fail"": 0.0, ""n_test"": 26}, ""recruits"": {""auc"": 0.84827271867287, ""ap"": 0.850379547423003, ""neg_fail"": 0.0, ""n_test"": 341}, ""requires"": {""auc"": 0.6951510204081632, ""ap"": 0.6753904846196085, ""neg_fail"": 0.0, ""n_test"": 175}, ""supportsGoal"": {""auc"": 0.9236914600550964, ""ap"": 0.8898130486985933, ""neg_fail"": 0.0, ""n_test"": 330}, ""targets"": {""auc"": 0.7964734693877551, ""ap"": 0.8205546191121456, ""neg_fail"": 0.0, ""n_test"": 175}}"
distmult,"DistMult (relation types, no propagation)",0.3,8,59584,0.867915301481735,0.8638817055240495,0.8435062451033914,0.4405556917190552,0.786254295532646,0.30931586027145386,0.8994272623138603,0.1349230408668518,"{""hasForce"": {""auc"": 0.9138754325259516, ""ap"": 0.906678485558561, ""neg_fail"": 0.0, ""n_test"": 170}, ""hasIntensity"": {""auc"": 0.7482122448979591, ""ap"": 0.7113003859776603, ""neg_fail"": 0.0, ""n_test"": 175}, ""hasMechanic"": {""auc"": 0.8860759493670886, ""ap"": 0.8829502575769942, ""neg_fail"": 0.0, ""n_test"": 158}, ""hasType"": {""auc"": 0.9493877551020409, ""ap"": 0.9365977237508802, ""neg_fail"": 0.0, ""n_test"": 175}, ""isVariationOf"": {""auc"": 0.7869822485207101, ""ap"": 0.7211731931366422, ""neg_fail"": 0.0, ""n_test"": 26}, ""recruits"": {""auc"": 0.8457099612146437, ""ap"": 0.8480147396994898, ""neg_fail"": 0.0, ""n_test"": 341}, ""requires"": {""auc"": 0.6931265306122449, ""ap"": 0.6723036477940578, ""neg_fail"": 0.0, ""n_test"": 175}, ""supportsGoal"": {""auc"": 0.9250229568411387, ""ap"": 0.8827895192013099, ""neg_fail"": 0.0, ""n_test"": 330}, ""targets"": {""auc"": 0.8525387755102041, ""ap"": 0.866405362733998, ""neg_fail"": 0.0, ""n_test"": 175}}"
distmult,"DistMult (relation types, no propagation)",0.3,9,59584,0.8670798898071626,0.8526773366939718,0.8252264591587503,0.43313875794410706,0.7949599083619702,0.2970757484436035,0.8868270332187858,0.1172826737165451,"{""hasForce"": {""auc"": 0.8706574394463668, ""ap"": 0.8295344801706086, ""neg_fail"": 0.0, ""n_test"": 170}, ""hasIntensity"": {""auc"": 0.8074122448979592, ""ap"": 0.719542354921809, ""neg_fail"": 0.0, ""n_test"": 175}, ""hasMechanic"": {""auc"": 0.8789857394648294, ""ap"": 0.8678684837956836, ""neg_fail"": 0.0, ""n_test"": 158}, ""hasType"": {""auc"": 0.9091265306122449, ""ap"": 0.8658485062604612, ""neg_fail"": 0.0, ""n_test"": 175}, ""isVariationOf"": {""auc"": 0.8727810650887573, ""ap"": 0.9046676862972797, ""neg_fail"": 0.0, ""n_test"": 26}, ""recruits"": {""auc"": 0.8471289376596348, ""ap"": 0.8518145270745925, ""neg_fail"": 0.0, ""n_test"": 341}, ""requires"": {""auc"": 0.6542040816326532, ""ap"": 0.6543597651853439, ""neg_fail"": 0.0, ""n_test"": 175}, ""supportsGoal"": {""auc"": 0.9343067033976125, ""ap"": 0.8865378962177511, ""neg_fail"": 0.0, ""n_test"": 330}, ""targets"": {""auc"": 0.7993469387755103, ""ap"": 0.7869083638609417, ""neg_fail"": 0.0, ""n_test"": 175}}"
distmult,"DistMult (relation types, no propagation)",0.3,10,59584,0.8674208464418254,0.8587164041167823,0.832429650471375,0.4452926814556122,0.7800687285223368,0.30486398935317993,0.902405498281787,0.12687671184539795,"{""hasForce"": {""auc"": 0.916159169550173, ""ap"": 0.8989079917136089, ""neg_fail"": 0.0, ""n_test"": 170}, ""hasIntensity"": {""auc"": 0.755134693877551, ""ap"": 0.7158954018258579, ""neg_fail"": 0.0, ""n_test"": 175}, ""hasMechanic"": {""auc"": 0.9352667841692037, ""ap"": 0.9360799558919872, ""neg_fail"": 0.0, ""n_test"": 158}, ""hasType"": {""auc"": 0.9440326530612245, ""ap"": 0.9217883405792442, ""neg_fail"": 0.0, ""n_test"": 175}, ""isVariationOf"": {""auc"": 0.886094674556213, ""ap"": 0.8440719872732169, ""neg_fail"": 0.0, ""n_test"": 26}, ""recruits"": {""auc"": 0.8401372537215883, ""ap"": 0.8501468524170819, ""neg_fail"": 0.0, ""n_test"": 341}, ""requires"": {""auc"": 0.6980571428571429, ""ap"": 0.692700437648345, ""neg_fail"": 0.0, ""n_test"": 175}, ""supportsGoal"": {""auc"": 0.8971258034894399, ""ap"": 0.8415040555600596, ""neg_fail"": 0.0, ""n_test"": 330}, ""targets"": {""auc"": 0.8325224489795918, ""ap"": 0.8266331192978612, ""neg_fail"": 0.0, ""n_test"": 175}}"
distmult,"DistMult (relation types, no propagation)",0.3,11,59584,0.8756486326416395,0.8583342995169082,0.8325489922374394,0.43110623955726624,0.7919816723940435,0.3162858486175537,0.906758304696449,0.13433869183063507,"{""hasForce"": {""auc"": 0.8719031141868512, ""ap"": 0.8534490855547702, ""neg_fail"": 0.0, ""n_test"": 170}, ""hasIntensity"": {""auc"": 0.7504, ""ap"": 0.7186128463148067, ""neg_fail"": 0.0, ""n_test"": 175}, ""hasMechanic"": {""auc"": 0.9450008011536613, ""ap"": 0.9440730586303169, ""neg_fail"": 0.0, ""n_test"": 158}, ""hasType"": {""auc"": 0.9194122448979593, ""ap"": 0.8818963881165346, ""neg_fail"": 0.0, ""n_test"": 175}, ""isVariationOf"": {""auc"": 0.8624260355029585, ""ap"": 0.7928531705827876, ""neg_fail"": 0.0, ""n_test"": 26}, ""recruits"": {""auc"": 0.8609661079626079, ""ap"": 0.8639716167333533, ""neg_fail"": 0.0, ""n_test"": 341}, ""requires"": {""auc"": 0.6785959183673469, ""ap"": 0.681524072616512, ""neg_fail"": 0.0, ""n_test"": 175}, ""supportsGoal"": {""auc"": 0.9310743801652892, ""ap"": 0.8905055881449779, ""neg_fail"": 0.0, ""n_test"": 330}, ""targets"": {""auc"": 0.8056489795918367, ""ap"": 0.812231816603565, ""neg_fail"": 0.0, ""n_test"": 175}}"
distmult,"DistMult (relation types, no propagation)",0.3,12,59584,0.8689259458490228,0.8646307918504516,0.8397536703234683,0.4296935796737671,0.7873997709049255,0.3176029324531555,0.9092783505154639,0.15024800598621368,"{""hasForce"": {""auc"": 0.8734256055363322, ""ap"": 0.8570112156678089, ""neg_fail"": 0.0, ""n_test"": 170}, ""hasIntensity"": {""auc"": 0.8003265306122449, ""ap"": 0.7341191478701103, ""neg_fail"": 0.0, ""n_test"": 175}, ""hasMechanic"": {""auc"": 0.9241708059605832, ""ap"": 0.9236730327070156, ""neg_fail"": 0.0, ""n_test"": 158}, ""hasType"": {""auc"": 0.9260408163265307, ""ap"": 0.8954333105312325, ""neg_fail"": 0.0, ""n_test"": 175}, ""isVariationOf"": {""auc"": 0.8387573964497042, ""ap"": 0.8314526628103227, ""neg_fail"": 0.0, ""n_test"": 26}, ""recruits"": {""auc"": 0.8538712257376528, ""ap"": 0.8400818521588368, ""neg_fail"": 0.0, ""n_test"": 341}, ""requires"": {""auc"": 0.7209469387755102, ""ap"": 0.7129038721471775, ""neg_fail"": 0.0, ""n_test"": 175}, ""supportsGoal"": {""auc"": 0.9441322314049587, ""ap"": 0.9122366357844052, ""neg_fail"": 0.0, ""n_test"": 330}, ""targets"": {""auc"": 0.7768163265306123, ""ap"": 0.7798695160393617, ""neg_fail"": 0.0, ""n_test"": 175}}"
distmult,"DistMult (relation types, no propagation)",0.3,13,59584,0.8727294461560197,0.855495232094098,0.8297739249740539,0.4365449547767639,0.7846506300114547,0.2988226115703583,0.9104238258877434,0.1290571391582489,"{""hasForce"": {""auc"": 0.9131833910034602, ""ap"": 0.8784378939347947, ""neg_fail"": 0.0, ""n_test"": 170}, ""hasIntensity"": {""auc"": 0.7559836734693878, ""ap"": 0.7447024713346834, ""neg_fail"": 0.0, ""n_test"": 175}, ""hasMechanic"": {""auc"": 0.8975324467232816, ""ap"": 0.8900743538647816, ""neg_fail"": 0.0, ""n_test"": 158}, ""hasType"": {""auc"": 0.9412571428571429, ""ap"": 0.9117333545623658, ""neg_fail"": 0.0, ""n_test"": 175}, ""isVariationOf"": {""auc"": 0.8713017751479291, ""ap"": 0.8545185848459259, ""neg_fail"": 0.0, ""n_test"": 26}, ""recruits"": {""auc"": 0.8293616325968989, ""ap"": 0.8202229606453918, ""neg_fail"": 0.0, ""n_test"": 341}, ""requires"": {""auc"": 0.7333877551020407, ""ap"": 0.7231890090528589, ""neg_fail"": 0.0, ""n_test"": 175}, ""supportsGoal"": {""auc"": 0.9199357208448118, ""ap"": 0.8714459659681713, ""neg_fail"": 0.0, ""n_test"": 330}, ""targets"": {""auc"": 0.7675755102040815, ""ap"": 0.7752771965001042, ""neg_fail"": 0.0, ""n_test"": 175}}"
distmult,"DistMult (relation types, no propagation)",0.3,14,59584,0.8721643546818373,0.8714034866624659,0.8487620276075403,0.4252515137195587,0.779610538373425,0.2896806597709656,0.8969072164948454,0.12606559693813324,"{""hasForce"": {""auc"": 0.867923875432526, ""ap"": 0.825347992965986, ""neg_fail"": 0.0, ""n_test"": 170}, ""hasIntensity"": {""auc"": 0.8584489795918367, ""ap"": 0.8238679292963169, ""neg_fail"": 0.0, ""n_test"": 175}, ""hasMechanic"": {""auc"": 0.875100144207659, ""ap"": 0.8843733292782412, ""neg_fail"": 0.0, ""n_test"": 158}, ""hasType"": {""auc"": 0.9480489795918368, ""ap"": 0.9277971844054712, ""neg_fail"": 0.0, ""n_test"": 175}, ""isVariationOf"": {""auc"": 0.7618343195266273, ""ap"": 0.6876058215788455, ""neg_fail"": 0.0, ""n_test"": 26}, ""recruits"": {""auc"": 0.8749150764097315, ""ap"": 0.8831728528696047, ""neg_fail"": 0.0, ""n_test"": 341}, ""requires"": {""auc"": 0.7587265306122449, ""ap"": 0.7357171660657281, ""neg_fail"": 0.0, ""n_test"": 175}, ""supportsGoal"": {""auc"": 0.9210560146923783, ""ap"": 0.8774126742421753, ""neg_fail"": 0.0, ""n_test"": 330}, ""targets"": {""auc"": 0.7495183673469389, ""ap"": 0.7572382527946504, ""neg_fail"": 0.0, ""n_test"": 175}}"
distmult,"DistMult (relation types, no propagation)",0.3,15,59584,0.8620280263636907,0.8466379332073095,0.8236056555302166,0.42061811685562134,0.7867124856815578,0.28625938296318054,0.9008018327605957,0.11790744215250015,"{""hasForce"": {""auc"": 0.9235294117647058, ""ap"": 0.9137171334676251, ""neg_fail"": 0.0, ""n_test"": 170}, ""hasIntensity"": {""auc"": 0.7600979591836735, ""ap"": 0.6883443944441614, ""neg_fail"": 0.0, ""n_test"": 175}, ""hasMechanic"": {""auc"": 0.8675692997917, ""ap"": 0.8641659356375322, ""neg_fail"": 0.0, ""n_test"": 158}, ""hasType"": {""auc"": 0.9058285714285713, ""ap"": 0.8743648303765685, ""neg_fail"": 0.0, ""n_test"": 175}, ""isVariationOf"": {""auc"": 0.8269230769230769, ""ap"": 0.8313940081701074, ""neg_fail"": 0.0, ""n_test"": 26}, ""recruits"": {""auc"": 0.8222065513712471, ""ap"": 0.8162036322330413, ""neg_fail"": 0.0, ""n_test"": 341}, ""requires"": {""auc"": 0.6831346938775511, ""ap"": 0.6958228149127054, ""neg_fail"": 0.0, ""n_test"": 175}, ""supportsGoal"": {""auc"": 0.9231129476584023, ""ap"": 0.883207255776739, ""neg_fail"": 0.0, ""n_test"": 330}, ""targets"": {""auc"": 0.7995755102040816, ""ap"": 0.8144253411956554, ""neg_fail"": 0.0, ""n_test"": 175}}"
distmult,"DistMult (relation types, no propagation)",0.3,16,59584,0.8769744241772214,0.8539883217811384,0.8311110337868997,0.4483106732368469,0.7846506300114547,0.3019663691520691,0.9122565864833906,0.1247536763548851,"{""hasForce"": {""auc"": 0.8794117647058824, ""ap"": 0.8827178207060619, ""neg_fail"": 0.0, ""n_test"": 170}, ""hasIntensity"": {""auc"": 0.6936816326530612, ""ap"": 0.6234780335993145, ""neg_fail"": 0.0, ""n_test"": 175}, ""hasMechanic"": {""auc"": 0.9438391283448165, ""ap"": 0.9334985150976248, ""neg_fail"": 0.0, ""n_test"": 158}, ""hasType"": {""auc"": 0.9263673469387755, ""ap"": 0.9016085239902604, ""neg_fail"": 0.0, ""n_test"": 175}, ""isVariationOf"": {""auc"": 0.8062130177514794, ""ap"": 0.7896837130987638, ""neg_fail"": 0.0, ""n_test"": 26}, ""recruits"": {""auc"": 0.8570531729173294, ""ap"": 0.8651276945710349, ""neg_fail"": 0.0, ""n_test"": 341}, ""requires"": {""auc"": 0.6978285714285715, ""ap"": 0.6781902824571118, ""neg_fail"": 0.0, ""n_test"": 175}, ""supportsGoal"": {""auc"": 0.9335812672176309, ""ap"": 0.890813055781334, ""neg_fail"": 0.0, ""n_test"": 330}, ""targets"": {""auc"": 0.7690122448979592, ""ap"": 0.7634209702112361, ""neg_fail"": 0.0, ""n_test"": 175}}"
distmult,"DistMult (relation types, no propagation)",0.3,17,59584,0.8557237246048435,0.8436704893929847,0.8292925203459057,0.42895469069480896,0.7805269186712486,0.2538701891899109,0.8895761741122565,0.10395701974630356,"{""hasForce"": {""auc"": 0.8868512110726644, ""ap"": 0.8694333974413756, ""neg_fail"": 0.0, ""n_test"": 170}, ""hasIntensity"": {""auc"": 0.7718857142857143, ""ap"": 0.7115283862799029, ""neg_fail"": 0.0, ""n_test"": 175}, ""hasMechanic"": {""auc"": 0.8999759653901618, ""ap"": 0.8954286354299965, ""neg_fail"": 0.0, ""n_test"": 158}, ""hasType"": {""auc"": 0.8994285714285715, ""ap"": 0.8836785477744259, ""neg_fail"": 0.0, ""n_test"": 175}, ""isVariationOf"": {""auc"": 0.8298816568047337, ""ap"": 0.8532040133319296, ""neg_fail"": 0.0, ""n_test"": 26}, ""recruits"": {""auc"": 0.8326725776352113, ""ap"": 0.8408954531031934, ""neg_fail"": 0.0, ""n_test"": 341}, ""requires"": {""auc"": 0.7083102040816327, ""ap"": 0.7191597054828197, ""neg_fail"": 0.0, ""n_test"": 175}, ""supportsGoal"": {""auc"": 0.9028282828282828, ""ap"": 0.8740290391135689, ""neg_fail"": 0.0, ""n_test"": 330}, ""targets"": {""auc"": 0.833404081632653, ""ap"": 0.8181676984832468, ""neg_fail"": 0.0, ""n_test"": 175}}"
distmult,"DistMult (relation types, no propagation)",0.3,18,59584,0.864037089561565,0.8673166141566897,0.8500219980506939,0.4486401081085205,0.7981672394043529,0.2901195287704468,0.8953035509736541,0.12154647707939148,"{""hasForce"": {""auc"": 0.8649134948096886, ""ap"": 0.8613683252150603, ""neg_fail"": 0.0, ""n_test"": 170}, ""hasIntensity"": {""auc"": 0.8228571428571428, ""ap"": 0.7677783979967094, ""neg_fail"": 0.0, ""n_test"": 175}, ""hasMechanic"": {""auc"": 0.9324627463547508, ""ap"": 0.9351428335619677, ""neg_fail"": 0.0, ""n_test"": 158}, ""hasType"": {""auc"": 0.9476244897959183, ""ap"": 0.9152167164393317, ""neg_fail"": 0.0, ""n_test"": 175}, ""isVariationOf"": {""auc"": 0.9630177514792899, ""ap"": 0.9747863247863247, ""neg_fail"": 0.0, ""n_test"": 26}, ""recruits"": {""auc"": 0.8450305724924966, ""ap"": 0.8580397238753441, ""neg_fail"": 0.0, ""n_test"": 341}, ""requires"": {""auc"": 0.7049142857142856, ""ap"": 0.7211596866029887, ""neg_fail"": 0.0, ""n_test"": 175}, ""supportsGoal"": {""auc"": 0.9194306703397613, ""ap"": 0.877337572758493, ""neg_fail"": 0.0, ""n_test"": 330}, ""targets"": {""auc"": 0.8506775510204082, ""ap"": 0.8320719098723148, ""neg_fail"": 0.0, ""n_test"": 175}}"
distmult,"DistMult (relation types, no propagation)",0.3,19,59584,0.8811895175531539,0.8596805713085486,0.8402729912032825,0.43612807989120483,0.797938144329897,0.2828912138938904,0.897823596792669,0.1284063458442688,"{""hasForce"": {""auc"": 0.8850865051903114, ""ap"": 0.865975510816586, ""neg_fail"": 0.0, ""n_test"": 170}, ""hasIntensity"": {""auc"": 0.7809632653061225, ""ap"": 0.7147215615531138, ""neg_fail"": 0.0, ""n_test"": 175}, ""hasMechanic"": {""auc"": 0.9284169203653261, ""ap"": 0.9293525047166458, ""neg_fail"": 0.0, ""n_test"": 158}, ""hasType"": {""auc"": 0.9303183673469387, ""ap"": 0.9198100939797691, ""neg_fail"": 0.0, ""n_test"": 175}, ""isVariationOf"": {""auc"": 0.8210059171597633, ""ap"": 0.8591490722804926, ""neg_fail"": 0.0, ""n_test"": 26}, ""recruits"": {""auc"": 0.8542840188852865, ""ap"": 0.8636892930018156, ""neg_fail"": 0.0, ""n_test"": 341}, ""requires"": {""auc"": 0.7070367346938775, ""ap"": 0.6728904850114745, ""neg_fail"": 0.0, ""n_test"": 175}, ""supportsGoal"": {""auc"": 0.9202754820936638, ""ap"": 0.8713067387544023, ""neg_fail"": 0.0, ""n_test"": 330}, ""targets"": {""auc"": 0.7418122448979592, ""ap"": 0.7355550562847439, ""neg_fail"": 0.0, ""n_test"": 175}}"
distmult,"DistMult (relation types, no propagation)",0.3,20,59584,0.8725175368532012,0.8483545473639993,0.817485648805268,0.4426039457321167,0.7940435280641466,0.3171465992927551,0.8957617411225659,0.12929661571979523,"{""hasForce"": {""auc"": 0.8763321799307958, ""ap"": 0.8526284905889185, ""neg_fail"": 0.0, ""n_test"": 170}, ""hasIntensity"": {""auc"": 0.7113469387755103, ""ap"": 0.6796893904526262, ""neg_fail"": 0.0, ""n_test"": 175}, ""hasMechanic"": {""auc"": 0.9006970036853068, ""ap"": 0.901012225183567, ""neg_fail"": 0.0, ""n_test"": 158}, ""hasType"": {""auc"": 0.9322775510204082, ""ap"": 0.8951516322243014, ""neg_fail"": 0.0, ""n_test"": 175}, ""isVariationOf"": {""auc"": 0.7766272189349113, ""ap"": 0.7545754750655487, ""neg_fail"": 0.0, ""n_test"": 26}, ""recruits"": {""auc"": 0.8455293642125541, ""ap"": 0.8124310300488033, ""neg_fail"": 0.0, ""n_test"": 341}, ""requires"": {""auc"": 0.6949877551020408, ""ap"": 0.7256113023748028, ""neg_fail"": 0.0, ""n_test"": 175}, ""supportsGoal"": {""auc"": 0.9275573921028466, ""ap"": 0.8770690893122463, ""neg_fail"": 0.0, ""n_test"": 330}, ""targets"": {""auc"": 0.8078367346938776, ""ap"": 0.8176965328994956, ""neg_fail"": 0.0, ""n_test"": 175}}"
distmult,"DistMult (relation types, no propagation)",0.3,21,59584,0.8766253171847578,0.8613343415248897,0.8359357822086921,0.41954004764556885,0.7894616265750286,0.2664750814437866,0.9014891179839634,0.1102924793958664,"{""hasForce"": {""auc"": 0.9405882352941176, ""ap"": 0.9356600400182368, ""neg_fail"": 0.0, ""n_test"": 170}, ""hasIntensity"": {""auc"": 0.7630367346938776, ""ap"": 0.709935369206717, ""neg_fail"": 0.0, ""n_test"": 175}, ""hasMechanic"": {""auc"": 0.9389120333279923, ""ap"": 0.9321975554309001, ""neg_fail"": 0.0, ""n_test"": 158}, ""hasType"": {""auc"": 0.9486040816326532, ""ap"": 0.9313361717878539, ""neg_fail"": 0.0, ""n_test"": 175}, ""isVariationOf"": {""auc"": 0.8846153846153846, ""ap"": 0.9158144915454303, ""neg_fail"": 0.0, ""n_test"": 26}, ""recruits"": {""auc"": 0.8466989447975164, ""ap"": 0.8511706580240389, ""neg_fail"": 0.0, ""n_test"": 341}, ""requires"": {""auc"": 0.6829714285714286, ""ap"": 0.6624723393447483, ""neg_fail"": 0.0, ""n_test"": 175}, ""supportsGoal"": {""auc"": 0.9074747474747475, ""ap"": 0.8588512700029609, ""neg_fail"": 0.0, ""n_test"": 330}, ""targets"": {""auc"": 0.801273469387755, ""ap"": 0.7890316373261862, ""neg_fail"": 0.0, ""n_test"": 175}}"
distmult,"DistMult (relation types, no propagation)",0.3,22,59584,0.8836563591808346,0.865689056920815,0.8364325382714128,0.450504869222641,0.7848797250859106,0.289999395608902,0.90446735395189,0.13214752078056335,"{""hasForce"": {""auc"": 0.941833910034602, ""ap"": 0.9434809015363044, ""neg_fail"": 0.0, ""n_test"": 170}, ""hasIntensity"": {""auc"": 0.7701551020408164, ""ap"": 0.7099198737188414, ""neg_fail"": 0.0, ""n_test"": 175}, ""hasMechanic"": {""auc"": 0.9286973241467713, ""ap"": 0.9246277246198173, ""neg_fail"": 0.0, ""n_test"": 158}, ""hasType"": {""auc"": 0.920065306122449, ""ap"": 0.895194336432489, ""neg_fail"": 0.0, ""n_test"": 175}, ""isVariationOf"": {""auc"": 0.8683431952662722, ""ap"": 0.8964842494055386, ""neg_fail"": 0.0, ""n_test"": 26}, ""recruits"": {""auc"": 0.8504398826979472, ""ap"": 0.8578125972203005, ""neg_fail"": 0.0, ""n_test"": 341}, ""requires"": {""auc"": 0.6938448979591837, ""ap"": 0.6261870659580099, ""neg_fail"": 0.0, ""n_test"": 175}, ""supportsGoal"": {""auc"": 0.9296877869605142, ""ap"": 0.8840176046899506, ""neg_fail"": 0.0, ""n_test"": 330}, ""targets"": {""auc"": 0.8178285714285713, ""ap"": 0.8287274305240734, ""neg_fail"": 0.0, ""n_test"": 175}}"
distmult,"DistMult (relation types, no propagation)",0.3,23,59584,0.8638604984758831,0.8562809493803822,0.8278893624923798,0.4434460997581482,0.7759450171821306,0.3234255015850067,0.8969072164948454,0.13867232203483582,"{""hasForce"": {""auc"": 0.9406920415224914, ""ap"": 0.9324408061997289, ""neg_fail"": 0.0, ""n_test"": 170}, ""hasIntensity"": {""auc"": 0.7372081632653061, ""ap"": 0.6314504613667767, ""neg_fail"": 0.0, ""n_test"": 175}, ""hasMechanic"": {""auc"": 0.9224883832719115, ""ap"": 0.9264136233493356, ""neg_fail"": 0.0, ""n_test"": 158}, ""hasType"": {""auc"": 0.9242122448979592, ""ap"": 0.8878174981602407, ""neg_fail"": 0.0, ""n_test"": 175}, ""isVariationOf"": {""auc"": 0.8476331360946745, ""ap"": 0.8837776552039696, ""neg_fail"": 0.0, ""n_test"": 26}, ""recruits"": {""auc"": 0.839131070424231, ""ap"": 0.8470031413984616, ""neg_fail"": 0.0, ""n_test"": 341}, ""requires"": {""auc"": 0.7175183673469387, ""ap"": 0.7002243814962461, ""neg_fail"": 0.0, ""n_test"": 175}, ""supportsGoal"": {""auc"": 0.9231129476584021, ""ap"": 0.8818349363794256, ""neg_fail"": 0.0, ""n_test"": 330}, ""targets"": {""auc"": 0.7594775510204081, ""ap"": 0.7649698971566365, ""neg_fail"": 0.0, ""n_test"": 175}}"
distmult,"DistMult (relation types, no propagation)",0.3,24,59584,0.8505550393662282,0.8468311699222852,0.8287577905058057,0.433762788772583,0.7935853379152348,0.24648036062717438,0.8804123711340206,0.09533444792032242,"{""hasForce"": {""auc"": 0.8821453287197233, ""ap"": 0.8842756616578349, ""neg_fail"": 0.0, ""n_test"": 170}, ""hasIntensity"": {""auc"": 0.708995918367347, ""ap"": 0.6543860531620656, ""neg_fail"": 0.0, ""n_test"": 175}, ""hasMechanic"": {""auc"": 0.9128344816535812, ""ap"": 0.9157751748275254, ""neg_fail"": 0.0, ""n_test"": 158}, ""hasType"": {""auc"": 0.9197387755102041, ""ap"": 0.8718667616508223, ""neg_fail"": 0.0, ""n_test"": 175}, ""isVariationOf"": {""auc"": 0.8713017751479291, ""ap"": 0.8919604625660629, ""neg_fail"": 0.0, ""n_test"": 26}, ""recruits"": {""auc"": 0.8653778347279435, ""ap"": 0.8655510053295116, ""neg_fail"": 0.0, ""n_test"": 341}, ""requires"": {""auc"": 0.6292244897959184, ""ap"": 0.6255028816241277, ""neg_fail"": 0.0, ""n_test"": 175}, ""supportsGoal"": {""auc"": 0.897722681359045, ""ap"": 0.8597483378284193, ""neg_fail"": 0.0, ""n_test"": 330}, ""targets"": {""auc"": 0.8452897959183674, ""ap"": 0.8414877130302478, ""neg_fail"": 0.0, ""n_test"": 175}}"
distmult,"DistMult (relation types, no propagation)",0.3,25,59584,0.8787960291456796,0.857717286284394,0.8347429982655262,0.4532857835292816,0.797938144329897,0.34526973962783813,0.9026345933562429,0.14392809569835663,"{""hasForce"": {""auc"": 0.8731487889273356, ""ap"": 0.8730636255308001, ""neg_fail"": 0.0, ""n_test"": 170}, ""hasIntensity"": {""auc"": 0.7224163265306123, ""ap"": 0.6665682729850098, ""neg_fail"": 0.0, ""n_test"": 175}, ""hasMechanic"": {""auc"": 0.936989264540939, ""ap"": 0.9367842983744982, ""neg_fail"": 0.0, ""n_test"": 158}, ""hasType"": {""auc"": 0.9498448979591837, ""ap"": 0.9253952090076893, ""neg_fail"": 0.0, ""n_test"": 175}, ""isVariationOf"": {""auc"": 0.977810650887574, ""ap"": 0.9811577311577311, ""neg_fail"": 0.0, ""n_test"": 26}, ""recruits"": {""auc"": 0.8406102458699186, ""ap"": 0.8443675309759082, ""neg_fail"": 0.0, ""n_test"": 341}, ""requires"": {""auc"": 0.7013551020408164, ""ap"": 0.6837902248842012, ""neg_fail"": 0.0, ""n_test"": 175}, ""supportsGoal"": {""auc"": 0.9185399449035812, ""ap"": 0.8661825020090748, ""neg_fail"": 0.0, ""n_test"": 330}, ""targets"": {""auc"": 0.8258612244897959, ""ap"": 0.8108645817605036, ""neg_fail"": 0.0, ""n_test"": 175}}"
distmult,"DistMult (relation types, no propagation)",0.3,26,59584,0.8636417972082306,0.8504176433522369,0.8264627233202755,0.43564683198928833,0.7940435280641466,0.32028838992118835,0.8875143184421534,0.13287241756916046,"{""hasForce"": {""auc"": 0.8361245674740485, ""ap"": 0.8145926470140445, ""neg_fail"": 0.0, ""n_test"": 170}, ""hasIntensity"": {""auc"": 0.7911836734693878, ""ap"": 0.7367437436998099, ""neg_fail"": 0.0, ""n_test"": 175}, ""hasMechanic"": {""auc"": 0.8927655824387117, ""ap"": 0.894874820798743, ""neg_fail"": 0.0, ""n_test"": 158}, ""hasType"": {""auc"": 0.9309714285714286, ""ap"": 0.9018116779580021, ""neg_fail"": 0.0, ""n_test"": 175}, ""isVariationOf"": {""auc"": 0.8727810650887575, ""ap"": 0.8277123095233524, ""neg_fail"": 0.0, ""n_test"": 26}, ""recruits"": {""auc"": 0.8199533887737464, ""ap"": 0.8222680438280677, ""neg_fail"": 0.0, ""n_test"": 341}, ""requires"": {""auc"": 0.7488000000000001, ""ap"": 0.7282708058295626, ""neg_fail"": 0.0, ""n_test"": 175}, ""supportsGoal"": {""auc"": 0.9177502295684112, ""ap"": 0.8765177387595946, ""neg_fail"": 0.0, ""n_test"": 330}, ""targets"": {""auc"": 0.7727673469387756, ""ap"": 0.7787609131872059, ""neg_fail"": 0.0, ""n_test"": 175}}"
distmult,"DistMult (relation types, no propagation)",0.3,27,59584,0.8671505262414354,0.8523762234824617,0.8295964173293409,0.44248420000076294,0.788545246277205,0.30309244990348816,0.888430698739977,0.11648321896791458,"{""hasForce"": {""auc"": 0.9385813148788927, ""ap"": 0.9425184737350337, ""neg_fail"": 0.0, ""n_test"": 170}, ""hasIntensity"": {""auc"": 0.7271183673469388, ""ap"": 0.6606588744035119, ""neg_fail"": 0.0, ""n_test"": 175}, ""hasMechanic"": {""auc"": 0.8913635635314854, ""ap"": 0.8951382515813762, ""neg_fail"": 0.0, ""n_test"": 158}, ""hasType"": {""auc"": 0.8921142857142857, ""ap"": 0.8579660684789641, ""neg_fail"": 0.0, ""n_test"": 175}, ""isVariationOf"": {""auc"": 0.9289940828402367, ""ap"": 0.9396194375828062, ""neg_fail"": 0.0, ""n_test"": 26}, ""recruits"": {""auc"": 0.8429752066115701, ""ap"": 0.8427590949030719, ""neg_fail"": 0.0, ""n_test"": 341}, ""requires"": {""auc"": 0.6879020408163264, ""ap"": 0.6903935606156661, ""neg_fail"": 0.0, ""n_test"": 175}, ""supportsGoal"": {""auc"": 0.9509550045913683, ""ap"": 0.9198660101917956, ""neg_fail"": 0.0, ""n_test"": 330}, ""targets"": {""auc"": 0.7743673469387755, ""ap"": 0.7814063298939282, ""neg_fail"": 0.0, ""n_test"": 175}}"
distmult,"DistMult (relation types, no propagation)",0.3,28,59584,0.8694475687482681,0.8568986347406007,0.8257953255389772,0.4440222382545471,0.7871706758304696,0.3268190324306488,0.8950744558991982,0.14134293794631958,"{""hasForce"": {""auc"": 0.8992733564013841, ""ap"": 0.8881012780826174, ""neg_fail"": 0.0, ""n_test"": 170}, ""hasIntensity"": {""auc"": 0.7687183673469388, ""ap"": 0.6892387296154814, ""neg_fail"": 0.0, ""n_test"": 175}, ""hasMechanic"": {""auc"": 0.8753004326229771, ""ap"": 0.8726865638684016, ""neg_fail"": 0.0, ""n_test"": 158}, ""hasType"": {""auc"": 0.9142857142857144, ""ap"": 0.8535918008830121, ""neg_fail"": 0.0, ""n_test"": 175}, ""isVariationOf"": {""auc"": 0.8505917159763313, ""ap"": 0.888441352830661, ""neg_fail"": 0.0, ""n_test"": 26}, ""recruits"": {""auc"": 0.8696433639201588, ""ap"": 0.8657030095902001, ""neg_fail"": 0.0, ""n_test"": 341}, ""requires"": {""auc"": 0.708930612244898, ""ap"": 0.71827690816853, ""neg_fail"": 0.0, ""n_test"": 175}, ""supportsGoal"": {""auc"": 0.9151974288337924, ""ap"": 0.8779003735023964, ""neg_fail"": 0.0030303029343485832, ""n_test"": 330}, ""targets"": {""auc"": 0.8075102040816328, ""ap"": 0.8143170917058321, ""neg_fail"": 0.0, ""n_test"": 175}}"
distmult,"DistMult (relation types, no propagation)",0.3,29,59584,0.8652053075129998,0.8573415668977107,0.8361719877889229,0.45326101779937744,0.7919816723940435,0.30731865763664246,0.9101947308132875,0.13940709829330444,"{""hasForce"": {""auc"": 0.9382698961937715, ""ap"": 0.9390883005856364, ""neg_fail"": 0.0, ""n_test"": 170}, ""hasIntensity"": {""auc"": 0.734595918367347, ""ap"": 0.6739910434311138, ""neg_fail"": 0.0, ""n_test"": 175}, ""hasMechanic"": {""auc"": 0.921406825829194, ""ap"": 0.9200917295726018, ""neg_fail"": 0.0, ""n_test"": 158}, ""hasType"": {""auc"": 0.9343020408163265, ""ap"": 0.9043660980814484, ""neg_fail"": 0.0, ""n_test"": 175}, ""isVariationOf"": {""auc"": 0.8668639053254439, ""ap"": 0.8127898671425767, ""neg_fail"": 0.0, ""n_test"": 26}, ""recruits"": {""auc"": 0.838855874992475, ""ap"": 0.8502087267140291, ""neg_fail"": 0.0, ""n_test"": 341}, ""requires"": {""auc"": 0.7004081632653061, ""ap"": 0.6992011273071657, ""neg_fail"": 0.0, ""n_test"": 175}, ""supportsGoal"": {""auc"": 0.9027915518824611, ""ap"": 0.8599444686395814, ""neg_fail"": 0.0, ""n_test"": 330}, ""targets"": {""auc"": 0.8090448979591838, ""ap"": 0.8163197345103868, ""neg_fail"": 0.0, ""n_test"": 175}}"
gcn,"GCN (topology, no relation types)",0.0,0,67328,0.864441890665667,0.8361945809703843,0.8104239718949386,0.32147687673568726,0.36861397479954183,0.8166508674621582,0.9470790378006873,0.39133909344673157,"{""hasForce"": {""auc"": 0.855916955017301, ""ap"": 0.8629698004503539, ""neg_fail"": 0.0, ""n_test"": 170}, ""hasIntensity"": {""auc"": 0.7071020408163264, ""ap"": 0.6555056794420238, ""neg_fail"": 0.0, ""n_test"": 175}, ""hasMechanic"": {""auc"": 0.7726726486140041, ""ap"": 0.782898776675295, ""neg_fail"": 0.0, ""n_test"": 158}, ""hasType"": {""auc"": 0.9542857142857144, ""ap"": 0.9462886599359928, ""neg_fail"": 0.0, ""n_test"": 175}, ""isVariationOf"": {""auc"": 0.8816568047337278, ""ap"": 0.82973924770855, ""neg_fail"": 0.0, ""n_test"": 26}, ""recruits"": {""auc"": 0.7966047763607125, ""ap"": 0.775679136174458, ""neg_fail"": 0.0, ""n_test"": 341}, ""requires"": {""auc"": 0.7245714285714286, ""ap"": 0.6937525967001006, ""neg_fail"": 0.0, ""n_test"": 175}, ""supportsGoal"": {""auc"": 0.9631404958677686, ""ap"": 0.9442983147597356, ""neg_fail"": 0.0030303029343485832, ""n_test"": 330}, ""targets"": {""auc"": 0.7484408163265306, ""ap"": 0.6950352866862544, ""neg_fail"": 0.0, ""n_test"": 175}}"
gcn,"GCN (topology, no relation types)",0.0,1,67328,0.8499621008362267,0.8236106700273051,0.8009913565318479,0.3181273937225342,0.3699885452462772,0.8326855301856995,0.9246277205040092,0.4275723695755005,"{""hasForce"": {""auc"": 0.8681660899653979, ""ap"": 0.8643949600153678, ""neg_fail"": 0.0, ""n_test"": 170}, ""hasIntensity"": {""auc"": 0.7596734693877553, ""ap"": 0.7300332085713319, ""neg_fail"": 0.0, ""n_test"": 175}, ""hasMechanic"": {""auc"": 0.7929418362441918, ""ap"": 0.7785734637107602, ""neg_fail"": 0.0, ""n_test"": 158}, ""hasType"": {""auc"": 0.9580081632653061, ""ap"": 0.9536349998017627, ""neg_fail"": 0.0, ""n_test"": 175}, ""isVariationOf"": {""auc"": 0.8535502958579881, ""ap"": 0.8451003074515271, ""neg_fail"": 0.0, ""n_test"": 26}, ""recruits"": {""auc"": 0.7842897807896387, ""ap"": 0.7548256141025729, ""neg_fail"": 0.0, ""n_test"": 341}, ""requires"": {""auc"": 0.6908408163265306, ""ap"": 0.6612262788875696, ""neg_fail"": 0.0, ""n_test"": 175}, ""supportsGoal"": {""auc"": 0.9349862258953168, ""ap"": 0.9254670400733043, ""neg_fail"": 0.0030303029343485832, ""n_test"": 330}, ""targets"": {""auc"": 0.731330612244898, ""ap"": 0.7031357097962252, ""neg_fail"": 0.0, ""n_test"": 175}}"
gcn,"GCN (topology, no relation types)",0.0,2,67328,0.8553162067148081,0.8322664986347406,0.8022750862357191,0.3368014097213745,0.35670103092783506,0.822769045829773,0.938602520045819,0.39589565992355347,"{""hasForce"": {""auc"": 0.868235294117647, ""ap"": 0.8571892648613052, ""neg_fail"": 0.0, ""n_test"": 170}, ""hasIntensity"": {""auc"": 0.6805551020408164, ""ap"": 0.6470834325799208, ""neg_fail"": 0.0, ""n_test"": 175}, ""hasMechanic"": {""auc"": 0.800032046146451, ""ap"": 0.7888725792894331, ""neg_fail"": 0.0, ""n_test"": 158}, ""hasType"": {""auc"": 0.9209795918367346, ""ap"": 0.8997611882584577, ""neg_fail"": 0.0, ""n_test"": 175}, ""isVariationOf"": {""auc"": 0.8920118343195267, ""ap"": 0.8823698641284743, ""neg_fail"": 0.0, ""n_test"": 26}, ""recruits"": {""auc"": 0.8127553082618828, ""ap"": 0.7871599830266351, ""neg_fail"": 0.0, ""n_test"": 341}, ""requires"": {""auc"": 0.723265306122449, ""ap"": 0.6636928462615059, ""neg_fail"": 0.0, ""n_test"": 175}, ""supportsGoal"": {""auc"": 0.9484848484848485, ""ap"": 0.9266048076208355, ""neg_fail"": 0.0, ""n_test"": 330}, ""targets"": {""auc"": 0.7475265306122449, ""ap"": 0.7168738446735335, ""neg_fail"": 0.0, ""n_test"": 175}}"
gcn,"GCN (topology, no relation types)",0.0,3,67328,0.852554593813335,0.8362829657634951,0.8123608105025659,0.3307185769081116,0.36036655211912944,0.8086004257202148,0.9344788087056128,0.3961307108402252,"{""hasForce"": {""auc"": 0.8868858131487889, ""ap"": 0.8793810415085628, ""neg_fail"": 0.0, ""n_test"": 170}, ""hasIntensity"": {""auc"": 0.7123265306122449, ""ap"": 0.6852560305995542, ""neg_fail"": 0.0, ""n_test"": 175}, ""hasMechanic"": {""auc"": 0.8610799551353948, ""ap"": 0.8603970790623294, ""neg_fail"": 0.0, ""n_test"": 158}, ""hasType"": {""auc"": 0.9450448979591838, ""ap"": 0.937665377643158, ""neg_fail"": 0.0, ""n_test"": 175}, ""isVariationOf"": {""auc"": 0.7958579881656804, ""ap"": 0.7879919154444587, ""neg_fail"": 0.0, ""n_test"": 26}, ""recruits"": {""auc"": 0.8200909864896244, ""ap"": 0.797039941174011, ""neg_fail"": 0.0, ""n_test"": 341}, ""requires"": {""auc"": 0.6777795918367346, ""ap"": 0.662251953707011, ""neg_fail"": 0.0, ""n_test"": 175}, ""supportsGoal"": {""auc"": 0.9424977043158861, ""ap"": 0.9164530355040524, ""neg_fail"": 0.0, ""n_test"": 330}, ""targets"": {""auc"": 0.7526204081632654, ""ap"": 0.7118675017876683, ""neg_fail"": 0.0, ""n_test"": 175}}"
gcn,"GCN (topology, no relation types)",0.0,4,67328,0.8428067658836891,0.8451212770426382,0.8254131615977195,0.32439348101615906,0.3935853379152348,0.7968349456787109,0.9308132875143185,0.3873595893383026,"{""hasForce"": {""auc"": 0.887750865051903, ""ap"": 0.8941278456538333, ""neg_fail"": 0.0, ""n_test"": 170}, ""hasIntensity"": {""auc"": 0.7065469387755102, ""ap"": 0.6825445904528987, ""neg_fail"": 0.0, ""n_test"": 175}, ""hasMechanic"": {""auc"": 0.7981893927255248, ""ap"": 0.8002833480852635, ""neg_fail"": 0.0, ""n_test"": 158}, ""hasType"": {""auc"": 0.942204081632653, ""ap"": 0.9285087838482833, ""neg_fail"": 0.0, ""n_test"": 175}, ""isVariationOf"": {""auc"": 0.8713017751479291, ""ap"": 0.8394675025909233, ""neg_fail"": 0.0, ""n_test"": 26}, ""recruits"": {""auc"": 0.8158426570118936, ""ap"": 0.8092460873904526, ""neg_fail"": 0.0, ""n_test"": 341}, ""requires"": {""auc"": 0.7323428571428572, ""ap"": 0.6970224416302252, ""neg_fail"": 0.0, ""n_test"": 175}, ""supportsGoal"": {""auc"": 0.9701010101010101, ""ap"": 0.9647685011175317, ""neg_fail"": 0.0, ""n_test"": 330}, ""targets"": {""auc"": 0.7720489795918367, ""ap"": 0.7265847509327877, ""neg_fail"": 0.0, ""n_test"": 175}}"
gcn,"GCN (topology, no relation types)",0.0,5,67328,0.8368726262082905,0.8293318210459988,0.8120919901513113,0.3240275979042053,0.42955326460481097,0.8282872438430786,0.9420389461626575,0.4507997930049896,"{""hasForce"": {""auc"": 0.8611418685121106, ""ap"": 0.8575445089478186, ""neg_fail"": 0.0, ""n_test"": 170}, ""hasIntensity"": {""auc"": 0.6532244897959184, ""ap"": 0.6111458633084464, ""neg_fail"": 0.0, ""n_test"": 175}, ""hasMechanic"": {""auc"": 0.8718154141964429, ""ap"": 0.8722451335841463, ""neg_fail"": 0.0, ""n_test"": 158}, ""hasType"": {""auc"": 0.9387428571428571, ""ap"": 0.9367799207254215, ""neg_fail"": 0.0, ""n_test"": 175}, ""isVariationOf"": {""auc"": 0.7440828402366864, ""ap"": 0.7147151990590562, ""neg_fail"": 0.0, ""n_test"": 26}, ""recruits"": {""auc"": 0.8110869359568631, ""ap"": 0.8002166367364415, ""neg_fail"": 0.0, ""n_test"": 341}, ""requires"": {""auc"": 0.6878367346938775, ""ap"": 0.6995900099678805, ""neg_fail"": 0.0, ""n_test"": 175}, ""supportsGoal"": {""auc"": 0.9466850321395777, ""ap"": 0.941773282799814, ""neg_fail"": 0.0, ""n_test"": 330}, ""targets"": {""auc"": 0.7328000000000001, ""ap"": 0.6797009778101076, ""neg_fail"": 0.0, ""n_test"": 175}}"
gcn,"GCN (topology, no relation types)",0.0,6,67328,0.8585491819757555,0.8433729048519218,0.8232916547588711,0.32880187034606934,0.36838487972508593,0.8371344804763794,0.9514318442153493,0.414993554353714,"{""hasForce"": {""auc"": 0.8824567474048443, ""ap"": 0.8879832688736211, ""neg_fail"": 0.0, ""n_test"": 170}, ""hasIntensity"": {""auc"": 0.7179102040816328, ""ap"": 0.694006208454155, ""neg_fail"": 0.0, ""n_test"": 175}, ""hasMechanic"": {""auc"": 0.8111280243550714, ""ap"": 0.8084896535499633, ""neg_fail"": 0.0, ""n_test"": 158}, ""hasType"": {""auc"": 0.9463510204081632, ""ap"": 0.9441907605244665, ""neg_fail"": 0.0, ""n_test"": 175}, ""isVariationOf"": {""auc"": 0.8520710059171598, ""ap"": 0.828419636468926, ""neg_fail"": 0.0, ""n_test"": 26}, ""recruits"": {""auc"": 0.8124543132583999, ""ap"": 0.8061040853021295, ""neg_fail"": 0.0, ""n_test"": 341}, ""requires"": {""auc"": 0.6820571428571429, ""ap"": 0.6514734185218475, ""neg_fail"": 0.0, ""n_test"": 175}, ""supportsGoal"": {""auc"": 0.9660422405876951, ""ap"": 0.9551256109440904, ""neg_fail"": 0.0, ""n_test"": 330}, ""targets"": {""auc"": 0.8035918367346939, ""ap"": 0.7680669436843747, ""neg_fail"": 0.0, ""n_test"": 175}}"
gcn,"GCN (topology, no relation types)",0.0,7,67328,0.8379226639716151,0.8350228943499265,0.8124735661095359,0.33095982670783997,0.3459335624284078,0.8363991379737854,0.929667812142039,0.4235105812549591,"{""hasForce"": {""auc"": 0.8638408304498271, ""ap"": 0.8582804197469044, ""neg_fail"": 0.0, ""n_test"": 170}, ""hasIntensity"": {""auc"": 0.7174204081632652, ""ap"": 0.6787663580334038, ""neg_fail"": 0.0, ""n_test"": 175}, ""hasMechanic"": {""auc"": 0.8173770229129947, ""ap"": 0.8077187844069604, ""neg_fail"": 0.0, ""n_test"": 158}, ""hasType"": {""auc"": 0.9544816326530613, ""ap"": 0.9524612561466606, ""neg_fail"": 0.0, ""n_test"": 175}, ""isVariationOf"": {""auc"": 0.8269230769230769, ""ap"": 0.8461595538321847, ""neg_fail"": 0.0, ""n_test"": 26}, ""recruits"": {""auc"": 0.7873771295396497, ""ap"": 0.7623259064521124, ""neg_fail"": 0.0, ""n_test"": 341}, ""requires"": {""auc"": 0.7188571428571429, ""ap"": 0.6973326877222057, ""neg_fail"": 0.0, ""n_test"": 175}, ""supportsGoal"": {""auc"": 0.9646097337006427, ""ap"": 0.9591867431053487, ""neg_fail"": 0.0, ""n_test"": 330}, ""targets"": {""auc"": 0.732734693877551, ""ap"": 0.6874499323876857, ""neg_fail"": 0.0, ""n_test"": 175}}"
gcn,"GCN (topology, no relation types)",0.0,8,67328,0.8453802413592624,0.8174524679689141,0.7918133112671326,0.3355807960033417,0.39129438717067583,0.8206239342689514,0.9214203894616265,0.3777090013027191,"{""hasForce"": {""auc"": 0.8708996539792387, ""ap"": 0.864161417400028, ""neg_fail"": 0.0, ""n_test"": 170}, ""hasIntensity"": {""auc"": 0.6699102040816327, ""ap"": 0.6271292713726639, ""neg_fail"": 0.0, ""n_test"": 175}, ""hasMechanic"": {""auc"": 0.769387918602788, ""ap"": 0.7721306842959726, ""neg_fail"": 0.0, ""n_test"": 158}, ""hasType"": {""auc"": 0.9319183673469388, ""ap"": 0.9291603342974372, ""neg_fail"": 0.0, ""n_test"": 175}, ""isVariationOf"": {""auc"": 0.8683431952662721, ""ap"": 0.864428398299557, ""neg_fail"": 0.0, ""n_test"": 26}, ""recruits"": {""auc"": 0.7830256017750103, ""ap"": 0.7627344293622978, ""neg_fail"": 0.0, ""n_test"": 341}, ""requires"": {""auc"": 0.6986775510204082, ""ap"": 0.6752511489585903, ""neg_fail"": 0.0, ""n_test"": 175}, ""supportsGoal"": {""auc"": 0.9558953168044078, ""ap"": 0.9434076503526759, ""neg_fail"": 0.0, ""n_test"": 330}, ""targets"": {""auc"": 0.6977632653061225, ""ap"": 0.6313152526116518, ""neg_fail"": 0.0, ""n_test"": 175}}"
gcn,"GCN (topology, no relation types)",0.0,9,67328,0.8417703120500323,0.8373484562066793,0.827210654115147,0.3358408510684967,0.39037800687285223,0.8029033541679382,0.9298969072164949,0.4156392514705658,"{""hasForce"": {""auc"": 0.8296193771626298, ""ap"": 0.8380140841724905, ""neg_fail"": 0.0, ""n_test"": 170}, ""hasIntensity"": {""auc"": 0.7320163265306123, ""ap"": 0.6972420708146064, ""neg_fail"": 0.0, ""n_test"": 175}, ""hasMechanic"": {""auc"": 0.8643246274635474, ""ap"": 0.8587836996840988, ""neg_fail"": 0.0, ""n_test"": 158}, ""hasType"": {""auc"": 0.9353142857142858, ""ap"": 0.9426332596278441, ""neg_fail"": 0.0, ""n_test"": 175}, ""isVariationOf"": {""auc"": 0.8890532544378698, ""ap"": 0.8781869842962287, ""neg_fail"": 0.0, ""n_test"": 26}, ""recruits"": {""auc"": 0.7900000859985724, ""ap"": 0.7532380401406268, ""neg_fail"": 0.0, ""n_test"": 341}, ""requires"": {""auc"": 0.6948571428571428, ""ap"": 0.6997895011498497, ""neg_fail"": 0.0, ""n_test"": 175}, ""supportsGoal"": {""auc"": 0.9583287419651056, ""ap"": 0.9593966906997858, ""neg_fail"": 0.0, ""n_test"": 330}, ""targets"": {""auc"": 0.7613714285714285, ""ap"": 0.738782048820713, ""neg_fail"": 0.0, ""n_test"": 175}}"
gcn,"GCN (topology, no relation types)",0.0,10,67328,0.8462496128580044,0.8495579920184835,0.8286540314604915,0.33489230275154114,0.3697594501718213,0.8172752857208252,0.943184421534937,0.3971109092235565,"{""hasForce"": {""auc"": 0.8725259515570934, ""ap"": 0.8485618731023132, ""neg_fail"": 0.0, ""n_test"": 170}, ""hasIntensity"": {""auc"": 0.6929306122448979, ""ap"": 0.661723803560965, ""neg_fail"": 0.0, ""n_test"": 175}, ""hasMechanic"": {""auc"": 0.8398894407947444, ""ap"": 0.8429339988169975, ""neg_fail"": 0.0, ""n_test"": 158}, ""hasType"": {""auc"": 0.9490285714285714, ""ap"": 0.9388153671954991, ""neg_fail"": 0.0, ""n_test"": 175}, ""isVariationOf"": {""auc"": 0.7781065088757397, ""ap"": 0.783166856932223, ""neg_fail"": 0.0, ""n_test"": 26}, ""recruits"": {""auc"": 0.8301442196059545, ""ap"": 0.7996070308953507, ""neg_fail"": 0.0, ""n_test"": 341}, ""requires"": {""auc"": 0.7238204081632653, ""ap"": 0.7405979640615193, ""neg_fail"": 0.0, ""n_test"": 175}, ""supportsGoal"": {""auc"": 0.9565472910927457, ""ap"": 0.9430577385302908, ""neg_fail"": 0.0030303029343485832, ""n_test"": 330}, ""targets"": {""auc"": 0.8154122448979593, ""ap"": 0.7926415411524417, ""neg_fail"": 0.0, ""n_test"": 175}}"
gcn,"GCN (topology, no relation types)",0.0,11,67328,0.8506969914312572,0.8294593572778828,0.8050850617633911,0.3435191512107849,0.37800687285223367,0.8166758418083191,0.9287514318442154,0.3880419433116913,"{""hasForce"": {""auc"": 0.8748788927335639, ""ap"": 0.873440231221769, ""neg_fail"": 0.0, ""n_test"": 170}, ""hasIntensity"": {""auc"": 0.6332408163265306, ""ap"": 0.6064678042095064, ""neg_fail"": 0.0, ""n_test"": 175}, ""hasMechanic"": {""auc"": 0.8265101746514982, ""ap"": 0.8207871047691204, ""neg_fail"": 0.0, ""n_test"": 158}, ""hasType"": {""auc"": 0.9302530612244898, ""ap"": 0.9199895925332511, ""neg_fail"": 0.0, ""n_test"": 175}, ""isVariationOf"": {""auc"": 0.878698224852071, ""ap"": 0.881406609842436, ""neg_fail"": 0.0, ""n_test"": 26}, ""recruits"": {""auc"": 0.8236685271024501, ""ap"": 0.8017636867263163, ""neg_fail"": 0.0, ""n_test"": 341}, ""requires"": {""auc"": 0.721404081632653, ""ap"": 0.7151828046721702, ""neg_fail"": 0.0, ""n_test"": 175}, ""supportsGoal"": {""auc"": 0.9566207529843894, ""ap"": 0.9487787740222351, ""neg_fail"": 0.0, ""n_test"": 330}, ""targets"": {""auc"": 0.7366857142857142, ""ap"": 0.6706122951829023, ""neg_fail"": 0.0, ""n_test"": 175}}"
gcn,"GCN (topology, no relation types)",0.0,12,67328,0.8584058715177596,0.8280714135685783,0.8059585907763502,0.32671064138412476,0.3741122565864834,0.8151640892028809,0.9379152348224513,0.41300085186958313,"{""hasForce"": {""auc"": 0.8466782006920414, ""ap"": 0.8736664513069764, ""neg_fail"": 0.0, ""n_test"": 170}, ""hasIntensity"": {""auc"": 0.6789551020408163, ""ap"": 0.6541930384039533, ""neg_fail"": 0.0, ""n_test"": 175}, ""hasMechanic"": {""auc"": 0.8208219836564654, ""ap"": 0.8075575666576521, ""neg_fail"": 0.0, ""n_test"": 158}, ""hasType"": {""auc"": 0.9361306122448979, ""ap"": 0.9318822226897959, ""neg_fail"": 0.0, ""n_test"": 175}, ""isVariationOf"": {""auc"": 0.7352071005917159, ""ap"": 0.7427505470858446, ""neg_fail"": 0.0, ""n_test"": 26}, ""recruits"": {""auc"": 0.7811164334672045, ""ap"": 0.7571903951299169, ""neg_fail"": 0.0, ""n_test"": 341}, ""requires"": {""auc"": 0.718465306122449, ""ap"": 0.7172632147077413, ""neg_fail"": 0.0, ""n_test"": 175}, ""supportsGoal"": {""auc"": 0.9495224977043158, ""ap"": 0.9315733184744555, ""neg_fail"": 0.0, ""n_test"": 330}, ""targets"": {""auc"": 0.7759999999999999, ""ap"": 0.7351698437057264, ""neg_fail"": 0.0, ""n_test"": 175}}"
gcn,"GCN (topology, no relation types)",0.0,13,67328,0.8590028852266615,0.8508955261499684,0.8298192641879307,0.32900628447532654,0.39129438717067583,0.8209792375564575,0.9413516609392898,0.414016455411911,"{""hasForce"": {""auc"": 0.916159169550173, ""ap"": 0.9211814196879163, ""neg_fail"": 0.0, ""n_test"": 170}, ""hasIntensity"": {""auc"": 0.7285551020408162, ""ap"": 0.6772993803518536, ""neg_fail"": 0.0, ""n_test"": 175}, ""hasMechanic"": {""auc"": 0.7979891043102068, ""ap"": 0.7954661142261668, ""neg_fail"": 0.0, ""n_test"": 158}, ""hasType"": {""auc"": 0.9505632653061225, ""ap"": 0.9384079737102055, ""neg_fail"": 0.0, ""n_test"": 175}, ""isVariationOf"": {""auc"": 0.8520710059171598, ""ap"": 0.8190706582403342, ""neg_fail"": 0.0, ""n_test"": 26}, ""recruits"": {""auc"": 0.83473654337338, ""ap"": 0.8210669972929929, ""neg_fail"": 0.0, ""n_test"": 341}, ""requires"": {""auc"": 0.7187591836734695, ""ap"": 0.7050376362385897, ""neg_fail"": 0.0, ""n_test"": 175}, ""supportsGoal"": {""auc"": 0.9561983471074379, ""ap"": 0.9443652612784773, ""neg_fail"": 0.0, ""n_test"": 330}, ""targets"": {""auc"": 0.7911510204081632, ""ap"": 0.7530394545499375, ""neg_fail"": 0.0, ""n_test"": 175}}"
gcn,"GCN (topology, no relation types)",0.0,14,67328,0.8389034236936335,0.8374245746691871,0.8197671920821701,0.3406190574169159,0.3741122565864834,0.7632576823234558,0.9262313860252005,0.3642837405204773,"{""hasForce"": {""auc"": 0.870968858131488, ""ap"": 0.8781241085085568, ""neg_fail"": 0.0, ""n_test"": 170}, ""hasIntensity"": {""auc"": 0.719934693877551, ""ap"": 0.6950791740136415, ""neg_fail"": 0.0, ""n_test"": 175}, ""hasMechanic"": {""auc"": 0.8388078833520269, ""ap"": 0.8313224343070125, ""neg_fail"": 0.0, ""n_test"": 158}, ""hasType"": {""auc"": 0.9226448979591837, ""ap"": 0.9193294234824251, ""neg_fail"": 0.0, ""n_test"": 175}, ""isVariationOf"": {""auc"": 0.7071005917159763, ""ap"": 0.7166272496340594, ""neg_fail"": 0.0, ""n_test"": 26}, ""recruits"": {""auc"": 0.8422872180321807, ""ap"": 0.8178347207073219, ""neg_fail"": 0.0, ""n_test"": 341}, ""requires"": {""auc"": 0.7248326530612246, ""ap"": 0.6916576502628495, ""neg_fail"": 0.0, ""n_test"": 175}, ""supportsGoal"": {""auc"": 0.9393939393939393, ""ap"": 0.9298832296847418, ""neg_fail"": 0.0, ""n_test"": 330}, ""targets"": {""auc"": 0.753665306122449, ""ap"": 0.7373784298743055, ""neg_fail"": 0.0, ""n_test"": 175}}"
gcn,"GCN (topology, no relation types)",0.0,15,67328,0.8597561141267435,0.8412007561436672,0.8190858834107303,0.3462149500846863,0.38121420389461624,0.8024445176124573,0.9429553264604811,0.39090654253959656,"{""hasForce"": {""auc"": 0.8960899653979238, ""ap"": 0.903420330546981, ""neg_fail"": 0.0, ""n_test"": 170}, ""hasIntensity"": {""auc"": 0.7609795918367347, ""ap"": 0.7269440649504502, ""neg_fail"": 0.0, ""n_test"": 175}, ""hasMechanic"": {""auc"": 0.8251081557442718, ""ap"": 0.8207677070371664, ""neg_fail"": 0.0, ""n_test"": 158}, ""hasType"": {""auc"": 0.9492571428571428, ""ap"": 0.9467317489761171, ""neg_fail"": 0.0, ""n_test"": 175}, ""isVariationOf"": {""auc"": 0.8727810650887573, ""ap"": 0.8232657456557214, ""neg_fail"": 0.0, ""n_test"": 26}, ""recruits"": {""auc"": 0.7999759203997214, ""ap"": 0.771357849774045, ""neg_fail"": 0.0, ""n_test"": 341}, ""requires"": {""auc"": 0.7065469387755102, ""ap"": 0.7120148417586498, ""neg_fail"": 0.0, ""n_test"": 175}, ""supportsGoal"": {""auc"": 0.9472359963269055, ""ap"": 0.9257945305891929, ""neg_fail"": 0.0, ""n_test"": 330}, ""targets"": {""auc"": 0.7579755102040816, ""ap"": 0.708709822551433, ""neg_fail"": 0.0, ""n_test"": 175}}"
gcn,"GCN (topology, no relation types)",0.0,16,67328,0.8464805396623578,0.8213708044528462,0.79716983018718,0.33372950553894043,0.3945017182130584,0.8095616698265076,0.9411225658648339,0.39982670545578003,"{""hasForce"": {""auc"": 0.8519031141868513, ""ap"": 0.8290842254968211, ""neg_fail"": 0.0, ""n_test"": 170}, ""hasIntensity"": {""auc"": 0.6280489795918367, ""ap"": 0.5839468756475501, ""neg_fail"": 0.0, ""n_test"": 175}, ""hasMechanic"": {""auc"": 0.8318779041820221, ""ap"": 0.8268349256905331, ""neg_fail"": 0.0, ""n_test"": 158}, ""hasType"": {""auc"": 0.9350857142857143, ""ap"": 0.9201727290861357, ""neg_fail"": 0.0, ""n_test"": 175}, ""isVariationOf"": {""auc"": 0.8254437869822485, ""ap"": 0.7526121185281751, ""neg_fail"": 0.0, ""n_test"": 26}, ""recruits"": {""auc"": 0.8068128069074053, ""ap"": 0.7779374705236087, ""neg_fail"": 0.0, ""n_test"": 341}, ""requires"": {""auc"": 0.6872489795918367, ""ap"": 0.6991018201594967, ""neg_fail"": 0.0, ""n_test"": 175}, ""supportsGoal"": {""auc"": 0.9512121212121213, ""ap"": 0.9411474782514169, ""neg_fail"": 0.0, ""n_test"": 330}, ""targets"": {""auc"": 0.7187918367346938, ""ap"": 0.6793311592238263, ""neg_fail"": 0.0, ""n_test"": 175}}"
gcn,"GCN (topology, no relation types)",0.0,17,67328,0.855310773142941,0.836448309178744,0.8126393894897105,0.3444414734840393,0.3633447880870561,0.7962625026702881,0.9528064146620847,0.38837382197380066,"{""hasForce"": {""auc"": 0.8719377162629758, ""ap"": 0.8770803064871335, ""neg_fail"": 0.0, ""n_test"": 170}, ""hasIntensity"": {""auc"": 0.6793469387755102, ""ap"": 0.634009887308534, ""neg_fail"": 0.0, ""n_test"": 175}, ""hasMechanic"": {""auc"": 0.853749399134754, ""ap"": 0.8580032114894068, ""neg_fail"": 0.0, ""n_test"": 158}, ""hasType"": {""auc"": 0.9314938775510204, ""ap"": 0.9281434868676165, ""neg_fail"": 0.0, ""n_test"": 175}, ""isVariationOf"": {""auc"": 0.7677514792899409, ""ap"": 0.7780276148689176, ""neg_fail"": 0.0, ""n_test"": 26}, ""recruits"": {""auc"": 0.8123941142577034, ""ap"": 0.783501636646704, ""neg_fail"": 0.0, ""n_test"": 341}, ""requires"": {""auc"": 0.7253551020408164, ""ap"": 0.7140819951288061, ""neg_fail"": 0.0, ""n_test"": 175}, ""supportsGoal"": {""auc"": 0.9481726354453627, ""ap"": 0.9295283681707557, ""neg_fail"": 0.0, ""n_test"": 330}, ""targets"": {""auc"": 0.7684244897959183, ""ap"": 0.7351846848299219, ""neg_fail"": 0.0, ""n_test"": 175}}"
gcn,"GCN (topology, no relation types)",0.0,18,67328,0.8519895023391527,0.8312828397395505,0.805332084109091,0.3344721794128418,0.38785796105383735,0.8237427473068237,0.9328751431844216,0.4137765169143677,"{""hasForce"": {""auc"": 0.8234256055363323, ""ap"": 0.8373779509699935, ""neg_fail"": 0.0, ""n_test"": 170}, ""hasIntensity"": {""auc"": 0.6972408163265306, ""ap"": 0.6603230005218788, ""neg_fail"": 0.0, ""n_test"": 175}, ""hasMechanic"": {""auc"": 0.8360439032206377, ""ap"": 0.832323673807257, ""neg_fail"": 0.0, ""n_test"": 158}, ""hasType"": {""auc"": 0.9493551020408163, ""ap"": 0.9490509961806984, ""neg_fail"": 0.0, ""n_test"": 175}, ""isVariationOf"": {""auc"": 0.8224852071005917, ""ap"": 0.7927596122934758, ""neg_fail"": 0.0, ""n_test"": 26}, ""recruits"": {""auc"": 0.7775904919978328, ""ap"": 0.7328776312939583, ""neg_fail"": 0.0, ""n_test"": 341}, ""requires"": {""auc"": 0.6996244897959184, ""ap"": 0.6696588319089958, ""neg_fail"": 0.0, ""n_test"": 175}, ""supportsGoal"": {""auc"": 0.954178145087236, ""ap"": 0.9394955408770254, ""neg_fail"": 0.0, ""n_test"": 330}, ""targets"": {""auc"": 0.8058448979591838, ""ap"": 0.7569269574817095, ""neg_fail"": 0.0, ""n_test"": 175}}"
gcn,"GCN (topology, no relation types)",0.0,19,67328,0.8712970207725453,0.8493314849821466,0.820770352021652,0.32808881998062134,0.40962199312714775,0.8019755482673645,0.9360824742268041,0.3843356668949127,"{""hasForce"": {""auc"": 0.8757785467128029, ""ap"": 0.8345942087627574, ""neg_fail"": 0.0, ""n_test"": 170}, ""hasIntensity"": {""auc"": 0.7254530612244897, ""ap"": 0.6718077381316528, ""neg_fail"": 0.0, ""n_test"": 175}, ""hasMechanic"": {""auc"": 0.8702531645569621, ""ap"": 0.8736562770362153, ""neg_fail"": 0.0, ""n_test"": 158}, ""hasType"": {""auc"": 0.9453061224489795, ""ap"": 0.9318564104185443, ""neg_fail"": 0.0, ""n_test"": 175}, ""isVariationOf"": {""auc"": 0.8254437869822486, ""ap"": 0.8106898277885229, ""neg_fail"": 0.0, ""n_test"": 26}, ""recruits"": {""auc"": 0.8110697362423784, ""ap"": 0.7872190233631052, ""neg_fail"": 0.0, ""n_test"": 341}, ""requires"": {""auc"": 0.7580081632653062, ""ap"": 0.7361142174371568, ""neg_fail"": 0.0, ""n_test"": 175}, ""supportsGoal"": {""auc"": 0.9480348943985307, ""ap"": 0.9318779203051701, ""neg_fail"": 0.0, ""n_test"": 330}, ""targets"": {""auc"": 0.7614693877551022, ""ap"": 0.7157786094618824, ""neg_fail"": 0.0, ""n_test"": 175}}"
gcn,"GCN (topology, no relation types)",0.0,20,67328,0.8632071114588599,0.8261039277462716,0.7958996118733963,0.3249703645706177,0.3702176403207331,0.8317180275917053,0.9342497136311569,0.42888879776000977,"{""hasForce"": {""auc"": 0.8370934256055363, ""ap"": 0.8073560605241191, ""neg_fail"": 0.0, ""n_test"": 170}, ""hasIntensity"": {""auc"": 0.6826775510204082, ""ap"": 0.6418926951780333, ""neg_fail"": 0.0, ""n_test"": 175}, ""hasMechanic"": {""auc"": 0.801874699567377, ""ap"": 0.7991483758058731, ""neg_fail"": 0.0, ""n_test"": 158}, ""hasType"": {""auc"": 0.9458938775510206, ""ap"": 0.9384566662334883, ""neg_fail"": 0.0, ""n_test"": 175}, ""isVariationOf"": {""auc"": 0.7204142011834319, ""ap"": 0.6237251296155206, ""neg_fail"": 0.0, ""n_test"": 26}, ""recruits"": {""auc"": 0.779035268014551, ""ap"": 0.746045895754209, ""neg_fail"": 0.0, ""n_test"": 341}, ""requires"": {""auc"": 0.712195918367347, ""ap"": 0.6808176768715004, ""neg_fail"": 0.0, ""n_test"": 175}, ""supportsGoal"": {""auc"": 0.9538567493112948, ""ap"": 0.9438327208942761, ""neg_fail"": 0.0, ""n_test"": 330}, ""targets"": {""auc"": 0.7694040816326532, ""ap"": 0.7404529412148624, ""neg_fail"": 0.0, ""n_test"": 175}}"
gcn,"GCN (topology, no relation types)",0.0,21,67328,0.841097907531474,0.8319964713295527,0.8147326224992334,0.33016857504844666,0.3983963344788087,0.7682624459266663,0.9234822451317297,0.4115065336227417,"{""hasForce"": {""auc"": 0.8850865051903114, ""ap"": 0.8895298836572925, ""neg_fail"": 0.0, ""n_test"": 170}, ""hasIntensity"": {""auc"": 0.6775183673469388, ""ap"": 0.6724647529202235, ""neg_fail"": 0.0, ""n_test"": 175}, ""hasMechanic"": {""auc"": 0.8802275276398013, ""ap"": 0.8894208804428763, ""neg_fail"": 0.0, ""n_test"": 158}, ""hasType"": {""auc"": 0.9431510204081633, ""ap"": 0.9378324464710245, ""neg_fail"": 0.0, ""n_test"": 175}, ""isVariationOf"": {""auc"": 0.8579881656804734, ""ap"": 0.8687188872887848, ""neg_fail"": 0.0, ""n_test"": 26}, ""recruits"": {""auc"": 0.8149740714304143, ""ap"": 0.7882519571528922, ""neg_fail"": 0.0, ""n_test"": 341}, ""requires"": {""auc"": 0.6679183673469388, ""ap"": 0.6495646017864081, ""neg_fail"": 0.0, ""n_test"": 175}, ""supportsGoal"": {""auc"": 0.9380808080808082, ""ap"": 0.9297747218345291, ""neg_fail"": 0.0, ""n_test"": 330}, ""targets"": {""auc"": 0.7811591836734695, ""ap"": 0.7331256711967384, ""neg_fail"": 0.0, ""n_test"": 175}}"
gcn,"GCN (topology, no relation types)",0.0,22,67328,0.8525939872093716,0.8387157319890779,0.816545431512912,0.3410612940788269,0.3725085910652921,0.8149318695068359,0.9383734249713631,0.41670817136764526,"{""hasForce"": {""auc"": 0.8989273356401384, ""ap"": 0.9054836318874155, ""neg_fail"": 0.0, ""n_test"": 170}, ""hasIntensity"": {""auc"": 0.7350204081632653, ""ap"": 0.693886829489951, ""neg_fail"": 0.0, ""n_test"": 175}, ""hasMechanic"": {""auc"": 0.8318378464989585, ""ap"": 0.8283560430494041, ""neg_fail"": 0.0, ""n_test"": 158}, ""hasType"": {""auc"": 0.9468734693877551, ""ap"": 0.9508371779073672, ""neg_fail"": 0.0, ""n_test"": 175}, ""isVariationOf"": {""auc"": 0.7795857988165681, ""ap"": 0.7131376278418833, ""neg_fail"": 0.0, ""n_test"": 26}, ""recruits"": {""auc"": 0.7994169296789675, ""ap"": 0.7767438126761941, ""neg_fail"": 0.0, ""n_test"": 341}, ""requires"": {""auc"": 0.738938775510204, ""ap"": 0.7246649296214328, ""neg_fail"": 0.0, ""n_test"": 175}, ""supportsGoal"": {""auc"": 0.9418916437098255, ""ap"": 0.9270672336045971, ""neg_fail"": 0.0, ""n_test"": 330}, ""targets"": {""auc"": 0.742530612244898, ""ap"": 0.7180872586397474, ""neg_fail"": 0.0, ""n_test"": 175}}"
gcn,"GCN (topology, no relation types)",0.0,23,67328,0.8413512478197792,0.8301261079605124,0.8151016114802565,0.3581439256668091,0.40870561282932416,0.8143637180328369,0.9287514318442154,0.4328211843967438,"{""hasForce"": {""auc"": 0.892871972318339, ""ap"": 0.9082270679865037, ""neg_fail"": 0.0, ""n_test"": 170}, ""hasIntensity"": {""auc"": 0.6519836734693878, ""ap"": 0.6213023883446904, ""neg_fail"": 0.0, ""n_test"": 175}, ""hasMechanic"": {""auc"": 0.7441515782727128, ""ap"": 0.7202344594828125, ""neg_fail"": 0.0, ""n_test"": 158}, ""hasType"": {""auc"": 0.9399510204081631, ""ap"": 0.944589545022917, ""neg_fail"": 0.0, ""n_test"": 175}, ""isVariationOf"": {""auc"": 0.7085798816568047, ""ap"": 0.7202846371086766, ""neg_fail"": 0.0, ""n_test"": 26}, ""recruits"": {""auc"": 0.8269536725690354, ""ap"": 0.8071457615909119, ""neg_fail"": 0.0, ""n_test"": 341}, ""requires"": {""auc"": 0.7193795918367347, ""ap"": 0.7185062666969071, ""neg_fail"": 0.0, ""n_test"": 175}, ""supportsGoal"": {""auc"": 0.94544536271809, ""ap"": 0.938982618376464, ""neg_fail"": 0.0, ""n_test"": 330}, ""targets"": {""auc"": 0.789061224489796, ""ap"": 0.7473431437773951, ""neg_fail"": 0.0, ""n_test"": 175}}"
gcn,"GCN (topology, no relation types)",0.0,24,67328,0.8216925848044729,0.8102388573829027,0.7989369344862665,0.36963513493537903,0.3745704467353952,0.807732105255127,0.929667812142039,0.4109242558479309,"{""hasForce"": {""auc"": 0.803044982698962, ""ap"": 0.8224730147729001, ""neg_fail"": 0.0, ""n_test"": 170}, ""hasIntensity"": {""auc"": 0.655934693877551, ""ap"": 0.6131395634370647, ""neg_fail"": 0.0, ""n_test"": 175}, ""hasMechanic"": {""auc"": 0.8787453933664476, ""ap"": 0.8818832175411829, ""neg_fail"": 0.0, ""n_test"": 158}, ""hasType"": {""auc"": 0.9144163265306122, ""ap"": 0.9007845830853968, ""neg_fail"": 0.0, ""n_test"": 175}, ""isVariationOf"": {""auc"": 0.812130177514793, ""ap"": 0.8312973523525142, ""neg_fail"": 0.0, ""n_test"": 26}, ""recruits"": {""auc"": 0.7704870099156356, ""ap"": 0.748175998141898, ""neg_fail"": 0.0, ""n_test"": 341}, ""requires"": {""auc"": 0.6462367346938775, ""ap"": 0.6569613127440584, ""neg_fail"": 0.0, ""n_test"": 175}, ""supportsGoal"": {""auc"": 0.9307070707070706, ""ap"": 0.9322489918475598, ""neg_fail"": 0.0, ""n_test"": 330}, ""targets"": {""auc"": 0.8053877551020407, ""ap"": 0.7540581446771236, ""neg_fail"": 0.0, ""n_test"": 175}}"
gcn,"GCN (topology, no relation types)",0.0,25,67328,0.8597853195755293,0.8265067002730518,0.7965902243513199,0.3361622989177704,0.3725085910652921,0.8072915077209473,0.9333333333333333,0.3709593713283539,"{""hasForce"": {""auc"": 0.8780622837370242, ""ap"": 0.8775504389628241, ""neg_fail"": 0.0, ""n_test"": 170}, ""hasIntensity"": {""auc"": 0.6937142857142857, ""ap"": 0.659425914002099, ""neg_fail"": 0.0, ""n_test"": 175}, ""hasMechanic"": {""auc"": 0.7759173209421568, ""ap"": 0.7723641132692125, ""neg_fail"": 0.0, ""n_test"": 158}, ""hasType"": {""auc"": 0.9255183673469388, ""ap"": 0.8991324032711633, ""neg_fail"": 0.0, ""n_test"": 175}, ""isVariationOf"": {""auc"": 0.8920118343195267, ""ap"": 0.8695516476238075, ""neg_fail"": 0.0, ""n_test"": 26}, ""recruits"": {""auc"": 0.7945838099087555, ""ap"": 0.7603096261725955, ""neg_fail"": 0.0, ""n_test"": 341}, ""requires"": {""auc"": 0.6437224489795919, ""ap"": 0.6275851405322844, ""neg_fail"": 0.0, ""n_test"": 175}, ""supportsGoal"": {""auc"": 0.950771349862259, ""ap"": 0.9362670980424864, ""neg_fail"": 0.0, ""n_test"": 330}, ""targets"": {""auc"": 0.8021224489795918, ""ap"": 0.7344392083971907, ""neg_fail"": 0.0, ""n_test"": 175}}"
gcn,"GCN (topology, no relation types)",0.0,26,67328,0.8461905227639492,0.8167151438773368,0.794598496505605,0.33702030777931213,0.39862542955326463,0.7826998233795166,0.9289805269186713,0.39506903290748596,"{""hasForce"": {""auc"": 0.8349134948096886, ""ap"": 0.8235662832506758, ""neg_fail"": 0.0, ""n_test"": 170}, ""hasIntensity"": {""auc"": 0.7207183673469387, ""ap"": 0.7274055690264954, ""neg_fail"": 0.0, ""n_test"": 175}, ""hasMechanic"": {""auc"": 0.8203012337766383, ""ap"": 0.8320952191582417, ""neg_fail"": 0.0, ""n_test"": 158}, ""hasType"": {""auc"": 0.9201959183673469, ""ap"": 0.9205834013959334, ""neg_fail"": 0.0, ""n_test"": 175}, ""isVariationOf"": {""auc"": 0.7662721893491125, ""ap"": 0.7244160363709319, ""neg_fail"": 0.0, ""n_test"": 26}, ""recruits"": {""auc"": 0.7900258855702996, ""ap"": 0.7576648919375064, ""neg_fail"": 0.0, ""n_test"": 341}, ""requires"": {""auc"": 0.732865306122449, ""ap"": 0.7285451212005876, ""neg_fail"": 0.0, ""n_test"": 175}, ""supportsGoal"": {""auc"": 0.9353902662993572, ""ap"": 0.924745446148965, ""neg_fail"": 0.0, ""n_test"": 330}, ""targets"": {""auc"": 0.6876734693877551, ""ap"": 0.6613357327144864, ""neg_fail"": 0.0, ""n_test"": 175}}"
gcn,"GCN (topology, no relation types)",0.0,27,67328,0.860991572530034,0.8384836798991808,0.8170780991303489,0.33026447892189026,0.3438717067583047,0.7961994409561157,0.9108820160366552,0.38345053791999817,"{""hasForce"": {""auc"": 0.8789965397923876, ""ap"": 0.8649342081231147, ""neg_fail"": 0.0, ""n_test"": 170}, ""hasIntensity"": {""auc"": 0.6782040816326531, ""ap"": 0.6350264726574966, ""neg_fail"": 0.0, ""n_test"": 175}, ""hasMechanic"": {""auc"": 0.8536292260855634, ""ap"": 0.847426169531891, ""neg_fail"": 0.0, ""n_test"": 158}, ""hasType"": {""auc"": 0.9198367346938775, ""ap"": 0.9212181229487649, ""neg_fail"": 0.0, ""n_test"": 175}, ""isVariationOf"": {""auc"": 0.8121301775147929, ""ap"": 0.8180301658789335, ""neg_fail"": 0.0, ""n_test"": 26}, ""recruits"": {""auc"": 0.8210971697869816, ""ap"": 0.7749462897749873, ""neg_fail"": 0.0, ""n_test"": 341}, ""requires"": {""auc"": 0.7164734693877551, ""ap"": 0.7208784599103224, ""neg_fail"": 0.0, ""n_test"": 175}, ""supportsGoal"": {""auc"": 0.9444168962350781, ""ap"": 0.9322279025326586, ""neg_fail"": 0.0030303029343485832, ""n_test"": 330}, ""targets"": {""auc"": 0.8080326530612245, ""ap"": 0.786811791494757, ""neg_fail"": 0.0, ""n_test"": 175}}"
gcn,"GCN (topology, no relation types)",0.0,28,67328,0.8506283925864345,0.8413998739760555,0.8220134056263813,0.3468908667564392,0.41855670103092785,0.7995446920394897,0.9189003436426116,0.40766242146492004,"{""hasForce"": {""auc"": 0.8844290657439445, ""ap"": 0.8886684260990516, ""neg_fail"": 0.0, ""n_test"": 170}, ""hasIntensity"": {""auc"": 0.7383836734693878, ""ap"": 0.7047217670343592, ""neg_fail"": 0.0, ""n_test"": 175}, ""hasMechanic"": {""auc"": 0.7723922448325589, ""ap"": 0.7754245600251989, ""neg_fail"": 0.0, ""n_test"": 158}, ""hasType"": {""auc"": 0.9400816326530612, ""ap"": 0.9338120826567657, ""neg_fail"": 0.0, ""n_test"": 175}, ""isVariationOf"": {""auc"": 0.871301775147929, ""ap"": 0.8850821774709903, ""neg_fail"": 0.0, ""n_test"": 26}, ""recruits"": {""auc"": 0.8238921233907517, ""ap"": 0.7885994036772335, ""neg_fail"": 0.0, ""n_test"": 341}, ""requires"": {""auc"": 0.7270204081632654, ""ap"": 0.7122644520639827, ""neg_fail"": 0.0, ""n_test"": 175}, ""supportsGoal"": {""auc"": 0.942038567493113, ""ap"": 0.9345370575306782, ""neg_fail"": 0.0, ""n_test"": 330}, ""targets"": {""auc"": 0.7898122448979593, ""ap"": 0.7533007190702247, ""neg_fail"": 0.0, ""n_test"": 175}}"
gcn,"GCN (topology, no relation types)",0.0,29,67328,0.8593282203422064,0.8376003360638521,0.8185091112529697,0.3410051167011261,0.3654066437571592,0.7939136624336243,0.9395189003436426,0.4279775023460388,"{""hasForce"": {""auc"": 0.8867820069204152, ""ap"": 0.8871431028231984, ""neg_fail"": 0.0, ""n_test"": 170}, ""hasIntensity"": {""auc"": 0.7008326530612246, ""ap"": 0.6465750208666998, ""neg_fail"": 0.0, ""n_test"": 175}, ""hasMechanic"": {""auc"": 0.8506248998557924, ""ap"": 0.8540442329763718, ""neg_fail"": 0.0, ""n_test"": 158}, ""hasType"": {""auc"": 0.9481795918367347, ""ap"": 0.9363332251693258, ""neg_fail"": 0.0, ""n_test"": 175}, ""isVariationOf"": {""auc"": 0.8979289940828403, ""ap"": 0.9137002202682352, ""neg_fail"": 0.0, ""n_test"": 26}, ""recruits"": {""auc"": 0.7992793319630894, ""ap"": 0.7757038124525589, ""neg_fail"": 0.0, ""n_test"": 341}, ""requires"": {""auc"": 0.6958367346938775, ""ap"": 0.6847910741523926, ""neg_fail"": 0.0, ""n_test"": 175}, ""supportsGoal"": {""auc"": 0.9482828282828283, ""ap"": 0.9383753187675524, ""neg_fail"": 0.0, ""n_test"": 330}, ""targets"": {""auc"": 0.7767183673469389, ""ap"": 0.7471089448555974, ""neg_fail"": 0.0, ""n_test"": 175}}"
gcn,"GCN (topology, no relation types)",0.3,0,67328,0.848989491472009,0.819029111531191,0.7844202217067485,0.5056941509246826,0.509049255441008,0.4058101773262024,0.9205040091638029,0.12153489887714386,"{""hasForce"": {""auc"": 0.8596885813148789, ""ap"": 0.8573844486144724, ""neg_fail"": 0.0, ""n_test"": 170}, ""hasIntensity"": {""auc"": 0.6319999999999999, ""ap"": 0.5883513007306402, ""neg_fail"": 0.0, ""n_test"": 175}, ""hasMechanic"": {""auc"": 0.8222240025636918, ""ap"": 0.8065909833953623, ""neg_fail"": 0.0, ""n_test"": 158}, ""hasType"": {""auc"": 0.8898938775510203, ""ap"": 0.8678244433945835, ""neg_fail"": 0.0, ""n_test"": 175}, ""isVariationOf"": {""auc"": 0.9408284023668638, ""ap"": 0.9466347440908183, ""neg_fail"": 0.0, ""n_test"": 26}, ""recruits"": {""auc"": 0.83241458191794, ""ap"": 0.7951803401289215, ""neg_fail"": 0.0, ""n_test"": 341}, ""requires"": {""auc"": 0.7050448979591836, ""ap"": 0.7032693242111105, ""neg_fail"": 0.0, ""n_test"": 175}, ""supportsGoal"": {""auc"": 0.9208539944903582, ""ap"": 0.9026674157133281, ""neg_fail"": 0.0, ""n_test"": 330}, ""targets"": {""auc"": 0.764604081632653, ""ap"": 0.6872954483926661, ""neg_fail"": 0.0, ""n_test"": 175}}"
gcn,"GCN (topology, no relation types)",0.3,1,67328,0.8322805787840754,0.8137482041587901,0.790213248321825,0.4930332601070404,0.5143184421534936,0.41091442108154297,0.8646048109965636,0.1269097924232483,"{""hasForce"": {""auc"": 0.9029411764705882, ""ap"": 0.8904795774530937, ""neg_fail"": 0.0, ""n_test"": 170}, ""hasIntensity"": {""auc"": 0.6503183673469388, ""ap"": 0.6449119743213267, ""neg_fail"": 0.0, ""n_test"": 175}, ""hasMechanic"": {""auc"": 0.813731773754206, ""ap"": 0.814917004727397, ""neg_fail"": 0.0, ""n_test"": 158}, ""hasType"": {""auc"": 0.8868897959183674, ""ap"": 0.8724882403047489, ""neg_fail"": 0.0, ""n_test"": 175}, ""isVariationOf"": {""auc"": 0.8668639053254438, ""ap"": 0.8518022720618027, ""neg_fail"": 0.0, ""n_test"": 26}, ""recruits"": {""auc"": 0.8333347666428738, ""ap"": 0.7981603785364704, ""neg_fail"": 0.0, ""n_test"": 341}, ""requires"": {""auc"": 0.6555102040816325, ""ap"": 0.6607252662537568, ""neg_fail"": 0.0, ""n_test"": 175}, ""supportsGoal"": {""auc"": 0.8942424242424243, ""ap"": 0.8950910963621073, ""neg_fail"": 0.0, ""n_test"": 330}, ""targets"": {""auc"": 0.7826938775510204, ""ap"": 0.7516603266268089, ""neg_fail"": 0.0, ""n_test"": 175}}"
gcn,"GCN (topology, no relation types)",0.3,2,67328,0.8509401437723115,0.818759252257929,0.7837028254676007,0.5179985761642456,0.4959908361970218,0.4303140342235565,0.8927835051546392,0.09701775759458542,"{""hasForce"": {""auc"": 0.8242214532871973, ""ap"": 0.8131104606168547, ""neg_fail"": 0.0, ""n_test"": 170}, ""hasIntensity"": {""auc"": 0.6327510204081633, ""ap"": 0.6045811345030696, ""neg_fail"": 0.0, ""n_test"": 175}, ""hasMechanic"": {""auc"": 0.8145729850985419, ""ap"": 0.8062126500081291, ""neg_fail"": 0.0, ""n_test"": 158}, ""hasType"": {""auc"": 0.8731428571428571, ""ap"": 0.872854013708663, ""neg_fail"": 0.0, ""n_test"": 175}, ""isVariationOf"": {""auc"": 0.893491124260355, ""ap"": 0.8596709943316277, ""neg_fail"": 0.0, ""n_test"": 26}, ""recruits"": {""auc"": 0.8378410918378754, ""ap"": 0.8051371758280028, ""neg_fail"": 0.0, ""n_test"": 341}, ""requires"": {""auc"": 0.7322122448979593, ""ap"": 0.6850727600275314, ""neg_fail"": 0.0, ""n_test"": 175}, ""supportsGoal"": {""auc"": 0.9378145087235997, ""ap"": 0.9253983686505497, ""neg_fail"": 0.0030303029343485832, ""n_test"": 330}, ""targets"": {""auc"": 0.7597387755102041, ""ap"": 0.7026869382496803, ""neg_fail"": 0.0, ""n_test"": 175}}"
gcn,"GCN (topology, no relation types)",0.3,3,67328,0.8151546394553387,0.820410165931527,0.7936376513072316,0.49895915389060974,0.4836197021764032,0.3756299316883087,0.897823596792669,0.13178981840610504,"{""hasForce"": {""auc"": 0.8744636678200692, ""ap"": 0.8567638651744767, ""neg_fail"": 0.0, ""n_test"": 170}, ""hasIntensity"": {""auc"": 0.6643918367346939, ""ap"": 0.6617771564448582, ""neg_fail"": 0.0, ""n_test"": 175}, ""hasMechanic"": {""auc"": 0.8679298189392727, ""ap"": 0.8699232446409215, ""neg_fail"": 0.0, ""n_test"": 158}, ""hasType"": {""auc"": 0.8858122448979592, ""ap"": 0.8886846732729179, ""neg_fail"": 0.0, ""n_test"": 175}, ""isVariationOf"": {""auc"": 0.8535502958579881, ""ap"": 0.8529356909504947, ""neg_fail"": 0.0, ""n_test"": 26}, ""recruits"": {""auc"": 0.836740310110852, ""ap"": 0.7949607718940507, ""neg_fail"": 0.0, ""n_test"": 341}, ""requires"": {""auc"": 0.7024326530612246, ""ap"": 0.7201154441279087, ""neg_fail"": 0.0, ""n_test"": 175}, ""supportsGoal"": {""auc"": 0.8809917355371901, ""ap"": 0.846762663138734, ""neg_fail"": 0.0, ""n_test"": 330}, ""targets"": {""auc"": 0.786873469387755, ""ap"": 0.7627914611388177, ""neg_fail"": 0.0, ""n_test"": 175}}"
gcn,"GCN (topology, no relation types)",0.3,4,67328,0.8452545900098348,0.8273339214450746,0.7888822619941056,0.509404182434082,0.5457044673539518,0.4017394185066223,0.8994272623138603,0.10245289653539658,"{""hasForce"": {""auc"": 0.8783044982698962, ""ap"": 0.8710881397668593, ""neg_fail"": 0.0, ""n_test"": 170}, ""hasIntensity"": {""auc"": 0.6680816326530612, ""ap"": 0.622064809117842, ""neg_fail"": 0.0, ""n_test"": 175}, ""hasMechanic"": {""auc"": 0.8388078833520269, ""ap"": 0.8284941675541418, ""neg_fail"": 0.0, ""n_test"": 158}, ""hasType"": {""auc"": 0.8833306122448978, ""ap"": 0.865424024537726, ""neg_fail"": 0.0, ""n_test"": 175}, ""isVariationOf"": {""auc"": 0.8076923076923076, ""ap"": 0.8140677554113076, ""neg_fail"": 0.0, ""n_test"": 26}, ""recruits"": {""auc"": 0.846827942656152, ""ap"": 0.7959225683524844, ""neg_fail"": 0.0, ""n_test"": 341}, ""requires"": {""auc"": 0.6995265306122449, ""ap"": 0.6877539815802964, ""neg_fail"": 0.0, ""n_test"": 175}, ""supportsGoal"": {""auc"": 0.9297337006427916, ""ap"": 0.9156767872205871, ""neg_fail"": 0.0030303029343485832, ""n_test"": 330}, ""targets"": {""auc"": 0.7798204081632653, ""ap"": 0.7411417951937441, ""neg_fail"": 0.0, ""n_test"": 175}}"
gcn,"GCN (topology, no relation types)",0.3,5,67328,0.8473947381290039,0.8363370720436883,0.8035952180743093,0.5178412795066833,0.5397479954180985,0.419334352016449,0.9092783505154639,0.11281304806470871,"{""hasForce"": {""auc"": 0.9086159169550172, ""ap"": 0.8902740972486576, ""neg_fail"": 0.0, ""n_test"": 170}, ""hasIntensity"": {""auc"": 0.6209632653061224, ""ap"": 0.5822876196763497, ""neg_fail"": 0.0, ""n_test"": 175}, ""hasMechanic"": {""auc"": 0.8933263900016023, ""ap"": 0.9039068781741303, ""neg_fail"": 0.0, ""n_test"": 158}, ""hasType"": {""auc"": 0.8932244897959184, ""ap"": 0.8805028847297408, ""neg_fail"": 0.0, ""n_test"": 175}, ""isVariationOf"": {""auc"": 0.8668639053254438, ""ap"": 0.8507260965784289, ""neg_fail"": 0.0, ""n_test"": 26}, ""recruits"": {""auc"": 0.8362587181052795, ""ap"": 0.7945573917097845, ""neg_fail"": 0.0, ""n_test"": 341}, ""requires"": {""auc"": 0.7165061224489796, ""ap"": 0.6860483321007994, ""neg_fail"": 0.0, ""n_test"": 175}, ""supportsGoal"": {""auc"": 0.9242791551882461, ""ap"": 0.9200944944181302, ""neg_fail"": 0.0, ""n_test"": 330}, ""targets"": {""auc"": 0.8107755102040816, ""ap"": 0.7671267028753436, ""neg_fail"": 0.0, ""n_test"": 175}}"
gcn,"GCN (topology, no relation types)",0.3,6,67328,0.8375912160877195,0.8296344465448435,0.7943503671822921,0.5025307536125183,0.5156930126002292,0.4009125530719757,0.9053837342497136,0.12218809872865677,"{""hasForce"": {""auc"": 0.9155709342560554, ""ap"": 0.9223768813026231, ""neg_fail"": 0.0, ""n_test"": 170}, ""hasIntensity"": {""auc"": 0.6459102040816327, ""ap"": 0.6127113894919616, ""neg_fail"": 0.0, ""n_test"": 175}, ""hasMechanic"": {""auc"": 0.8486220157026118, ""ap"": 0.8487271895461268, ""neg_fail"": 0.0, ""n_test"": 158}, ""hasType"": {""auc"": 0.8822857142857143, ""ap"": 0.8723758858639716, ""neg_fail"": 0.0, ""n_test"": 175}, ""isVariationOf"": {""auc"": 0.8476331360946745, ""ap"": 0.8262999091285255, ""neg_fail"": 0.0, ""n_test"": 26}, ""recruits"": {""auc"": 0.8313224000481593, ""ap"": 0.7781519163349333, ""neg_fail"": 0.0, ""n_test"": 341}, ""requires"": {""auc"": 0.6851265306122449, ""ap"": 0.6670179124266478, ""neg_fail"": 0.0, ""n_test"": 175}, ""supportsGoal"": {""auc"": 0.9248209366391185, ""ap"": 0.9073815522686774, ""neg_fail"": 0.0, ""n_test"": 330}, ""targets"": {""auc"": 0.8232816326530613, ""ap"": 0.777469367206744, ""neg_fail"": 0.0, ""n_test"": 175}}"
gcn,"GCN (topology, no relation types)",0.3,7,67328,0.8470578566732413,0.8294497794580971,0.7973635063907805,0.47812432050704956,0.5097365406643757,0.4445246160030365,0.9124856815578465,0.15222874283790588,"{""hasForce"": {""auc"": 0.9056401384083046, ""ap"": 0.8933558863494392, ""neg_fail"": 0.0, ""n_test"": 170}, ""hasIntensity"": {""auc"": 0.6818938775510205, ""ap"": 0.632884856464618, ""neg_fail"": 0.0, ""n_test"": 175}, ""hasMechanic"": {""auc"": 0.8569540137798429, ""ap"": 0.8487982553337561, ""neg_fail"": 0.0, ""n_test"": 158}, ""hasType"": {""auc"": 0.9215020408163265, ""ap"": 0.9110068191881554, ""neg_fail"": 0.0, ""n_test"": 175}, ""isVariationOf"": {""auc"": 0.8520710059171597, ""ap"": 0.831729112770507, ""neg_fail"": 0.0, ""n_test"": 26}, ""recruits"": {""auc"": 0.798384946809883, ""ap"": 0.7522982398961061, ""neg_fail"": 0.0, ""n_test"": 341}, ""requires"": {""auc"": 0.7040653061224491, ""ap"": 0.6986368327557725, ""neg_fail"": 0.0, ""n_test"": 175}, ""supportsGoal"": {""auc"": 0.9106060606060606, ""ap"": 0.8986770283323878, ""neg_fail"": 0.0, ""n_test"": 330}, ""targets"": {""auc"": 0.8053551020408163, ""ap"": 0.7700161578041422, ""neg_fail"": 0.0, ""n_test"": 175}}"
gcn,"GCN (topology, no relation types)",0.3,8,67328,0.8391839318412745,0.8229724847721067,0.7863721683945164,0.5015495419502258,0.5072164948453608,0.4082261919975281,0.8872852233676976,0.10226711630821228,"{""hasForce"": {""auc"": 0.91560553633218, ""ap"": 0.9142373968395009, ""neg_fail"": 0.0, ""n_test"": 170}, ""hasIntensity"": {""auc"": 0.6165877551020408, ""ap"": 0.6074139018786046, ""neg_fail"": 0.0, ""n_test"": 175}, ""hasMechanic"": {""auc"": 0.8318378464989584, ""ap"": 0.8193524345029835, ""neg_fail"": 0.0, ""n_test"": 158}, ""hasType"": {""auc"": 0.8901224489795918, ""ap"": 0.8857529364768275, ""neg_fail"": 0.0, ""n_test"": 175}, ""isVariationOf"": {""auc"": 0.8017751479289941, ""ap"": 0.7521269114892135, ""neg_fail"": 0.0, ""n_test"": 26}, ""recruits"": {""auc"": 0.8155932611518649, ""ap"": 0.762869432299, ""neg_fail"": 0.0, ""n_test"": 341}, ""requires"": {""auc"": 0.7071346938775511, ""ap"": 0.7024095412300557, ""neg_fail"": 0.0, ""n_test"": 175}, ""supportsGoal"": {""auc"": 0.9277685950413223, ""ap"": 0.9099649747528362, ""neg_fail"": 0.0, ""n_test"": 330}, ""targets"": {""auc"": 0.7978775510204081, ""ap"": 0.7596725634382666, ""neg_fail"": 0.0, ""n_test"": 175}}"
gcn,"GCN (topology, no relation types)",0.3,9,67328,0.8490214137067285,0.8263452215921026,0.7841582637200872,0.5239665508270264,0.5131729667812142,0.41192013025283813,0.8856815578465063,0.12045152485370636,"{""hasForce"": {""auc"": 0.8805536332179931, ""ap"": 0.8660012738353071, ""neg_fail"": 0.0, ""n_test"": 170}, ""hasIntensity"": {""auc"": 0.7034122448979592, ""ap"": 0.6346129431716296, ""neg_fail"": 0.0, ""n_test"": 175}, ""hasMechanic"": {""auc"": 0.8318779041820221, ""ap"": 0.8266682760339135, ""neg_fail"": 0.0, ""n_test"": 158}, ""hasType"": {""auc"": 0.889730612244898, ""ap"": 0.879477518536114, ""neg_fail"": 0.0, ""n_test"": 175}, ""isVariationOf"": {""auc"": 0.893491124260355, ""ap"": 0.9209716730053187, ""neg_fail"": 0.0, ""n_test"": 26}, ""recruits"": {""auc"": 0.826876273853854, ""ap"": 0.7678070175792678, ""neg_fail"": 0.0, ""n_test"": 341}, ""requires"": {""auc"": 0.694334693877551, ""ap"": 0.6642466803577611, ""neg_fail"": 0.0, ""n_test"": 175}, ""supportsGoal"": {""auc"": 0.925325987144169, ""ap"": 0.9036391411798403, ""neg_fail"": 0.0, ""n_test"": 330}, ""targets"": {""auc"": 0.7714612244897959, ""ap"": 0.7070784124979771, ""neg_fail"": 0.0, ""n_test"": 175}}"
gcn,"GCN (topology, no relation types)",0.3,10,67328,0.8534545291538299,0.8431432052089897,0.8089931226538438,0.49681511521339417,0.5232531500572738,0.4373314082622528,0.9264604810996564,0.1585414856672287,"{""hasForce"": {""auc"": 0.8831487889273356, ""ap"": 0.8557474706243857, ""neg_fail"": 0.0, ""n_test"": 170}, ""hasIntensity"": {""auc"": 0.6462367346938775, ""ap"": 0.6191760579923067, ""neg_fail"": 0.0, ""n_test"": 175}, ""hasMechanic"": {""auc"": 0.8645249158788656, ""ap"": 0.8664624298156173, ""neg_fail"": 0.0, ""n_test"": 158}, ""hasType"": {""auc"": 0.9095183673469388, ""ap"": 0.8956785240591346, ""neg_fail"": 0.0, ""n_test"": 175}, ""isVariationOf"": {""auc"": 0.8298816568047337, ""ap"": 0.8270026396113594, ""neg_fail"": 0.0, ""n_test"": 26}, ""recruits"": {""auc"": 0.8466817450830316, ""ap"": 0.8030197481556627, ""neg_fail"": 0.0, ""n_test"": 341}, ""requires"": {""auc"": 0.7032489795918367, ""ap"": 0.7021875759561309, ""neg_fail"": 0.0, ""n_test"": 175}, ""supportsGoal"": {""auc"": 0.9372727272727274, ""ap"": 0.9192880709452342, ""neg_fail"": 0.0030303029343485832, ""n_test"": 330}, ""targets"": {""auc"": 0.8498938775510204, ""ap"": 0.819523267781906, ""neg_fail"": 0.0, ""n_test"": 175}}"
gcn,"GCN (topology, no relation types)",0.3,11,67328,0.8454549529724356,0.8265547574039067,0.7851738202035383,0.5144391059875488,0.5287514318442154,0.4397064447402954,0.8989690721649485,0.15354064106941223,"{""hasForce"": {""auc"": 0.8891695501730104, ""ap"": 0.8804743912067163, ""neg_fail"": 0.0, ""n_test"": 170}, ""hasIntensity"": {""auc"": 0.6048326530612245, ""ap"": 0.5812796857794835, ""neg_fail"": 0.0, ""n_test"": 175}, ""hasMechanic"": {""auc"": 0.8691716071142446, ""ap"": 0.8543887772432737, ""neg_fail"": 0.0, ""n_test"": 158}, ""hasType"": {""auc"": 0.8829714285714286, ""ap"": 0.8645199541735558, ""neg_fail"": 0.0, ""n_test"": 175}, ""isVariationOf"": {""auc"": 0.8698224852071006, ""ap"": 0.8718706213800992, ""neg_fail"": 0.0, ""n_test"": 26}, ""recruits"": {""auc"": 0.8362759178197642, ""ap"": 0.7839608942738755, ""neg_fail"": 0.0, ""n_test"": 341}, ""requires"": {""auc"": 0.7106285714285714, ""ap"": 0.6952982654925749, ""neg_fail"": 0.0, ""n_test"": 175}, ""supportsGoal"": {""auc"": 0.9313774104683196, ""ap"": 0.9229547095130287, ""neg_fail"": 0.0, ""n_test"": 330}, ""targets"": {""auc"": 0.7763265306122449, ""ap"": 0.7166128906010418, ""neg_fail"": 0.0, ""n_test"": 175}}"
gcn,"GCN (topology, no relation types)",0.3,12,67328,0.8508151716193674,0.8176154589371981,0.7853746777972769,0.5011845827102661,0.4882016036655212,0.4177860617637634,0.9124856815578465,0.1580774188041687,"{""hasForce"": {""auc"": 0.8688927335640138, ""ap"": 0.8820432711707773, ""neg_fail"": 0.0, ""n_test"": 170}, ""hasIntensity"": {""auc"": 0.670530612244898, ""ap"": 0.6279680246832107, ""neg_fail"": 0.0, ""n_test"": 175}, ""hasMechanic"": {""auc"": 0.7983496234577792, ""ap"": 0.8022475897741881, ""neg_fail"": 0.0, ""n_test"": 158}, ""hasType"": {""auc"": 0.8856816326530612, ""ap"": 0.8742848004091078, ""neg_fail"": 0.0, ""n_test"": 175}, ""isVariationOf"": {""auc"": 0.8372781065088758, ""ap"": 0.7919596736449087, ""neg_fail"": 0.0, ""n_test"": 26}, ""recruits"": {""auc"": 0.8288886404485687, ""ap"": 0.7925159433817408, ""neg_fail"": 0.0, ""n_test"": 341}, ""requires"": {""auc"": 0.6822857142857144, ""ap"": 0.6481279427237748, ""neg_fail"": 0.0, ""n_test"": 175}, ""supportsGoal"": {""auc"": 0.9205968778696052, ""ap"": 0.9114119822983422, ""neg_fail"": 0.0, ""n_test"": 330}, ""targets"": {""auc"": 0.7698285714285715, ""ap"": 0.7422914904865459, ""neg_fail"": 0.0, ""n_test"": 175}}"
gcn,"GCN (topology, no relation types)",0.3,13,67328,0.8475312566221658,0.8407692501575299,0.8046447740537334,0.502292275428772,0.5168384879725086,0.42935001850128174,0.9099656357388316,0.14433176815509796,"{""hasForce"": {""auc"": 0.9392387543252595, ""ap"": 0.9397435133857487, ""neg_fail"": 0.0, ""n_test"": 170}, ""hasIntensity"": {""auc"": 0.7016489795918368, ""ap"": 0.6549407940598682, ""neg_fail"": 0.0, ""n_test"": 175}, ""hasMechanic"": {""auc"": 0.8596779362281686, ""ap"": 0.8667938484414779, ""neg_fail"": 0.0, ""n_test"": 158}, ""hasType"": {""auc"": 0.9111510204081632, ""ap"": 0.8886587365618299, ""neg_fail"": 0.0, ""n_test"": 175}, ""isVariationOf"": {""auc"": 0.8372781065088758, ""ap"": 0.8415715523521894, ""neg_fail"": 0.0, ""n_test"": 26}, ""recruits"": {""auc"": 0.8364393151073691, ""ap"": 0.7970458089221854, ""neg_fail"": 0.0, ""n_test"": 341}, ""requires"": {""auc"": 0.7088979591836735, ""ap"": 0.7045234710632848, ""neg_fail"": 0.0, ""n_test"": 175}, ""supportsGoal"": {""auc"": 0.9232966023875115, ""ap"": 0.906464178707594, ""neg_fail"": 0.0, ""n_test"": 330}, ""targets"": {""auc"": 0.8027102040816327, ""ap"": 0.7400847796903718, ""neg_fail"": 0.0, ""n_test"": 175}}"
gcn,"GCN (topology, no relation types)",0.3,14,67328,0.8315803272096978,0.8221810544003361,0.7969320788027405,0.48859384655952454,0.4845360824742268,0.4280601143836975,0.8996563573883162,0.15714433789253235,"{""hasForce"": {""auc"": 0.9100346020761245, ""ap"": 0.9074185994060369, ""neg_fail"": 0.0, ""n_test"": 170}, ""hasIntensity"": {""auc"": 0.6221061224489797, ""ap"": 0.5690001696068596, ""neg_fail"": 0.0, ""n_test"": 175}, ""hasMechanic"": {""auc"": 0.8529081877904182, ""ap"": 0.8520453281550402, ""neg_fail"": 0.0, ""n_test"": 158}, ""hasType"": {""auc"": 0.8917387755102041, ""ap"": 0.8928997803783643, ""neg_fail"": 0.0057142856530845165, ""n_test"": 175}, ""isVariationOf"": {""auc"": 0.8269230769230769, ""ap"": 0.8340036661753918, ""neg_fail"": 0.0, ""n_test"": 26}, ""recruits"": {""auc"": 0.8356309285265864, ""ap"": 0.8046401706255809, ""neg_fail"": 0.0, ""n_test"": 341}, ""requires"": {""auc"": 0.702922448979592, ""ap"": 0.6821341801216253, ""neg_fail"": 0.0, ""n_test"": 175}, ""supportsGoal"": {""auc"": 0.8886317722681358, ""ap"": 0.8775788873412768, ""neg_fail"": 0.0, ""n_test"": 330}, ""targets"": {""auc"": 0.7773387755102041, ""ap"": 0.7536294393734317, ""neg_fail"": 0.0, ""n_test"": 175}}"
gcn,"GCN (topology, no relation types)",0.3,15,67328,0.8391098994245847,0.8222254148288176,0.7884490974628184,0.5000088214874268,0.5117983963344788,0.43205827474594116,0.9049255441008018,0.13886208832263947,"{""hasForce"": {""auc"": 0.9060207612456748, ""ap"": 0.89574694433192, ""neg_fail"": 0.0, ""n_test"": 170}, ""hasIntensity"": {""auc"": 0.6464326530612244, ""ap"": 0.6215596748265755, ""neg_fail"": 0.0, ""n_test"": 175}, ""hasMechanic"": {""auc"": 0.8332398654061849, ""ap"": 0.8104687721550525, ""neg_fail"": 0.0, ""n_test"": 158}, ""hasType"": {""auc"": 0.9249632653061224, ""ap"": 0.9251807068009444, ""neg_fail"": 0.0, ""n_test"": 175}, ""isVariationOf"": {""auc"": 0.8979289940828402, ""ap"": 0.9090431805285042, ""neg_fail"": 0.0, ""n_test"": 26}, ""recruits"": {""auc"": 0.7990213362458183, ""ap"": 0.7618274977929052, ""neg_fail"": 0.0, ""n_test"": 341}, ""requires"": {""auc"": 0.7094530612244897, ""ap"": 0.7210489223788961, ""neg_fail"": 0.0, ""n_test"": 175}, ""supportsGoal"": {""auc"": 0.9125252525252524, ""ap"": 0.8875830200489976, ""neg_fail"": 0.0, ""n_test"": 330}, ""targets"": {""auc"": 0.7735510204081631, ""ap"": 0.7108087301620372, ""neg_fail"": 0.0, ""n_test"": 175}}"
gcn,"GCN (topology, no relation types)",0.3,16,67328,0.8462373873213033,0.8203597563537071,0.786615491704751,0.49233177304267883,0.5079037800687285,0.4469478130340576,0.9095074455899198,0.13872304558753967,"{""hasForce"": {""auc"": 0.8880622837370242, ""ap"": 0.8734546071404076, ""neg_fail"": 0.0, ""n_test"": 170}, ""hasIntensity"": {""auc"": 0.6019918367346939, ""ap"": 0.5808056910842201, ""neg_fail"": 0.0, ""n_test"": 175}, ""hasMechanic"": {""auc"": 0.8211424451209742, ""ap"": 0.802474103216599, ""neg_fail"": 0.0, ""n_test"": 158}, ""hasType"": {""auc"": 0.8928979591836735, ""ap"": 0.8751149466872021, ""neg_fail"": 0.0, ""n_test"": 175}, ""isVariationOf"": {""auc"": 0.7633136094674556, ""ap"": 0.6911975090369236, ""neg_fail"": 0.0, ""n_test"": 26}, ""recruits"": {""auc"": 0.8343667495119581, ""ap"": 0.7962548385768677, ""neg_fail"": 0.0, ""n_test"": 341}, ""requires"": {""auc"": 0.6570448979591836, ""ap"": 0.647441780626596, ""neg_fail"": 0.0, ""n_test"": 175}, ""supportsGoal"": {""auc"": 0.9433792470156107, ""ap"": 0.938186604170363, ""neg_fail"": 0.0, ""n_test"": 330}, ""targets"": {""auc"": 0.8046367346938775, ""ap"": 0.769226589613598, ""neg_fail"": 0.0, ""n_test"": 175}}"
gcn,"GCN (topology, no relation types)",0.3,17,67328,0.8360637031965704,0.8322004620877967,0.8099898041725707,0.49362409114837646,0.4962199312714777,0.46238330006599426,0.9115693012600229,0.15332795679569244,"{""hasForce"": {""auc"": 0.893598615916955, ""ap"": 0.8876928934710709, ""neg_fail"": 0.0, ""n_test"": 170}, ""hasIntensity"": {""auc"": 0.6712489795918367, ""ap"": 0.6432153299424739, ""neg_fail"": 0.0, ""n_test"": 175}, ""hasMechanic"": {""auc"": 0.8625220317256849, ""ap"": 0.8680256100749512, ""neg_fail"": 0.0, ""n_test"": 158}, ""hasType"": {""auc"": 0.9003428571428571, ""ap"": 0.9058220835091344, ""neg_fail"": 0.0, ""n_test"": 175}, ""isVariationOf"": {""auc"": 0.8875739644970415, ""ap"": 0.8946398956055107, ""neg_fail"": 0.0, ""n_test"": 26}, ""recruits"": {""auc"": 0.831365399334371, ""ap"": 0.7999654427513554, ""neg_fail"": 0.0, ""n_test"": 341}, ""requires"": {""auc"": 0.7033469387755102, ""ap"": 0.6852499768143466, ""neg_fail"": 0.0, ""n_test"": 175}, ""supportsGoal"": {""auc"": 0.9123783287419651, ""ap"": 0.8967588924901007, ""neg_fail"": 0.0, ""n_test"": 330}, ""targets"": {""auc"": 0.8174367346938776, ""ap"": 0.7855960048583439, ""neg_fail"": 0.0, ""n_test"": 175}}"
gcn,"GCN (topology, no relation types)",0.3,18,67328,0.8423204612015801,0.8283321991178323,0.7904679336096634,0.5144103765487671,0.49828178694158076,0.42593637108802795,0.8964490263459336,0.1379103809595108,"{""hasForce"": {""auc"": 0.8750519031141868, ""ap"": 0.8874312803208256, ""neg_fail"": 0.0, ""n_test"": 170}, ""hasIntensity"": {""auc"": 0.6234122448979592, ""ap"": 0.58938586142637, ""neg_fail"": 0.0, ""n_test"": 175}, ""hasMechanic"": {""auc"": 0.8303156545425412, ""ap"": 0.8255370961213007, ""neg_fail"": 0.0, ""n_test"": 158}, ""hasType"": {""auc"": 0.8910367346938776, ""ap"": 0.869643946441298, ""neg_fail"": 0.0, ""n_test"": 175}, ""isVariationOf"": {""auc"": 0.8535502958579881, ""ap"": 0.8529329254225024, ""neg_fail"": 0.0, ""n_test"": 26}, ""recruits"": {""auc"": 0.8107343418099259, ""ap"": 0.751804153513772, ""neg_fail"": 0.0, ""n_test"": 341}, ""requires"": {""auc"": 0.6902204081632652, ""ap"": 0.6422320127300493, ""neg_fail"": 0.0, ""n_test"": 175}, ""supportsGoal"": {""auc"": 0.939384756657484, ""ap"": 0.9366157129190252, ""neg_fail"": 0.0, ""n_test"": 330}, ""targets"": {""auc"": 0.8351020408163266, ""ap"": 0.7864550469963929, ""neg_fail"": 0.0, ""n_test"": 175}}"
gcn,"GCN (topology, no relation types)",0.3,19,67328,0.8509537277019794,0.8349902961562696,0.7996430988520447,0.4977222681045532,0.5074455899198167,0.4091860055923462,0.9003436426116839,0.15295518934726715,"{""hasForce"": {""auc"": 0.8777854671280276, ""ap"": 0.8404790794686763, ""neg_fail"": 0.0, ""n_test"": 170}, ""hasIntensity"": {""auc"": 0.674677551020408, ""ap"": 0.6137746187335587, ""neg_fail"": 0.0, ""n_test"": 175}, ""hasMechanic"": {""auc"": 0.895529562570101, ""ap"": 0.9060021526920561, ""neg_fail"": 0.0, ""n_test"": 158}, ""hasType"": {""auc"": 0.8944979591836735, ""ap"": 0.886353554515124, ""neg_fail"": 0.0, ""n_test"": 175}, ""isVariationOf"": {""auc"": 0.886094674556213, ""ap"": 0.8814114411934318, ""neg_fail"": 0.0, ""n_test"": 26}, ""recruits"": {""auc"": 0.8369209071129419, ""ap"": 0.7884707586403713, ""neg_fail"": 0.0, ""n_test"": 341}, ""requires"": {""auc"": 0.7202612244897959, ""ap"": 0.6912646357821253, ""neg_fail"": 0.0, ""n_test"": 175}, ""supportsGoal"": {""auc"": 0.9120752984389348, ""ap"": 0.9029745703209174, ""neg_fail"": 0.0, ""n_test"": 330}, ""targets"": {""auc"": 0.7879510204081634, ""ap"": 0.7326511125231492, ""neg_fail"": 0.0, ""n_test"": 175}}"
gcn,"GCN (topology, no relation types)",0.3,20,67328,0.8495831091984938,0.815390884268011,0.7684519311889463,0.49664485454559326,0.5005727376861397,0.4279833436012268,0.8971363115693013,0.13818353414535522,"{""hasForce"": {""auc"": 0.8449480968858132, ""ap"": 0.8175558107231541, ""neg_fail"": 0.0, ""n_test"": 170}, ""hasIntensity"": {""auc"": 0.6391836734693878, ""ap"": 0.6110414433562739, ""neg_fail"": 0.0, ""n_test"": 175}, ""hasMechanic"": {""auc"": 0.8272712706297067, ""ap"": 0.8378806952038842, ""neg_fail"": 0.0, ""n_test"": 158}, ""hasType"": {""auc"": 0.8893061224489797, ""ap"": 0.8446629318587778, ""neg_fail"": 0.0, ""n_test"": 175}, ""isVariationOf"": {""auc"": 0.7396449704142012, ""ap"": 0.6446601909808342, ""neg_fail"": 0.0, ""n_test"": 26}, ""recruits"": {""auc"": 0.8068214067646478, ""ap"": 0.7586502141626975, ""neg_fail"": 0.0, ""n_test"": 341}, ""requires"": {""auc"": 0.7049795918367348, ""ap"": 0.6486754022050141, ""neg_fail"": 0.0, ""n_test"": 175}, ""supportsGoal"": {""auc"": 0.930532598714417, ""ap"": 0.913800694470263, ""neg_fail"": 0.0, ""n_test"": 330}, ""targets"": {""auc"": 0.7847510204081632, ""ap"": 0.7671135209400441, ""neg_fail"": 0.0, ""n_test"": 175}}"
gcn,"GCN (topology, no relation types)",0.3,21,67328,0.8408167201873495,0.8460073093887839,0.8140662274056384,0.499695360660553,0.5179839633447881,0.425810307264328,0.8870561282932417,0.10908017307519913,"{""hasForce"": {""auc"": 0.9150865051903113, ""ap"": 0.914961790966913, ""neg_fail"": 0.0, ""n_test"": 170}, ""hasIntensity"": {""auc"": 0.6786938775510204, ""ap"": 0.6433863430068956, ""neg_fail"": 0.0, ""n_test"": 175}, ""hasMechanic"": {""auc"": 0.8933263900016023, ""ap"": 0.8752211370482526, ""neg_fail"": 0.0, ""n_test"": 158}, ""hasType"": {""auc"": 0.9182367346938776, ""ap"": 0.8984024368243158, ""neg_fail"": 0.0, ""n_test"": 175}, ""isVariationOf"": {""auc"": 0.9393491124260356, ""ap"": 0.9284436007344993, ""neg_fail"": 0.0, ""n_test"": 26}, ""recruits"": {""auc"": 0.8476621288086617, ""ap"": 0.7990279161983496, ""neg_fail"": 0.0, ""n_test"": 341}, ""requires"": {""auc"": 0.7278367346938776, ""ap"": 0.7322045989674024, ""neg_fail"": 0.0, ""n_test"": 175}, ""supportsGoal"": {""auc"": 0.9109917355371902, ""ap"": 0.9020199510814813, ""neg_fail"": 0.0, ""n_test"": 330}, ""targets"": {""auc"": 0.8187428571428571, ""ap"": 0.7711490658814383, ""neg_fail"": 0.0, ""n_test"": 175}}"
gcn,"GCN (topology, no relation types)",0.3,22,67328,0.8503424508669264,0.8320816635160682,0.8053056674325438,0.5186919569969177,0.515922107674685,0.45417144894599915,0.9147766323024055,0.13641469180583954,"{""hasForce"": {""auc"": 0.9063667820069203, ""ap"": 0.9052374709270611, ""neg_fail"": 0.0, ""n_test"": 170}, ""hasIntensity"": {""auc"": 0.6566857142857143, ""ap"": 0.611302514087092, ""neg_fail"": 0.0, ""n_test"": 175}, ""hasMechanic"": {""auc"": 0.8164957538855953, ""ap"": 0.8292552828080939, ""neg_fail"": 0.0, ""n_test"": 158}, ""hasType"": {""auc"": 0.9093877551020408, ""ap"": 0.903427934483684, ""neg_fail"": 0.0, ""n_test"": 175}, ""isVariationOf"": {""auc"": 0.8727810650887574, ""ap"": 0.8677561508131554, ""neg_fail"": 0.0, ""n_test"": 26}, ""recruits"": {""auc"": 0.819411597767477, ""ap"": 0.7805455690149624, ""neg_fail"": 0.0, ""n_test"": 341}, ""requires"": {""auc"": 0.7359020408163266, ""ap"": 0.7256831410228113, ""neg_fail"": 0.0, ""n_test"": 175}, ""supportsGoal"": {""auc"": 0.9117355371900827, ""ap"": 0.892584580981042, ""neg_fail"": 0.0, ""n_test"": 330}, ""targets"": {""auc"": 0.8337959183673469, ""ap"": 0.7956542319475062, ""neg_fail"": 0.0, ""n_test"": 175}}"
gcn,"GCN (topology, no relation types)",0.3,23,67328,0.8555063817301579,0.836879143037177,0.8123381772127057,0.4963144063949585,0.5051546391752577,0.4832853376865387,0.8966781214203895,0.15835238993167877,"{""hasForce"": {""auc"": 0.914878892733564, ""ap"": 0.91761278453502, ""neg_fail"": 0.0, ""n_test"": 170}, ""hasIntensity"": {""auc"": 0.6362448979591837, ""ap"": 0.603571515677487, ""neg_fail"": 0.0, ""n_test"": 175}, ""hasMechanic"": {""auc"": 0.8658868771030284, ""ap"": 0.8698532806755037, ""neg_fail"": 0.0, ""n_test"": 158}, ""hasType"": {""auc"": 0.9143183673469387, ""ap"": 0.905350528853596, ""neg_fail"": 0.0, ""n_test"": 175}, ""isVariationOf"": {""auc"": 0.8786982248520709, ""ap"": 0.9125462147108285, ""neg_fail"": 0.0, ""n_test"": 26}, ""recruits"": {""auc"": 0.8319071903406404, ""ap"": 0.794962661200735, ""neg_fail"": 0.0, ""n_test"": 341}, ""requires"": {""auc"": 0.6688326530612244, ""ap"": 0.6547185704674462, ""neg_fail"": 0.0, ""n_test"": 175}, ""supportsGoal"": {""auc"": 0.9409825528007345, ""ap"": 0.9381903549863955, ""neg_fail"": 0.0, ""n_test"": 330}, ""targets"": {""auc"": 0.81185306122449, ""ap"": 0.7822279310415288, ""neg_fail"": 0.0, ""n_test"": 175}}"
gcn,"GCN (topology, no relation types)",0.3,24,67328,0.826519634211942,0.8229113211510186,0.7837903798400241,0.5080779194831848,0.48064146620847653,0.37002143263816833,0.9028636884306988,0.12817764282226562,"{""hasForce"": {""auc"": 0.9000692041522491, ""ap"": 0.8951541502867691, ""neg_fail"": 0.0, ""n_test"": 170}, ""hasIntensity"": {""auc"": 0.6264816326530611, ""ap"": 0.5970122986901721, ""neg_fail"": 0.0, ""n_test"": 175}, ""hasMechanic"": {""auc"": 0.8937269668322384, ""ap"": 0.9020108990235117, ""neg_fail"": 0.0, ""n_test"": 158}, ""hasType"": {""auc"": 0.878661224489796, ""ap"": 0.8650921109445449, ""neg_fail"": 0.0, ""n_test"": 175}, ""isVariationOf"": {""auc"": 0.9112426035502958, ""ap"": 0.9208261285882167, ""neg_fail"": 0.0, ""n_test"": 26}, ""recruits"": {""auc"": 0.819781391628899, ""ap"": 0.7567555522259208, ""neg_fail"": 0.0, ""n_test"": 341}, ""requires"": {""auc"": 0.6515918367346938, ""ap"": 0.6373922345147823, ""neg_fail"": 0.0, ""n_test"": 175}, ""supportsGoal"": {""auc"": 0.9110835629017447, ""ap"": 0.8942062424834234, ""neg_fail"": 0.0, ""n_test"": 330}, ""targets"": {""auc"": 0.8211591836734693, ""ap"": 0.7597706953244237, ""neg_fail"": 0.0, ""n_test"": 175}}"
gcn,"GCN (topology, no relation types)",0.3,25,67328,0.840448595693351,0.8051486662465869,0.7742245240092551,0.5179396271705627,0.5189003436426117,0.39183712005615234,0.897823596792669,0.10136561840772629,"{""hasForce"": {""auc"": 0.8588235294117648, ""ap"": 0.8593091862348308, ""neg_fail"": 0.0, ""n_test"": 170}, ""hasIntensity"": {""auc"": 0.647608163265306, ""ap"": 0.6058606046651622, ""neg_fail"": 0.0, ""n_test"": 175}, ""hasMechanic"": {""auc"": 0.8108876782566896, ""ap"": 0.8038061584613143, ""neg_fail"": 0.0, ""n_test"": 158}, ""hasType"": {""auc"": 0.8374857142857143, ""ap"": 0.8011161195594179, ""neg_fail"": 0.0, ""n_test"": 175}, ""isVariationOf"": {""auc"": 0.9260355029585798, ""ap"": 0.9049443594310462, ""neg_fail"": 0.0, ""n_test"": 26}, ""recruits"": {""auc"": 0.8192825999088416, ""ap"": 0.7649905444959324, ""neg_fail"": 0.0, ""n_test"": 341}, ""requires"": {""auc"": 0.6686040816326531, ""ap"": 0.6799304073219365, ""neg_fail"": 0.0, ""n_test"": 175}, ""supportsGoal"": {""auc"": 0.8834802571166207, ""ap"": 0.8628390970480713, ""neg_fail"": 0.0, ""n_test"": 330}, ""targets"": {""auc"": 0.8148897959183674, ""ap"": 0.7870359705216093, ""neg_fail"": 0.0, ""n_test"": 175}}"
gcn,"GCN (topology, no relation types)",0.3,26,67328,0.8439206481164524,0.8248672127704264,0.7926846749912883,0.5281910300254822,0.5175257731958763,0.42139190435409546,0.9040091638029782,0.10854137688875198,"{""hasForce"": {""auc"": 0.8829065743944636, ""ap"": 0.8922623252146965, ""neg_fail"": 0.0, ""n_test"": 170}, ""hasIntensity"": {""auc"": 0.6791510204081633, ""ap"": 0.6270203843987522, ""neg_fail"": 0.0, ""n_test"": 175}, ""hasMechanic"": {""auc"": 0.8387277679858997, ""ap"": 0.8183118706317656, ""neg_fail"": 0.0, ""n_test"": 158}, ""hasType"": {""auc"": 0.8504489795918367, ""ap"": 0.825875627029599, ""neg_fail"": 0.0, ""n_test"": 175}, ""isVariationOf"": {""auc"": 0.9334319526627219, ""ap"": 0.9384869589503277, ""neg_fail"": 0.0, ""n_test"": 26}, ""recruits"": {""auc"": 0.8316577944806116, ""ap"": 0.7866967996935614, ""neg_fail"": 0.0, ""n_test"": 341}, ""requires"": {""auc"": 0.7037714285714286, ""ap"": 0.6728771788033472, ""neg_fail"": 0.0, ""n_test"": 175}, ""supportsGoal"": {""auc"": 0.9111019283746558, ""ap"": 0.903236249322845, ""neg_fail"": 0.0, ""n_test"": 330}, ""targets"": {""auc"": 0.8126693877551021, ""ap"": 0.7725412391988261, ""neg_fail"": 0.0, ""n_test"": 175}}"
gcn,"GCN (topology, no relation types)",0.3,27,67328,0.8405416456115758,0.817041965973535,0.782506839968256,0.4932214617729187,0.5019473081328751,0.4016866087913513,0.8957617411225659,0.12632547318935394,"{""hasForce"": {""auc"": 0.91840830449827, ""ap"": 0.9270010324516283, ""neg_fail"": 0.0, ""n_test"": 170}, ""hasIntensity"": {""auc"": 0.6141061224489796, ""ap"": 0.5602904600233773, ""neg_fail"": 0.0, ""n_test"": 175}, ""hasMechanic"": {""auc"": 0.8642845697804837, ""ap"": 0.8669889600710122, ""neg_fail"": 0.0, ""n_test"": 158}, ""hasType"": {""auc"": 0.8643918367346938, ""ap"": 0.8547779224430635, ""neg_fail"": 0.0, ""n_test"": 175}, ""isVariationOf"": {""auc"": 0.8905325443786982, ""ap"": 0.8948974560102021, ""neg_fail"": 0.0, ""n_test"": 26}, ""recruits"": {""auc"": 0.8242877168239008, ""ap"": 0.7896464048169619, ""neg_fail"": 0.0, ""n_test"": 341}, ""requires"": {""auc"": 0.675265306122449, ""ap"": 0.6436893878502646, ""neg_fail"": 0.0, ""n_test"": 175}, ""supportsGoal"": {""auc"": 0.9128374655647382, ""ap"": 0.8897992045250833, ""neg_fail"": 0.0, ""n_test"": 330}, ""targets"": {""auc"": 0.7713306122448979, ""ap"": 0.7172040714107353, ""neg_fail"": 0.0, ""n_test"": 175}}"
gcn,"GCN (topology, no relation types)",0.3,28,67328,0.8461192071331931,0.8358193656794791,0.8073454290201681,0.520410418510437,0.529438717067583,0.412065327167511,0.9012600229095075,0.11480633914470673,"{""hasForce"": {""auc"": 0.8961245674740485, ""ap"": 0.9008427816857648, ""neg_fail"": 0.0, ""n_test"": 170}, ""hasIntensity"": {""auc"": 0.7213387755102041, ""ap"": 0.6562780666987598, ""neg_fail"": 0.0, ""n_test"": 175}, ""hasMechanic"": {""auc"": 0.8239865406184906, ""ap"": 0.8275526060555276, ""neg_fail"": 0.0, ""n_test"": 158}, ""hasType"": {""auc"": 0.9041959183673469, ""ap"": 0.8840799861891346, ""neg_fail"": 0.0, ""n_test"": 175}, ""isVariationOf"": {""auc"": 0.9215976331360948, ""ap"": 0.9433419320247964, ""neg_fail"": 0.0, ""n_test"": 26}, ""recruits"": {""auc"": 0.8339109570781126, ""ap"": 0.806297242068714, ""neg_fail"": 0.0, ""n_test"": 341}, ""requires"": {""auc"": 0.6792816326530613, ""ap"": 0.6704864722744563, ""neg_fail"": 0.0, ""n_test"": 175}, ""supportsGoal"": {""auc"": 0.9326262626262627, ""ap"": 0.9268976343571672, ""neg_fail"": 0.0, ""n_test"": 330}, ""targets"": {""auc"": 0.8018938775510204, ""ap"": 0.755731183792331, ""neg_fail"": 0.0, ""n_test"": 175}}"
gcn,"GCN (topology, no relation types)",0.3,29,67328,0.8444714764644835,0.8210602814534762,0.7862721626772489,0.513144314289093,0.49026345933562426,0.4446525573730469,0.9138602520045819,0.1487305909395218,"{""hasForce"": {""auc"": 0.89, ""ap"": 0.9018517574948834, ""neg_fail"": 0.0, ""n_test"": 170}, ""hasIntensity"": {""auc"": 0.6416979591836736, ""ap"": 0.5999396219352484, ""neg_fail"": 0.0, ""n_test"": 175}, ""hasMechanic"": {""auc"": 0.8491427655824388, ""ap"": 0.8451096907670641, ""neg_fail"": 0.0, ""n_test"": 158}, ""hasType"": {""auc"": 0.9129142857142858, ""ap"": 0.87355796076748, ""neg_fail"": 0.0, ""n_test"": 175}, ""isVariationOf"": {""auc"": 0.92603550295858, ""ap"": 0.9392878568965524, ""neg_fail"": 0.0, ""n_test"": 26}, ""recruits"": {""auc"": 0.8158168574401664, ""ap"": 0.777616301797042, ""neg_fail"": 0.0, ""n_test"": 341}, ""requires"": {""auc"": 0.6698448979591837, ""ap"": 0.6687611235795842, ""neg_fail"": 0.0, ""n_test"": 175}, ""supportsGoal"": {""auc"": 0.9112764003673095, ""ap"": 0.8936305238878001, ""neg_fail"": 0.0, ""n_test"": 330}, ""targets"": {""auc"": 0.7834122448979591, ""ap"": 0.7237891053341678, ""neg_fail"": 0.0, ""n_test"": 175}}"
gcn_distmult,GCN + relation-aware decoder,0.0,0,67904,0.8520805146679272,0.832504263810124,0.8127581615976176,0.34870103001594543,0.395418098510882,0.9365968108177185,0.9466208476517755,0.41422492265701294,"{""hasForce"": {""auc"": 0.8717993079584776, ""ap"": 0.8742189293643445, ""neg_fail"": 0.0, ""n_test"": 170}, ""hasIntensity"": {""auc"": 0.6552489795918368, ""ap"": 0.6130141299682389, ""neg_fail"": 0.0, ""n_test"": 175}, ""hasMechanic"": {""auc"": 0.894287774395129, ""ap"": 0.8976219048988046, ""neg_fail"": 0.0, ""n_test"": 158}, ""hasType"": {""auc"": 0.9434775510204083, ""ap"": 0.9272529717210299, ""neg_fail"": 0.0, ""n_test"": 175}, ""isVariationOf"": {""auc"": 0.7026627218934911, ""ap"": 0.7224490490596881, ""neg_fail"": 0.0, ""n_test"": 26}, ""recruits"": {""auc"": 0.7913502635856244, ""ap"": 0.7477199347898276, ""neg_fail"": 0.0, ""n_test"": 341}, ""requires"": {""auc"": 0.6395428571428572, ""ap"": 0.6183303029576768, ""neg_fail"": 0.0, ""n_test"": 175}, ""supportsGoal"": {""auc"": 0.9531864095500459, ""ap"": 0.9350124348997224, ""neg_fail"": 0.0, ""n_test"": 330}, ""targets"": {""auc"": 0.7465795918367346, ""ap"": 0.6723246874931132, ""neg_fail"": 0.0, ""n_test"": 175}}"
gcn_distmult,GCN + relation-aware decoder,0.0,1,67904,0.8128569177520227,0.7851563957151858,0.7856941696655405,0.21013349294662476,0.402290950744559,0.7819965481758118,0.9406643757159221,0.5232757925987244,"{""hasForce"": {""auc"": 0.7865743944636678, ""ap"": 0.7710907812772421, ""neg_fail"": 0.0, ""n_test"": 170}, ""hasIntensity"": {""auc"": 0.5998693877551021, ""ap"": 0.5332780091881183, ""neg_fail"": 0.0, ""n_test"": 175}, ""hasMechanic"": {""auc"": 0.6034289376702451, ""ap"": 0.6583414108269701, ""neg_fail"": 0.0, ""n_test"": 158}, ""hasType"": {""auc"": 0.9565061224489796, ""ap"": 0.9586832687426502, ""neg_fail"": 0.0, ""n_test"": 175}, ""isVariationOf"": {""auc"": 0.5428994082840236, ""ap"": 0.5182828717488975, ""neg_fail"": 0.0, ""n_test"": 26}, ""recruits"": {""auc"": 0.8060474196128344, ""ap"": 0.7756698959772105, ""neg_fail"": 0.0, ""n_test"": 341}, ""requires"": {""auc"": 0.6727183673469388, ""ap"": 0.6701897600746082, ""neg_fail"": 0.0, ""n_test"": 175}, ""supportsGoal"": {""auc"": 0.9341689623507805, ""ap"": 0.9252589173147373, ""neg_fail"": 0.0030303029343485832, ""n_test"": 330}, ""targets"": {""auc"": 0.6487183673469388, ""ap"": 0.6009666588705045, ""neg_fail"": 0.0, ""n_test"": 175}}"
gcn_distmult,GCN + relation-aware decoder,0.0,2,67904,0.8381040094326807,0.8184519218651544,0.7853465254385761,0.34625035524368286,0.3415807560137457,1.0181407928466797,0.9305841924398626,0.4394397735595703,"{""hasForce"": {""auc"": 0.7527681660899654, ""ap"": 0.7206508338125522, ""neg_fail"": 0.0, ""n_test"": 170}, ""hasIntensity"": {""auc"": 0.6997224489795919, ""ap"": 0.6578877536382778, ""neg_fail"": 0.0, ""n_test"": 175}, ""hasMechanic"": {""auc"": 0.886957218394488, ""ap"": 0.8942113149419686, ""neg_fail"": 0.0, ""n_test"": 158}, ""hasType"": {""auc"": 0.8921795918367347, ""ap"": 0.8363786209809719, ""neg_fail"": 0.0, ""n_test"": 175}, ""isVariationOf"": {""auc"": 0.735207100591716, ""ap"": 0.7044149697563274, ""neg_fail"": 0.0, ""n_test"": 26}, ""recruits"": {""auc"": 0.7532614958591687, ""ap"": 0.7197448074849793, ""neg_fail"": 0.0, ""n_test"": 341}, ""requires"": {""auc"": 0.6506122448979592, ""ap"": 0.6513833684824148, ""neg_fail"": 0.0, ""n_test"": 175}, ""supportsGoal"": {""auc"": 0.9468686868686869, ""ap"": 0.9106925258468648, ""neg_fail"": 0.0030303029343485832, ""n_test"": 330}, ""targets"": {""auc"": 0.697404081632653, ""ap"": 0.6620214655140697, ""neg_fail"": 0.0, ""n_test"": 175}}"
gcn_distmult,GCN + relation-aware decoder,0.0,3,67904,0.795483071706848,0.7854504515858013,0.7730892342025124,0.23716965317726135,0.3837342497136312,0.9616174101829529,0.9461626575028637,0.5084912180900574,"{""hasForce"": {""auc"": 0.7450519031141869, ""ap"": 0.7219308230814597, ""neg_fail"": 0.0, ""n_test"": 170}, ""hasIntensity"": {""auc"": 0.5998040816326531, ""ap"": 0.5374458184812811, ""neg_fail"": 0.0, ""n_test"": 175}, ""hasMechanic"": {""auc"": 0.8175773113283128, ""ap"": 0.8361466317534783, ""neg_fail"": 0.0, ""n_test"": 158}, ""hasType"": {""auc"": 0.9587265306122449, ""ap"": 0.9592613270485468, ""neg_fail"": 0.0, ""n_test"": 175}, ""isVariationOf"": {""auc"": 0.6612426035502958, ""ap"": 0.6484801948151733, ""neg_fail"": 0.0, ""n_test"": 26}, ""recruits"": {""auc"": 0.7167465020080667, ""ap"": 0.6772794481725417, ""neg_fail"": 0.0, ""n_test"": 341}, ""requires"": {""auc"": 0.6550857142857143, ""ap"": 0.6247800222608118, ""neg_fail"": 0.0, ""n_test"": 175}, ""supportsGoal"": {""auc"": 0.9433149678604225, ""ap"": 0.9415744230752723, ""neg_fail"": 0.0, ""n_test"": 330}, ""targets"": {""auc"": 0.6425795918367347, ""ap"": 0.5956138365325027, ""neg_fail"": 0.0, ""n_test"": 175}}"
gcn_distmult,GCN + relation-aware decoder,0.0,4,67904,0.8146730891486136,0.8044333543373241,0.7954211059055988,0.3163842260837555,0.38258877434135163,0.9597218632698059,0.945475372279496,0.44729113578796387,"{""hasForce"": {""auc"": 0.7869896193771627, ""ap"": 0.7996471931881529, ""neg_fail"": 0.0, ""n_test"": 170}, ""hasIntensity"": {""auc"": 0.6856489795918368, ""ap"": 0.6903531517020374, ""neg_fail"": 0.0, ""n_test"": 175}, ""hasMechanic"": {""auc"": 0.7425492709501682, ""ap"": 0.746341338045894, ""neg_fail"": 0.0, ""n_test"": 158}, ""hasType"": {""auc"": 0.9104979591836734, ""ap"": 0.8777867900550061, ""neg_fail"": 0.0, ""n_test"": 175}, ""isVariationOf"": {""auc"": 0.6789940828402367, ""ap"": 0.7206178735490294, ""neg_fail"": 0.0, ""n_test"": 26}, ""recruits"": {""auc"": 0.7871621331085904, ""ap"": 0.7844338262919914, ""neg_fail"": 0.0, ""n_test"": 341}, ""requires"": {""auc"": 0.7054693877551019, ""ap"": 0.7052177713897176, ""neg_fail"": 0.0, ""n_test"": 175}, ""supportsGoal"": {""auc"": 0.9433976124885215, ""ap"": 0.9264156976797597, ""neg_fail"": 0.0, ""n_test"": 330}, ""targets"": {""auc"": 0.7164734693877551, ""ap"": 0.664486463632808, ""neg_fail"": 0.0, ""n_test"": 175}}"
gcn_distmult,GCN + relation-aware decoder,0.0,5,67904,0.8173436897213121,0.8081811384162991,0.7846339297645633,0.3180396258831024,0.35784650630011455,1.0342037677764893,0.920274914089347,0.46851131319999695,"{""hasForce"": {""auc"": 0.6968512110726645, ""ap"": 0.6921055499110241, ""neg_fail"": 0.0, ""n_test"": 170}, ""hasIntensity"": {""auc"": 0.7177142857142857, ""ap"": 0.6910916857454119, ""neg_fail"": 0.0, ""n_test"": 175}, ""hasMechanic"": {""auc"": 0.9229290177856113, ""ap"": 0.9239210232075767, ""neg_fail"": 0.0, ""n_test"": 158}, ""hasType"": {""auc"": 0.9081469387755102, ""ap"": 0.8768881098303276, ""neg_fail"": 0.0, ""n_test"": 175}, ""isVariationOf"": {""auc"": 0.5961538461538461, ""ap"": 0.5456487340152706, ""neg_fail"": 0.0, ""n_test"": 26}, ""recruits"": {""auc"": 0.7448336357616464, ""ap"": 0.7140494088952157, ""neg_fail"": 0.0, ""n_test"": 341}, ""requires"": {""auc"": 0.6234775510204082, ""ap"": 0.647666427047198, ""neg_fail"": 0.0, ""n_test"": 175}, ""supportsGoal"": {""auc"": 0.9246464646464647, ""ap"": 0.8920341816716066, ""neg_fail"": 0.0, ""n_test"": 330}, ""targets"": {""auc"": 0.7206530612244897, ""ap"": 0.6793466138847404, ""neg_fail"": 0.0, ""n_test"": 175}}"
gcn_distmult,GCN + relation-aware decoder,0.0,6,67904,0.8258295705848154,0.808400252047889,0.7838026449526156,0.33423441648483276,0.33722794959908364,1.048007607460022,0.9418098510882016,0.44733554124832153,"{""hasForce"": {""auc"": 0.7357785467128027, ""ap"": 0.7133426945847282, ""neg_fail"": 0.0, ""n_test"": 170}, ""hasIntensity"": {""auc"": 0.7246367346938776, ""ap"": 0.7178230110312318, ""neg_fail"": 0.0, ""n_test"": 175}, ""hasMechanic"": {""auc"": 0.8157747155904502, ""ap"": 0.7968920280262203, ""neg_fail"": 0.0, ""n_test"": 158}, ""hasType"": {""auc"": 0.937273469387755, ""ap"": 0.9146463750865124, ""neg_fail"": 0.0, ""n_test"": 175}, ""isVariationOf"": {""auc"": 0.6952662721893492, ""ap"": 0.7553726594344214, ""neg_fail"": 0.0, ""n_test"": 26}, ""recruits"": {""auc"": 0.7454614253403393, ""ap"": 0.7227627147932973, ""neg_fail"": 0.0, ""n_test"": 341}, ""requires"": {""auc"": 0.6638367346938776, ""ap"": 0.648802320832346, ""neg_fail"": 0.0, ""n_test"": 175}, ""supportsGoal"": {""auc"": 0.9279522497704316, ""ap"": 0.8892377377559441, ""neg_fail"": 0.0, ""n_test"": 330}, ""targets"": {""auc"": 0.7328, ""ap"": 0.6722479413324155, ""neg_fail"": 0.0, ""n_test"": 175}}"
gcn_distmult,GCN + relation-aware decoder,0.0,7,67904,0.8205834569470933,0.8145952530980887,0.7942781375751319,0.3142688274383545,0.39106529209621993,1.0992679595947266,0.9310423825887744,0.5105770230293274,"{""hasForce"": {""auc"": 0.8723529411764706, ""ap"": 0.8684786692144562, ""neg_fail"": 0.0, ""n_test"": 170}, ""hasIntensity"": {""auc"": 0.6517877551020409, ""ap"": 0.6566677921115369, ""neg_fail"": 0.0, ""n_test"": 175}, ""hasMechanic"": {""auc"": 0.8100064092292901, ""ap"": 0.814001896993914, ""neg_fail"": 0.0, ""n_test"": 158}, ""hasType"": {""auc"": 0.9426938775510204, ""ap"": 0.9292657975516372, ""neg_fail"": 0.0, ""n_test"": 175}, ""isVariationOf"": {""auc"": 0.6109467455621302, ""ap"": 0.6681308643941597, ""neg_fail"": 0.0, ""n_test"": 26}, ""recruits"": {""auc"": 0.7507245379726697, ""ap"": 0.7302354391879049, ""neg_fail"": 0.0, ""n_test"": 341}, ""requires"": {""auc"": 0.6650775510204081, ""ap"": 0.6643978344770535, ""neg_fail"": 0.0, ""n_test"": 175}, ""supportsGoal"": {""auc"": 0.9387052341597795, ""ap"": 0.9078670152459346, ""neg_fail"": 0.0, ""n_test"": 330}, ""targets"": {""auc"": 0.758334693877551, ""ap"": 0.6926231177613349, ""neg_fail"": 0.0, ""n_test"": 175}}"
gcn_distmult,GCN + relation-aware decoder,0.0,8,67904,0.8332776392216952,0.8162029825666877,0.7921033114770524,0.3694796562194824,0.3945017182130584,0.9309673309326172,0.931958762886598,0.40820154547691345,"{""hasForce"": {""auc"": 0.8715570934256056, ""ap"": 0.8675268833383768, ""neg_fail"": 0.0, ""n_test"": 170}, ""hasIntensity"": {""auc"": 0.6260897959183673, ""ap"": 0.5984484270997196, ""neg_fail"": 0.0, ""n_test"": 175}, ""hasMechanic"": {""auc"": 0.7988303156545424, ""ap"": 0.7969958200057907, ""neg_fail"": 0.0, ""n_test"": 158}, ""hasType"": {""auc"": 0.9082448979591836, ""ap"": 0.8732291608340883, ""neg_fail"": 0.0, ""n_test"": 175}, ""isVariationOf"": {""auc"": 0.43491124260355035, ""ap"": 0.44771899066636606, ""neg_fail"": 0.0, ""n_test"": 26}, ""recruits"": {""auc"": 0.7723445790799872, ""ap"": 0.7475428570254179, ""neg_fail"": 0.0, ""n_test"": 341}, ""requires"": {""auc"": 0.6814040816326532, ""ap"": 0.6619153643770366, ""neg_fail"": 0.0, ""n_test"": 175}, ""supportsGoal"": {""auc"": 0.9414233241505969, ""ap"": 0.9173574094546247, ""neg_fail"": 0.0, ""n_test"": 330}, ""targets"": {""auc"": 0.7274448979591837, ""ap"": 0.6698261149848723, ""neg_fail"": 0.0, ""n_test"": 175}}"
gcn_distmult,GCN + relation-aware decoder,0.0,9,67904,0.8212572198586184,0.8030326402016383,0.7690164053256963,0.2943262457847595,0.34730813287514317,1.0291316509246826,0.9243986254295533,0.4601401686668396,"{""hasForce"": {""auc"": 0.7006920415224914, ""ap"": 0.6621920448526639, ""neg_fail"": 0.0, ""n_test"": 170}, ""hasIntensity"": {""auc"": 0.7206204081632652, ""ap"": 0.6937434330694037, ""neg_fail"": 0.0, ""n_test"": 175}, ""hasMechanic"": {""auc"": 0.910591251402019, ""ap"": 0.9110466855153132, ""neg_fail"": 0.0, ""n_test"": 158}, ""hasType"": {""auc"": 0.9173877551020408, ""ap"": 0.876707023032968, ""neg_fail"": 0.0, ""n_test"": 175}, ""isVariationOf"": {""auc"": 0.757396449704142, ""ap"": 0.7653272569469661, ""neg_fail"": 0.0, ""n_test"": 26}, ""recruits"": {""auc"": 0.7517135215555422, ""ap"": 0.7229461871862528, ""neg_fail"": 0.0, ""n_test"": 341}, ""requires"": {""auc"": 0.6541061224489796, ""ap"": 0.6417271073171723, ""neg_fail"": 0.0, ""n_test"": 175}, ""supportsGoal"": {""auc"": 0.9360238751147842, ""ap"": 0.885451295192634, ""neg_fail"": 0.0, ""n_test"": 330}, ""targets"": {""auc"": 0.6830693877551021, ""ap"": 0.6619271394967033, ""neg_fail"": 0.0, ""n_test"": 175}}"
gcn_distmult,GCN + relation-aware decoder,0.0,10,67904,0.8250593617726486,0.804710943079185,0.791378290100255,0.3367117643356323,0.3919816723940435,1.0106401443481445,0.9369988545246277,0.44172030687332153,"{""hasForce"": {""auc"": 0.8147404844290657, ""ap"": 0.8108189851182586, ""neg_fail"": 0.0, ""n_test"": 170}, ""hasIntensity"": {""auc"": 0.6835918367346939, ""ap"": 0.6816190312623592, ""neg_fail"": 0.0, ""n_test"": 175}, ""hasMechanic"": {""auc"": 0.7868931261015862, ""ap"": 0.8053468890681174, ""neg_fail"": 0.0, ""n_test"": 158}, ""hasType"": {""auc"": 0.910269387755102, ""ap"": 0.8925954390431874, ""neg_fail"": 0.0, ""n_test"": 175}, ""isVariationOf"": {""auc"": 0.7115384615384615, ""ap"": 0.7522646857896327, ""neg_fail"": 0.0, ""n_test"": 26}, ""recruits"": {""auc"": 0.739450125127923, ""ap"": 0.7241734663066857, ""neg_fail"": 0.0, ""n_test"": 341}, ""requires"": {""auc"": 0.5492897959183674, ""ap"": 0.5369658858501846, ""neg_fail"": 0.0, ""n_test"": 175}, ""supportsGoal"": {""auc"": 0.9397520661157025, ""ap"": 0.9255565815539742, ""neg_fail"": 0.0, ""n_test"": 330}, ""targets"": {""auc"": 0.7610122448979593, ""ap"": 0.7024576973199861, ""neg_fail"": 0.0, ""n_test"": 175}}"
gcn_distmult,GCN + relation-aware decoder,0.0,11,67904,0.8321868496693671,0.8271233774417139,0.8116747485777381,0.3005031645298004,0.4043528064146621,1.033543586730957,0.9500572737686139,0.49808070063591003,"{""hasForce"": {""auc"": 0.8231833910034603, ""ap"": 0.8370026093238544, ""neg_fail"": 0.0, ""n_test"": 170}, ""hasIntensity"": {""auc"": 0.6645551020408164, ""ap"": 0.60686911122713, ""neg_fail"": 0.0, ""n_test"": 175}, ""hasMechanic"": {""auc"": 0.8115286011857075, ""ap"": 0.8231056438499048, ""neg_fail"": 0.0, ""n_test"": 158}, ""hasType"": {""auc"": 0.9399183673469387, ""ap"": 0.9305783376355795, ""neg_fail"": 0.0, ""n_test"": 175}, ""isVariationOf"": {""auc"": 0.6301775147928995, ""ap"": 0.6569661061485134, ""neg_fail"": 0.0, ""n_test"": 26}, ""recruits"": {""auc"": 0.8009305045536244, ""ap"": 0.7738390211513075, ""neg_fail"": 0.0, ""n_test"": 341}, ""requires"": {""auc"": 0.6811755102040817, ""ap"": 0.630925546351031, ""neg_fail"": 0.0, ""n_test"": 175}, ""supportsGoal"": {""auc"": 0.9419467401285584, ""ap"": 0.9206316575770388, ""neg_fail"": 0.0, ""n_test"": 330}, ""targets"": {""auc"": 0.7497795918367347, ""ap"": 0.7015330170840477, ""neg_fail"": 0.0, ""n_test"": 175}}"
gcn_distmult,GCN + relation-aware decoder,0.0,12,67904,0.8437359066729696,0.8215101029195548,0.8056299959621993,0.3541087508201599,0.365864833906071,0.9216378927230835,0.9333333333333333,0.4293408691883087,"{""hasForce"": {""auc"": 0.7642906574394464, ""ap"": 0.7750157405020528, ""neg_fail"": 0.0, ""n_test"": 170}, ""hasIntensity"": {""auc"": 0.6688, ""ap"": 0.6173819627041959, ""neg_fail"": 0.0, ""n_test"": 175}, ""hasMechanic"": {""auc"": 0.8061608716551836, ""ap"": 0.8197253853966162, ""neg_fail"": 0.0, ""n_test"": 158}, ""hasType"": {""auc"": 0.9296326530612246, ""ap"": 0.9148949253234444, ""neg_fail"": 0.0, ""n_test"": 175}, ""isVariationOf"": {""auc"": 0.5606508875739644, ""ap"": 0.5976940659329824, ""neg_fail"": 0.0, ""n_test"": 26}, ""recruits"": {""auc"": 0.7752427309706659, ""ap"": 0.7491778139584786, ""neg_fail"": 0.0, ""n_test"": 341}, ""requires"": {""auc"": 0.7213387755102041, ""ap"": 0.7222996938139248, ""neg_fail"": 0.0, ""n_test"": 175}, ""supportsGoal"": {""auc"": 0.9463636363636364, ""ap"": 0.930783479461559, ""neg_fail"": 0.0, ""n_test"": 330}, ""targets"": {""auc"": 0.731265306122449, ""ap"": 0.6706676888157194, ""neg_fail"": 0.0, ""n_test"": 175}}"
gcn_distmult,GCN + relation-aware decoder,0.0,13,67904,0.8443376747572552,0.8289095568157951,0.812964326595659,0.29617416858673096,0.3993127147766323,0.9895604252815247,0.9567010309278351,0.5203532576560974,"{""hasForce"": {""auc"": 0.8252595155709344, ""ap"": 0.8310421073587003, ""neg_fail"": 0.0, ""n_test"": 170}, ""hasIntensity"": {""auc"": 0.6602448979591837, ""ap"": 0.6263258539804917, ""neg_fail"": 0.0, ""n_test"": 175}, ""hasMechanic"": {""auc"": 0.8082038134914277, ""ap"": 0.8019767668733684, ""neg_fail"": 0.0, ""n_test"": 158}, ""hasType"": {""auc"": 0.9230693877551019, ""ap"": 0.8823019988626731, ""neg_fail"": 0.0, ""n_test"": 175}, ""isVariationOf"": {""auc"": 0.6775147928994083, ""ap"": 0.7219044144575208, ""neg_fail"": 0.0, ""n_test"": 26}, ""recruits"": {""auc"": 0.7892948977046981, ""ap"": 0.7612259437937249, ""neg_fail"": 0.0, ""n_test"": 341}, ""requires"": {""auc"": 0.7613714285714286, ""ap"": 0.7437529594156346, ""neg_fail"": 0.0, ""n_test"": 175}, ""supportsGoal"": {""auc"": 0.9474196510560147, ""ap"": 0.929552677714984, ""neg_fail"": 0.0, ""n_test"": 330}, ""targets"": {""auc"": 0.6599510204081633, ""ap"": 0.6163352149417186, ""neg_fail"": 0.0, ""n_test"": 175}}"
gcn_distmult,GCN + relation-aware decoder,0.0,14,67904,0.8274433414293555,0.8121618147448016,0.8011082146850167,0.34994417428970337,0.4018327605956472,0.9807664752006531,0.938602520045819,0.4411002993583679,"{""hasForce"": {""auc"": 0.7286505190311419, ""ap"": 0.7140536513824959, ""neg_fail"": 0.0, ""n_test"": 170}, ""hasIntensity"": {""auc"": 0.6507755102040816, ""ap"": 0.6357536822825122, ""neg_fail"": 0.0, ""n_test"": 175}, ""hasMechanic"": {""auc"": 0.7530844415958982, ""ap"": 0.764396129824652, ""neg_fail"": 0.0, ""n_test"": 158}, ""hasType"": {""auc"": 0.9587265306122449, ""ap"": 0.959013707036453, ""neg_fail"": 0.0, ""n_test"": 175}, ""isVariationOf"": {""auc"": 0.7559171597633136, ""ap"": 0.7086287601902371, ""neg_fail"": 0.0, ""n_test"": 26}, ""recruits"": {""auc"": 0.8077501913468237, ""ap"": 0.7859712502941849, ""neg_fail"": 0.0, ""n_test"": 341}, ""requires"": {""auc"": 0.6627591836734694, ""ap"": 0.6344891245167807, ""neg_fail"": 0.0, ""n_test"": 175}, ""supportsGoal"": {""auc"": 0.9291184573002755, ""ap"": 0.9217302054847131, ""neg_fail"": 0.0, ""n_test"": 330}, ""targets"": {""auc"": 0.7048489795918367, ""ap"": 0.6657326326236747, ""neg_fail"": 0.0, ""n_test"": 175}}"
gcn_distmult,GCN + relation-aware decoder,0.0,15,67904,0.8093957324726556,0.7898629699642932,0.7694052895670574,0.30695971846580505,0.3328751431844215,1.0931551456451416,0.9292096219931272,0.4728206396102905,"{""hasForce"": {""auc"": 0.7112110726643599, ""ap"": 0.6681842057123483, ""neg_fail"": 0.0, ""n_test"": 170}, ""hasIntensity"": {""auc"": 0.6573061224489796, ""ap"": 0.6326472710027111, ""neg_fail"": 0.0, ""n_test"": 175}, ""hasMechanic"": {""auc"": 0.7590129786893125, ""ap"": 0.7633105685368546, ""neg_fail"": 0.0, ""n_test"": 158}, ""hasType"": {""auc"": 0.9117061224489795, ""ap"": 0.8967683078023052, ""neg_fail"": 0.0, ""n_test"": 175}, ""isVariationOf"": {""auc"": 0.6523668639053254, ""ap"": 0.6236506689384173, ""neg_fail"": 0.0, ""n_test"": 26}, ""recruits"": {""auc"": 0.7384095424015962, ""ap"": 0.7121541126012062, ""neg_fail"": 0.0, ""n_test"": 341}, ""requires"": {""auc"": 0.6907755102040818, ""ap"": 0.6557849476627795, ""neg_fail"": 0.0, ""n_test"": 175}, ""supportsGoal"": {""auc"": 0.9308907254361799, ""ap"": 0.9148754090230935, ""neg_fail"": 0.0, ""n_test"": 330}, ""targets"": {""auc"": 0.6977632653061225, ""ap"": 0.6548072651247541, ""neg_fail"": 0.0, ""n_test"": 175}}"
gcn_distmult,GCN + relation-aware decoder,0.0,16,67904,0.8436218016637598,0.8192766225582861,0.804548764145885,0.34936076402664185,0.3731958762886598,0.8595606088638306,0.9539518900343643,0.40452104806900024,"{""hasForce"": {""auc"": 0.7714532871972317, ""ap"": 0.739140960234101, ""neg_fail"": 0.0, ""n_test"": 170}, ""hasIntensity"": {""auc"": 0.6981877551020409, ""ap"": 0.6631388307661757, ""neg_fail"": 0.0, ""n_test"": 175}, ""hasMechanic"": {""auc"": 0.8241868290338087, ""ap"": 0.8284145352296189, ""neg_fail"": 0.0, ""n_test"": 158}, ""hasType"": {""auc"": 0.9348897959183674, ""ap"": 0.9329626627084849, ""neg_fail"": 0.0, ""n_test"": 175}, ""isVariationOf"": {""auc"": 0.7396449704142012, ""ap"": 0.727917804035429, ""neg_fail"": 0.0, ""n_test"": 26}, ""recruits"": {""auc"": 0.767176064877323, ""ap"": 0.7565398009443155, ""neg_fail"": 0.0, ""n_test"": 341}, ""requires"": {""auc"": 0.6924734693877552, ""ap"": 0.6989844381962781, ""neg_fail"": 0.0, ""n_test"": 175}, ""supportsGoal"": {""auc"": 0.9512396694214876, ""ap"": 0.9323177884490685, ""neg_fail"": 0.0, ""n_test"": 330}, ""targets"": {""auc"": 0.7570285714285715, ""ap"": 0.7333266769458286, ""neg_fail"": 0.0, ""n_test"": 175}}"
gcn_distmult,GCN + relation-aware decoder,0.0,17,67904,0.7841038138240937,0.7750190296156271,0.7810948903551742,0.2691888213157654,0.3729667812142039,0.9347158670425415,0.9255441008018328,0.4772447943687439,"{""hasForce"": {""auc"": 0.7861937716262976, ""ap"": 0.7477672493319725, ""neg_fail"": 0.0, ""n_test"": 170}, ""hasIntensity"": {""auc"": 0.6588081632653061, ""ap"": 0.665071411031229, ""neg_fail"": 0.0, ""n_test"": 175}, ""hasMechanic"": {""auc"": 0.6574667521230572, ""ap"": 0.7456588333340234, ""neg_fail"": 0.0, ""n_test"": 158}, ""hasType"": {""auc"": 0.9272163265306123, ""ap"": 0.9322320548283674, ""neg_fail"": 0.0, ""n_test"": 175}, ""isVariationOf"": {""auc"": 0.39349112426035504, ""ap"": 0.4498682699589834, ""neg_fail"": 0.0, ""n_test"": 26}, ""recruits"": {""auc"": 0.7192920597518081, ""ap"": 0.697733383168599, ""neg_fail"": 0.0, ""n_test"": 341}, ""requires"": {""auc"": 0.5170285714285714, ""ap"": 0.5697446028493907, ""neg_fail"": 0.0, ""n_test"": 175}, ""supportsGoal"": {""auc"": 0.9548852157943066, ""ap"": 0.9554497916815278, ""neg_fail"": 0.0, ""n_test"": 330}, ""targets"": {""auc"": 0.7103999999999999, ""ap"": 0.6728399637275599, ""neg_fail"": 0.0, ""n_test"": 175}}"
gcn_distmult,GCN + relation-aware decoder,0.0,18,67904,0.8179576833422988,0.8175724427641251,0.8028217674992413,0.3160410523414612,0.33791523482245134,0.9488538503646851,0.9399770904925544,0.4740046262741089,"{""hasForce"": {""auc"": 0.7263321799307958, ""ap"": 0.7284985064764724, ""neg_fail"": 0.0, ""n_test"": 170}, ""hasIntensity"": {""auc"": 0.6747755102040816, ""ap"": 0.6116926510614723, ""neg_fail"": 0.0, ""n_test"": 175}, ""hasMechanic"": {""auc"": 0.8641243390482294, ""ap"": 0.87081462347448, ""neg_fail"": 0.0, ""n_test"": 158}, ""hasType"": {""auc"": 0.9382857142857143, ""ap"": 0.9352586487051433, ""neg_fail"": 0.0, ""n_test"": 175}, ""isVariationOf"": {""auc"": 0.7928994082840237, ""ap"": 0.7582498612319102, ""neg_fail"": 0.0, ""n_test"": 26}, ""recruits"": {""auc"": 0.7687412388954343, ""ap"": 0.7551873586550475, ""neg_fail"": 0.0, ""n_test"": 341}, ""requires"": {""auc"": 0.7097142857142857, ""ap"": 0.7238574562715356, ""neg_fail"": 0.0, ""n_test"": 175}, ""supportsGoal"": {""auc"": 0.9647015610651974, ""ap"": 0.9563833938426551, ""neg_fail"": 0.0, ""n_test"": 330}, ""targets"": {""auc"": 0.7194122448979592, ""ap"": 0.674176075299145, ""neg_fail"": 0.0, ""n_test"": 175}}"
gcn_distmult,GCN + relation-aware decoder,0.0,19,67904,0.8289185561912835,0.814321024994749,0.7939926939436774,0.3112759590148926,0.38717067583046966,0.9972610473632812,0.9427262313860252,0.46052634716033936,"{""hasForce"": {""auc"": 0.7206574394463667, ""ap"": 0.6887858728517425, ""neg_fail"": 0.0, ""n_test"": 170}, ""hasIntensity"": {""auc"": 0.7114775510204081, ""ap"": 0.6338193803241956, ""neg_fail"": 0.0, ""n_test"": 175}, ""hasMechanic"": {""auc"": 0.8539096298670086, ""ap"": 0.8607703738667973, ""neg_fail"": 0.0, ""n_test"": 158}, ""hasType"": {""auc"": 0.9285551020408163, ""ap"": 0.9048703272395915, ""neg_fail"": 0.0, ""n_test"": 175}, ""isVariationOf"": {""auc"": 0.8357988165680473, ""ap"": 0.8301466426358766, ""neg_fail"": 0.0, ""n_test"": 26}, ""recruits"": {""auc"": 0.7777624891426802, ""ap"": 0.7709978313398507, ""neg_fail"": 0.0, ""n_test"": 341}, ""requires"": {""auc"": 0.6409795918367347, ""ap"": 0.6309125860324518, ""neg_fail"": 0.0, ""n_test"": 175}, ""supportsGoal"": {""auc"": 0.9449403122130395, ""ap"": 0.9093727153864888, ""neg_fail"": 0.0, ""n_test"": 330}, ""targets"": {""auc"": 0.7191510204081633, ""ap"": 0.6830468171885757, ""neg_fail"": 0.0, ""n_test"": 175}}"
gcn_distmult,GCN + relation-aware decoder,0.0,20,67904,0.8403888264028124,0.8054748162150809,0.7903426908951164,0.2736033797264099,0.3617411225658648,1.0507582426071167,0.9388316151202749,0.5161219239234924,"{""hasForce"": {""auc"": 0.6771626297577854, ""ap"": 0.640266320355465, ""neg_fail"": 0.0, ""n_test"": 170}, ""hasIntensity"": {""auc"": 0.6766040816326531, ""ap"": 0.6599826856965166, ""neg_fail"": 0.0, ""n_test"": 175}, ""hasMechanic"": {""auc"": 0.8788655664156386, ""ap"": 0.873137885284486, ""neg_fail"": 0.0, ""n_test"": 158}, ""hasType"": {""auc"": 0.9400163265306123, ""ap"": 0.9145223199606499, ""neg_fail"": 0.0, ""n_test"": 175}, ""isVariationOf"": {""auc"": 0.6005917159763314, ""ap"": 0.557774413066731, ""neg_fail"": 0.0, ""n_test"": 26}, ""recruits"": {""auc"": 0.7508707355457899, ""ap"": 0.7438908872318798, ""neg_fail"": 0.0, ""n_test"": 341}, ""requires"": {""auc"": 0.6695510204081632, ""ap"": 0.6777357863247238, ""neg_fail"": 0.0, ""n_test"": 175}, ""supportsGoal"": {""auc"": 0.9348209366391185, ""ap"": 0.9065921286867022, ""neg_fail"": 0.0, ""n_test"": 330}, ""targets"": {""auc"": 0.6692571428571429, ""ap"": 0.6365041249173767, ""neg_fail"": 0.0, ""n_test"": 175}}"
gcn_distmult,GCN + relation-aware decoder,0.0,21,67904,0.8088048315321043,0.7957208989708046,0.7718747574447615,0.3350244462490082,0.38213058419243984,0.9970864057540894,0.9312714776632303,0.4518272578716278,"{""hasForce"": {""auc"": 0.7608304498269896, ""ap"": 0.7639500381535473, ""neg_fail"": 0.0, ""n_test"": 170}, ""hasIntensity"": {""auc"": 0.6045387755102041, ""ap"": 0.5946252074240094, ""neg_fail"": 0.0, ""n_test"": 175}, ""hasMechanic"": {""auc"": 0.8246675212305721, ""ap"": 0.8168970493337324, ""neg_fail"": 0.0, ""n_test"": 158}, ""hasType"": {""auc"": 0.9288816326530613, ""ap"": 0.9113364970351223, ""neg_fail"": 0.0, ""n_test"": 175}, ""isVariationOf"": {""auc"": 0.6642011834319527, ""ap"": 0.6465903345839201, ""neg_fail"": 0.0, ""n_test"": 26}, ""recruits"": {""auc"": 0.7661354821509962, ""ap"": 0.7267708971667773, ""neg_fail"": 0.0, ""n_test"": 341}, ""requires"": {""auc"": 0.6291591836734693, ""ap"": 0.6577304690681951, ""neg_fail"": 0.0, ""n_test"": 175}, ""supportsGoal"": {""auc"": 0.9121579430670339, ""ap"": 0.8690326655554477, ""neg_fail"": 0.0, ""n_test"": 330}, ""targets"": {""auc"": 0.6793795918367347, ""ap"": 0.6878657281559697, ""neg_fail"": 0.0, ""n_test"": 175}}"
gcn_distmult,GCN + relation-aware decoder,0.0,22,67904,0.8362470862470862,0.8248062171812645,0.8080960310429592,0.35113275051116943,0.3619702176403207,0.8564401865005493,0.9457044673539519,0.398428350687027,"{""hasForce"": {""auc"": 0.736885813148789, ""ap"": 0.6854133958477784, ""neg_fail"": 0.0, ""n_test"": 170}, ""hasIntensity"": {""auc"": 0.7277714285714285, ""ap"": 0.7133141839844073, ""neg_fail"": 0.0, ""n_test"": 175}, ""hasMechanic"": {""auc"": 0.8087646210543182, ""ap"": 0.8143559375835563, ""neg_fail"": 0.0, ""n_test"": 158}, ""hasType"": {""auc"": 0.9456653061224489, ""ap"": 0.9403918741493018, ""neg_fail"": 0.0, ""n_test"": 175}, ""isVariationOf"": {""auc"": 0.7381656804733727, ""ap"": 0.6834208289486493, ""neg_fail"": 0.0, ""n_test"": 26}, ""recruits"": {""auc"": 0.7834297950654019, ""ap"": 0.7615453794230992, ""neg_fail"": 0.0, ""n_test"": 341}, ""requires"": {""auc"": 0.660734693877551, ""ap"": 0.6492870756977912, ""neg_fail"": 0.0, ""n_test"": 175}, ""supportsGoal"": {""auc"": 0.9508723599632691, ""ap"": 0.9421081106757115, ""neg_fail"": 0.0, ""n_test"": 330}, ""targets"": {""auc"": 0.7620571428571428, ""ap"": 0.7330215470622048, ""neg_fail"": 0.0, ""n_test"": 175}}"
gcn_distmult,GCN + relation-aware decoder,0.0,23,67904,0.8201596383414564,0.8064702373450956,0.7794547736888193,0.3458980619907379,0.3617411225658648,1.0312987565994263,0.9369988545246277,0.4506775140762329,"{""hasForce"": {""auc"": 0.8168512110726642, ""ap"": 0.8221830023963372, ""neg_fail"": 0.0, ""n_test"": 170}, ""hasIntensity"": {""auc"": 0.7242448979591837, ""ap"": 0.6566577209037284, ""neg_fail"": 0.0, ""n_test"": 175}, ""hasMechanic"": {""auc"": 0.8069219676333921, ""ap"": 0.8063246606633464, ""neg_fail"": 0.0, ""n_test"": 158}, ""hasType"": {""auc"": 0.9349224489795918, ""ap"": 0.921463216278881, ""neg_fail"": 0.0, ""n_test"": 175}, ""isVariationOf"": {""auc"": 0.6582840236686391, ""ap"": 0.6565136122412126, ""neg_fail"": 0.0, ""n_test"": 26}, ""recruits"": {""auc"": 0.7506299395430037, ""ap"": 0.6996698166296675, ""neg_fail"": 0.0, ""n_test"": 341}, ""requires"": {""auc"": 0.6538122448979593, ""ap"": 0.6117720605349781, ""neg_fail"": 0.0, ""n_test"": 175}, ""supportsGoal"": {""auc"": 0.9382093663911846, ""ap"": 0.9070080761816195, ""neg_fail"": 0.0, ""n_test"": 330}, ""targets"": {""auc"": 0.688391836734694, ""ap"": 0.6511533914180065, ""neg_fail"": 0.0, ""n_test"": 175}}"
gcn_distmult,GCN + relation-aware decoder,0.0,24,67904,0.83721290364647,0.8249789540012602,0.8051311121450394,0.3196049928665161,0.3649484536082474,0.960780680179596,0.9424971363115693,0.41962435841560364,"{""hasForce"": {""auc"": 0.7694463667820071, ""ap"": 0.7727763929342052, ""neg_fail"": 0.0, ""n_test"": 170}, ""hasIntensity"": {""auc"": 0.6126367346938776, ""ap"": 0.5951591045725064, ""neg_fail"": 0.0, ""n_test"": 175}, ""hasMechanic"": {""auc"": 0.9061047908988944, ""ap"": 0.9083594681862142, ""neg_fail"": 0.0, ""n_test"": 158}, ""hasType"": {""auc"": 0.9487346938775509, ""ap"": 0.939193188752659, ""neg_fail"": 0.0, ""n_test"": 175}, ""isVariationOf"": {""auc"": 0.6331360946745562, ""ap"": 0.6238668005770375, ""neg_fail"": 0.0, ""n_test"": 26}, ""recruits"": {""auc"": 0.8041038518760588, ""ap"": 0.771577518328182, ""neg_fail"": 0.0, ""n_test"": 341}, ""requires"": {""auc"": 0.6276244897959183, ""ap"": 0.5990550933136277, ""neg_fail"": 0.0, ""n_test"": 175}, ""supportsGoal"": {""auc"": 0.9444995408631771, ""ap"": 0.9265029880166652, ""neg_fail"": 0.0, ""n_test"": 330}, ""targets"": {""auc"": 0.7776653061224489, ""ap"": 0.7403032411182667, ""neg_fail"": 0.0, ""n_test"": 175}}"
gcn_distmult,GCN + relation-aware decoder,0.0,25,67904,0.8573076108041143,0.8258789329972696,0.816527265865558,0.3418728709220886,0.3922107674684994,0.8380395770072937,0.9486827033218785,0.41673120856285095,"{""hasForce"": {""auc"": 0.7946712802768165, ""ap"": 0.7448601836928203, ""neg_fail"": 0.0, ""n_test"": 170}, ""hasIntensity"": {""auc"": 0.6264163265306123, ""ap"": 0.6186316882889435, ""neg_fail"": 0.0, ""n_test"": 175}, ""hasMechanic"": {""auc"": 0.7866127223201411, ""ap"": 0.7648742013610288, ""neg_fail"": 0.0, ""n_test"": 158}, ""hasType"": {""auc"": 0.9527183673469388, ""ap"": 0.9496700217101492, ""neg_fail"": 0.0, ""n_test"": 175}, ""isVariationOf"": {""auc"": 0.8683431952662721, ""ap"": 0.8672461072150897, ""neg_fail"": 0.0, ""n_test"": 26}, ""recruits"": {""auc"": 0.7862075489546874, ""ap"": 0.7671283313980668, ""neg_fail"": 0.0, ""n_test"": 341}, ""requires"": {""auc"": 0.6792816326530612, ""ap"": 0.6417804098303308, ""neg_fail"": 0.0, ""n_test"": 175}, ""supportsGoal"": {""auc"": 0.961285583103765, ""ap"": 0.9532518848997542, ""neg_fail"": 0.0030303029343485832, ""n_test"": 330}, ""targets"": {""auc"": 0.7869714285714287, ""ap"": 0.7720716043773163, ""neg_fail"": 0.0, ""n_test"": 175}}"
gcn_distmult,GCN + relation-aware decoder,0.0,26,67904,0.8363842839367315,0.8227881537492124,0.7979385392219605,0.32529205083847046,0.40985108820160365,0.9793351292610168,0.9608247422680413,0.48229292035102844,"{""hasForce"": {""auc"": 0.7225259515570934, ""ap"": 0.7303647672186167, ""neg_fail"": 0.0, ""n_test"": 170}, ""hasIntensity"": {""auc"": 0.6945959183673469, ""ap"": 0.705361227380848, ""neg_fail"": 0.0, ""n_test"": 175}, ""hasMechanic"": {""auc"": 0.8977727928216632, ""ap"": 0.8971954116840067, ""neg_fail"": 0.0, ""n_test"": 158}, ""hasType"": {""auc"": 0.9336489795918368, ""ap"": 0.9027475823490094, ""neg_fail"": 0.0, ""n_test"": 175}, ""isVariationOf"": {""auc"": 0.8402366863905326, ""ap"": 0.8197128720169066, ""neg_fail"": 0.0, ""n_test"": 26}, ""recruits"": {""auc"": 0.792666041743707, ""ap"": 0.7819221047733752, ""neg_fail"": 0.0, ""n_test"": 341}, ""requires"": {""auc"": 0.7082448979591837, ""ap"": 0.6839179005061364, ""neg_fail"": 0.0, ""n_test"": 175}, ""supportsGoal"": {""auc"": 0.9243067033976126, ""ap"": 0.8769911192454989, ""neg_fail"": 0.0, ""n_test"": 330}, ""targets"": {""auc"": 0.7632979591836735, ""ap"": 0.7540015586137133, ""neg_fail"": 0.0, ""n_test"": 175}}"
gcn_distmult,GCN + relation-aware decoder,0.0,27,67904,0.8514475035454055,0.8184344465448434,0.8102071886690279,0.31094270944595337,0.38006872852233675,0.730718731880188,0.9301260022909508,0.4068639874458313,"{""hasForce"": {""auc"": 0.7616608996539792, ""ap"": 0.7104670368352843, ""neg_fail"": 0.0, ""n_test"": 170}, ""hasIntensity"": {""auc"": 0.7097142857142857, ""ap"": 0.6985060018165814, ""neg_fail"": 0.0, ""n_test"": 175}, ""hasMechanic"": {""auc"": 0.825709020990226, ""ap"": 0.8347493112466926, ""neg_fail"": 0.0, ""n_test"": 158}, ""hasType"": {""auc"": 0.9083428571428571, ""ap"": 0.9177311963022505, ""neg_fail"": 0.0, ""n_test"": 175}, ""isVariationOf"": {""auc"": 0.7026627218934911, ""ap"": 0.6794423534238277, ""neg_fail"": 0.0, ""n_test"": 26}, ""recruits"": {""auc"": 0.7922618484533157, ""ap"": 0.7603869524576138, ""neg_fail"": 0.0, ""n_test"": 341}, ""requires"": {""auc"": 0.6705632653061225, ""ap"": 0.6397411486509599, ""neg_fail"": 0.0, ""n_test"": 175}, ""supportsGoal"": {""auc"": 0.9444811753902663, ""ap"": 0.9360901100893558, ""neg_fail"": 0.0, ""n_test"": 330}, ""targets"": {""auc"": 0.7151673469387755, ""ap"": 0.6936772850332266, ""neg_fail"": 0.0, ""n_test"": 175}}"
gcn_distmult,GCN + relation-aware decoder,0.0,28,67904,0.813333713683364,0.7949691241335854,0.7895520166526209,0.33314433693885803,0.38167239404352804,1.0131452083587646,0.9333333333333333,0.4852365255355835,"{""hasForce"": {""auc"": 0.6237370242214533, ""ap"": 0.5622194319217736, ""neg_fail"": 0.0, ""n_test"": 170}, ""hasIntensity"": {""auc"": 0.6169469387755102, ""ap"": 0.5599106675177655, ""neg_fail"": 0.0, ""n_test"": 175}, ""hasMechanic"": {""auc"": 0.6990466271430861, ""ap"": 0.6791935161064463, ""neg_fail"": 0.0, ""n_test"": 158}, ""hasType"": {""auc"": 0.9215673469387756, ""ap"": 0.9224061138020299, ""neg_fail"": 0.0, ""n_test"": 175}, ""isVariationOf"": {""auc"": 0.47633136094674555, ""ap"": 0.5975894652522601, ""neg_fail"": 0.0, ""n_test"": 26}, ""recruits"": {""auc"": 0.7950310024853586, ""ap"": 0.763147767775117, ""neg_fail"": 0.0, ""n_test"": 341}, ""requires"": {""auc"": 0.7130775510204082, ""ap"": 0.7157528650473166, ""neg_fail"": 0.0, ""n_test"": 175}, ""supportsGoal"": {""auc"": 0.95178145087236, ""ap"": 0.9501006901625126, ""neg_fail"": 0.0, ""n_test"": 330}, ""targets"": {""auc"": 0.6831999999999999, ""ap"": 0.6195675204628665, ""neg_fail"": 0.0, ""n_test"": 175}}"
gcn_distmult,GCN + relation-aware decoder,0.0,29,67904,0.8259423172010585,0.7983946229783659,0.7649065915348264,0.37791362404823303,0.354639175257732,1.018251895904541,0.9415807560137457,0.43579450249671936,"{""hasForce"": {""auc"": 0.7086851211072664, ""ap"": 0.7167042122479852, ""neg_fail"": 0.0, ""n_test"": 170}, ""hasIntensity"": {""auc"": 0.7450775510204081, ""ap"": 0.6687242874462909, ""neg_fail"": 0.0, ""n_test"": 175}, ""hasMechanic"": {""auc"": 0.7107835282807242, ""ap"": 0.713009743419821, ""neg_fail"": 0.0, ""n_test"": 158}, ""hasType"": {""auc"": 0.9604244897959183, ""ap"": 0.9431071907483406, ""neg_fail"": 0.0, ""n_test"": 175}, ""isVariationOf"": {""auc"": 0.6967455621301775, ""ap"": 0.6821964605254829, ""neg_fail"": 0.0, ""n_test"": 26}, ""recruits"": {""auc"": 0.7445928397588601, ""ap"": 0.6970977894392434, ""neg_fail"": 0.0, ""n_test"": 341}, ""requires"": {""auc"": 0.6866285714285715, ""ap"": 0.675292562417162, ""neg_fail"": 0.0, ""n_test"": 175}, ""supportsGoal"": {""auc"": 0.9309458218549128, ""ap"": 0.883907350447924, ""neg_fail"": 0.0060606058686971664, ""n_test"": 330}, ""targets"": {""auc"": 0.6870204081632655, ""ap"": 0.6474718700200671, ""neg_fail"": 0.0, ""n_test"": 175}}"
gcn_distmult,GCN + relation-aware decoder,0.3,0,67904,0.804197162588771,0.7895742911153119,0.7527931709733747,0.5424750447273254,0.620389461626575,0.3656805455684662,0.83184421534937,0.0679689347743988,"{""hasForce"": {""auc"": 0.8395847750865051, ""ap"": 0.8047689128640791, ""neg_fail"": 0.0, ""n_test"": 170}, ""hasIntensity"": {""auc"": 0.6119836734693878, ""ap"": 0.5554092163485972, ""neg_fail"": 0.0, ""n_test"": 175}, ""hasMechanic"": {""auc"": 0.9001762538054799, ""ap"": 0.8903844485153235, ""neg_fail"": 0.0, ""n_test"": 158}, ""hasType"": {""auc"": 0.8398040816326532, ""ap"": 0.7727122487329684, ""neg_fail"": 0.0, ""n_test"": 175}, ""isVariationOf"": {""auc"": 0.9112426035502958, ""ap"": 0.8859453431959048, ""neg_fail"": 0.0, ""n_test"": 26}, ""recruits"": {""auc"": 0.7983333476664287, ""ap"": 0.7625951593612784, ""neg_fail"": 0.0, ""n_test"": 341}, ""requires"": {""auc"": 0.6076734693877551, ""ap"": 0.5915282610121919, ""neg_fail"": 0.0, ""n_test"": 175}, ""supportsGoal"": {""auc"": 0.8750229568411387, ""ap"": 0.837549657757794, ""neg_fail"": 0.0, ""n_test"": 330}, ""targets"": {""auc"": 0.7520979591836735, ""ap"": 0.7000799252353591, ""neg_fail"": 0.0, ""n_test"": 175}}"
gcn_distmult,GCN + relation-aware decoder,0.3,1,67904,0.7697333746284796,0.7574516278092838,0.7284267686078656,0.46672874689102173,0.6304696449026346,0.24615901708602905,0.8334478808705613,0.017900517210364342,"{""hasForce"": {""auc"": 0.8692041522491348, ""ap"": 0.8656849096770457, ""neg_fail"": 0.0, ""n_test"": 170}, ""hasIntensity"": {""auc"": 0.4896979591836734, ""ap"": 0.49103024402072126, ""neg_fail"": 0.0, ""n_test"": 175}, ""hasMechanic"": {""auc"": 0.7036132030123379, ""ap"": 0.6855220410513586, ""neg_fail"": 0.0, ""n_test"": 158}, ""hasType"": {""auc"": 0.6981877551020408, ""ap"": 0.6283406414400188, ""neg_fail"": 0.0, ""n_test"": 175}, ""isVariationOf"": {""auc"": 0.5828402366863906, ""ap"": 0.6824834441437407, ""neg_fail"": 0.0, ""n_test"": 26}, ""recruits"": {""auc"": 0.8236341276734807, ""ap"": 0.7852697752501576, ""neg_fail"": 0.0, ""n_test"": 341}, ""requires"": {""auc"": 0.6312489795918367, ""ap"": 0.6000510192003892, ""neg_fail"": 0.0, ""n_test"": 175}, ""supportsGoal"": {""auc"": 0.8589531680440772, ""ap"": 0.8467651700775998, ""neg_fail"": 0.0, ""n_test"": 330}, ""targets"": {""auc"": 0.7701877551020408, ""ap"": 0.710804258617177, ""neg_fail"": 0.0, ""n_test"": 175}}"
gcn_distmult,GCN + relation-aware decoder,0.3,2,67904,0.8150561559652468,0.7819231253938248,0.7557237661559114,0.5143187046051025,0.6025200458190149,0.3587307035923004,0.8478808705612829,0.052119385451078415,"{""hasForce"": {""auc"": 0.8721453287197233, ""ap"": 0.8751775140601289, ""neg_fail"": 0.0, ""n_test"": 170}, ""hasIntensity"": {""auc"": 0.5588571428571428, ""ap"": 0.533905399521159, ""neg_fail"": 0.0, ""n_test"": 175}, ""hasMechanic"": {""auc"": 0.8672087806441275, ""ap"": 0.8673167193064499, ""neg_fail"": 0.0, ""n_test"": 158}, ""hasType"": {""auc"": 0.8563265306122448, ""ap"": 0.8299735623196592, ""neg_fail"": 0.0, ""n_test"": 175}, ""isVariationOf"": {""auc"": 0.8402366863905326, ""ap"": 0.8550745357880984, ""neg_fail"": 0.0, ""n_test"": 26}, ""recruits"": {""auc"": 0.778871870726946, ""ap"": 0.7396313177624276, ""neg_fail"": 0.0, ""n_test"": 341}, ""requires"": {""auc"": 0.4268081632653062, ""ap"": 0.43713958180630286, ""neg_fail"": 0.0, ""n_test"": 175}, ""supportsGoal"": {""auc"": 0.9164646464646464, ""ap"": 0.9011108133383896, ""neg_fail"": 0.0030303029343485832, ""n_test"": 330}, ""targets"": {""auc"": 0.6714448979591837, ""ap"": 0.6103989159762382, ""neg_fail"": 0.0, ""n_test"": 175}}"
gcn_distmult,GCN + relation-aware decoder,0.3,3,67904,0.762112790084818,0.7572723377441715,0.7447342512748136,0.4790481626987457,0.6176403207331043,0.2498513162136078,0.8355097365406644,0.04258609563112259,"{""hasForce"": {""auc"": 0.8248442906574395, ""ap"": 0.8097904019076437, ""neg_fail"": 0.0, ""n_test"": 170}, ""hasIntensity"": {""auc"": 0.5078857142857143, ""ap"": 0.499165432855183, ""neg_fail"": 0.0, ""n_test"": 175}, ""hasMechanic"": {""auc"": 0.8116487742348982, ""ap"": 0.811235856317477, ""neg_fail"": 0.0, ""n_test"": 158}, ""hasType"": {""auc"": 0.8830040816326531, ""ap"": 0.840128005853502, ""neg_fail"": 0.0, ""n_test"": 175}, ""isVariationOf"": {""auc"": 0.82396449704142, ""ap"": 0.8541162098511932, ""neg_fail"": 0.0, ""n_test"": 26}, ""recruits"": {""auc"": 0.7822344149087126, ""ap"": 0.7677306159192196, ""neg_fail"": 0.0, ""n_test"": 341}, ""requires"": {""auc"": 0.4750040816326531, ""ap"": 0.47608869137894616, ""neg_fail"": 0.0, ""n_test"": 175}, ""supportsGoal"": {""auc"": 0.8485812672176308, ""ap"": 0.8434281099133372, ""neg_fail"": 0.0030303029343485832, ""n_test"": 330}, ""targets"": {""auc"": 0.7398204081632653, ""ap"": 0.6577181996277855, ""neg_fail"": 0.0, ""n_test"": 175}}"
gcn_distmult,GCN + relation-aware decoder,0.3,4,67904,0.8052865937481323,0.7842120562906953,0.7613984497698054,0.4943324625492096,0.6109965635738832,0.40959620475769043,0.8403207331042383,0.08816607296466827,"{""hasForce"": {""auc"": 0.8469896193771627, ""ap"": 0.8354155752210494, ""neg_fail"": 0.0, ""n_test"": 170}, ""hasIntensity"": {""auc"": 0.6183510204081633, ""ap"": 0.5700271123990078, ""neg_fail"": 0.0, ""n_test"": 175}, ""hasMechanic"": {""auc"": 0.7732735138599582, ""ap"": 0.7878073411969495, ""neg_fail"": 0.0, ""n_test"": 158}, ""hasType"": {""auc"": 0.8822204081632653, ""ap"": 0.8604498841394406, ""neg_fail"": 0.0, ""n_test"": 175}, ""isVariationOf"": {""auc"": 0.7973372781065089, ""ap"": 0.8223150232575851, ""neg_fail"": 0.0, ""n_test"": 26}, ""recruits"": {""auc"": 0.7937152243272761, ""ap"": 0.7333969051619634, ""neg_fail"": 0.0, ""n_test"": 341}, ""requires"": {""auc"": 0.6686367346938775, ""ap"": 0.6838439624622912, ""neg_fail"": 0.0, ""n_test"": 175}, ""supportsGoal"": {""auc"": 0.8878879706152432, ""ap"": 0.8748206764702733, ""neg_fail"": 0.0, ""n_test"": 330}, ""targets"": {""auc"": 0.7363265306122448, ""ap"": 0.6858288693617574, ""neg_fail"": 0.0, ""n_test"": 175}}"
gcn_distmult,GCN + relation-aware decoder,0.3,5,67904,0.8045938133350721,0.7966998529720647,0.7685080183254199,0.4991917014122009,0.6109965635738832,0.27003905177116394,0.8357388316151203,0.03837309405207634,"{""hasForce"": {""auc"": 0.8494809688581315, ""ap"": 0.8396536374786079, ""neg_fail"": 0.0, ""n_test"": 170}, ""hasIntensity"": {""auc"": 0.6723918367346939, ""ap"": 0.6135252606406463, ""neg_fail"": 0.0, ""n_test"": 175}, ""hasMechanic"": {""auc"": 0.830956577471559, ""ap"": 0.8380357558429066, ""neg_fail"": 0.0, ""n_test"": 158}, ""hasType"": {""auc"": 0.8714448979591838, ""ap"": 0.8699190181374296, ""neg_fail"": 0.0, ""n_test"": 175}, ""isVariationOf"": {""auc"": 0.7973372781065089, ""ap"": 0.7791915504181078, ""neg_fail"": 0.0, ""n_test"": 26}, ""recruits"": {""auc"": 0.8055056286065652, ""ap"": 0.7835775884674123, ""neg_fail"": 0.0, ""n_test"": 341}, ""requires"": {""auc"": 0.6398367346938776, ""ap"": 0.6220291825984685, ""neg_fail"": 0.0, ""n_test"": 175}, ""supportsGoal"": {""auc"": 0.8873829201101928, ""ap"": 0.8800419536688381, ""neg_fail"": 0.0, ""n_test"": 330}, ""targets"": {""auc"": 0.7247673469387754, ""ap"": 0.6881215446301446, ""neg_fail"": 0.0, ""n_test"": 175}}"
gcn_distmult,GCN + relation-aware decoder,0.3,6,67904,0.7690419526083861,0.7493491283343835,0.7179190305499185,0.5307201743125916,0.6,0.30500346422195435,0.8332187857961054,0.029522720724344254,"{""hasForce"": {""auc"": 0.8540484429065746, ""ap"": 0.8527952090967676, ""neg_fail"": 0.0, ""n_test"": 170}, ""hasIntensity"": {""auc"": 0.5433795918367348, ""ap"": 0.5026879917765386, ""neg_fail"": 0.0, ""n_test"": 175}, ""hasMechanic"": {""auc"": 0.8094856593494633, ""ap"": 0.8169146400431904, ""neg_fail"": 0.0, ""n_test"": 158}, ""hasType"": {""auc"": 0.8367346938775511, ""ap"": 0.8198375724412863, ""neg_fail"": 0.0, ""n_test"": 175}, ""isVariationOf"": {""auc"": 0.5591715976331361, ""ap"": 0.6074471077981961, ""neg_fail"": 0.0, ""n_test"": 26}, ""recruits"": {""auc"": 0.7626697396823212, ""ap"": 0.7097742678430712, ""neg_fail"": 0.0, ""n_test"": 341}, ""requires"": {""auc"": 0.5109551020408163, ""ap"": 0.49478788508470617, ""neg_fail"": 0.0, ""n_test"": 175}, ""supportsGoal"": {""auc"": 0.8090266299357209, ""ap"": 0.7814354062115665, ""neg_fail"": 0.0, ""n_test"": 330}, ""targets"": {""auc"": 0.7924571428571429, ""ap"": 0.7374993409058554, ""neg_fail"": 0.0, ""n_test"": 175}}"
gcn_distmult,GCN + relation-aware decoder,0.3,7,67904,0.7820512820512822,0.785704179794161,0.7696301524335954,0.49385157227516174,0.5947308132875143,0.3374370336532593,0.8471935853379152,0.04867882281541824,"{""hasForce"": {""auc"": 0.8626297577854671, ""ap"": 0.841264939928886, ""neg_fail"": 0.0, ""n_test"": 170}, ""hasIntensity"": {""auc"": 0.5414530612244898, ""ap"": 0.507938254370779, ""neg_fail"": 0.0, ""n_test"": 175}, ""hasMechanic"": {""auc"": 0.7974683544303797, ""ap"": 0.7921067977938733, ""neg_fail"": 0.0, ""n_test"": 158}, ""hasType"": {""auc"": 0.8959020408163265, ""ap"": 0.8637399323488475, ""neg_fail"": 0.0, ""n_test"": 175}, ""isVariationOf"": {""auc"": 0.8106508875739645, ""ap"": 0.8146372639827963, ""neg_fail"": 0.0, ""n_test"": 26}, ""recruits"": {""auc"": 0.7828364049156783, ""ap"": 0.7571519088025841, ""neg_fail"": 0.0, ""n_test"": 341}, ""requires"": {""auc"": 0.6395428571428572, ""ap"": 0.6223176823144045, ""neg_fail"": 0.0, ""n_test"": 175}, ""supportsGoal"": {""auc"": 0.8753076216712581, ""ap"": 0.8797977809620046, ""neg_fail"": 0.0, ""n_test"": 330}, ""targets"": {""auc"": 0.7441306122448978, ""ap"": 0.6641746296924341, ""neg_fail"": 0.0, ""n_test"": 175}}"
gcn_distmult,GCN + relation-aware decoder,0.3,8,67904,0.7930990920501412,0.7770058391094308,0.7532086005023113,0.49914175271987915,0.622680412371134,0.3235337734222412,0.845360824742268,0.040458887815475464,"{""hasForce"": {""auc"": 0.9089273356401384, ""ap"": 0.8964294090593115, ""neg_fail"": 0.0, ""n_test"": 170}, ""hasIntensity"": {""auc"": 0.4999183673469388, ""ap"": 0.4788351258122558, ""neg_fail"": 0.0, ""n_test"": 175}, ""hasMechanic"": {""auc"": 0.7962265662554078, ""ap"": 0.786563915421435, ""neg_fail"": 0.0, ""n_test"": 158}, ""hasType"": {""auc"": 0.8285714285714286, ""ap"": 0.7967702189812849, ""neg_fail"": 0.0, ""n_test"": 175}, ""isVariationOf"": {""auc"": 0.6789940828402367, ""ap"": 0.6941125241422365, ""neg_fail"": 0.0, ""n_test"": 26}, ""recruits"": {""auc"": 0.8025214781434629, ""ap"": 0.7903758222082682, ""neg_fail"": 0.0, ""n_test"": 341}, ""requires"": {""auc"": 0.5858285714285715, ""ap"": 0.5686835527288964, ""neg_fail"": 0.0, ""n_test"": 175}, ""supportsGoal"": {""auc"": 0.8927089072543618, ""ap"": 0.896815821343149, ""neg_fail"": 0.0, ""n_test"": 330}, ""targets"": {""auc"": 0.7808326530612245, ""ap"": 0.7610523202087545, ""neg_fail"": 0.0, ""n_test"": 175}}"
gcn_distmult,GCN + relation-aware decoder,0.3,9,67904,0.7680000652028623,0.7274065112371352,0.7114591020072029,0.4804699122905731,0.6018327605956472,0.2624465823173523,0.815807560137457,0.03808487951755524,"{""hasForce"": {""auc"": 0.6493771626297578, ""ap"": 0.6571934111715683, ""neg_fail"": 0.0, ""n_test"": 170}, ""hasIntensity"": {""auc"": 0.5103673469387755, ""ap"": 0.5044268433691376, ""neg_fail"": 0.0, ""n_test"": 175}, ""hasMechanic"": {""auc"": 0.776718474603429, ""ap"": 0.7625169187336898, ""neg_fail"": 0.0, ""n_test"": 158}, ""hasType"": {""auc"": 0.8510693877551021, ""ap"": 0.8348823319328157, ""neg_fail"": 0.0, ""n_test"": 175}, ""isVariationOf"": {""auc"": 0.7366863905325444, ""ap"": 0.7008716469764267, ""neg_fail"": 0.0, ""n_test"": 26}, ""recruits"": {""auc"": 0.7826558079135887, ""ap"": 0.7411583279815941, ""neg_fail"": 0.0, ""n_test"": 341}, ""requires"": {""auc"": 0.5384163265306123, ""ap"": 0.5235390539208109, ""neg_fail"": 0.0, ""n_test"": 175}, ""supportsGoal"": {""auc"": 0.8486776859504133, ""ap"": 0.8313890526627551, ""neg_fail"": 0.0, ""n_test"": 330}, ""targets"": {""auc"": 0.6709877551020407, ""ap"": 0.6030648525884321, ""neg_fail"": 0.0, ""n_test"": 175}}"
gcn_distmult,GCN + relation-aware decoder,0.3,10,67904,0.791213642612244,0.7803248057130856,0.7560138596921684,0.5171067118644714,0.6100801832760596,0.3223746418952942,0.8403207331042383,0.045291297137737274,"{""hasForce"": {""auc"": 0.8316955017301038, ""ap"": 0.8108751207509619, ""neg_fail"": 0.0, ""n_test"": 170}, ""hasIntensity"": {""auc"": 0.6192, ""ap"": 0.5534202336521671, ""neg_fail"": 0.0, ""n_test"": 175}, ""hasMechanic"": {""auc"": 0.8229450408588368, ""ap"": 0.7950159313917997, ""neg_fail"": 0.0, ""n_test"": 158}, ""hasType"": {""auc"": 0.8556408163265306, ""ap"": 0.8116481903916113, ""neg_fail"": 0.0, ""n_test"": 175}, ""isVariationOf"": {""auc"": 0.8180473372781065, ""ap"": 0.7935410652628195, ""neg_fail"": 0.0, ""n_test"": 26}, ""recruits"": {""auc"": 0.7840317850723678, ""ap"": 0.7416789879988162, ""neg_fail"": 0.0, ""n_test"": 341}, ""requires"": {""auc"": 0.4931918367346939, ""ap"": 0.5038647053473665, ""neg_fail"": 0.0, ""n_test"": 175}, ""supportsGoal"": {""auc"": 0.8700367309458219, ""ap"": 0.8688194805339822, ""neg_fail"": 0.0, ""n_test"": 330}, ""targets"": {""auc"": 0.7450122448979593, ""ap"": 0.6981670894903851, ""neg_fail"": 0.0, ""n_test"": 175}}"
gcn_distmult,GCN + relation-aware decoder,0.3,11,67904,0.8029379323085618,0.7871423650493594,0.7612048579810341,0.4865139424800873,0.6087056128293241,0.35809510946273804,0.8540664375715922,0.11249414831399918,"{""hasForce"": {""auc"": 0.8718339100346022, ""ap"": 0.8555924209650974, ""neg_fail"": 0.0, ""n_test"": 170}, ""hasIntensity"": {""auc"": 0.5232326530612245, ""ap"": 0.5032546672592269, ""neg_fail"": 0.0, ""n_test"": 175}, ""hasMechanic"": {""auc"": 0.7658227848101267, ""ap"": 0.766167159583802, ""neg_fail"": 0.0, ""n_test"": 158}, ""hasType"": {""auc"": 0.8655020408163265, ""ap"": 0.8294400395751673, ""neg_fail"": 0.0, ""n_test"": 175}, ""isVariationOf"": {""auc"": 0.7662721893491125, ""ap"": 0.7617556424777703, ""neg_fail"": 0.0, ""n_test"": 26}, ""recruits"": {""auc"": 0.7813142301837789, ""ap"": 0.7300317377842993, ""neg_fail"": 0.0, ""n_test"": 341}, ""requires"": {""auc"": 0.6465632653061225, ""ap"": 0.6342046444896905, ""neg_fail"": 0.0, ""n_test"": 175}, ""supportsGoal"": {""auc"": 0.9022910927456382, ""ap"": 0.8965413606038207, ""neg_fail"": 0.0030303029343485832, ""n_test"": 330}, ""targets"": {""auc"": 0.7370448979591837, ""ap"": 0.6988620456149668, ""neg_fail"": 0.0, ""n_test"": 175}}"
gcn_distmult,GCN + relation-aware decoder,0.3,12,67904,0.810471579702349,0.7822585171182524,0.7504584685435769,0.54185551404953,0.6105383734249714,0.2729930579662323,0.8398625429553265,0.03875048831105232,"{""hasForce"": {""auc"": 0.8341868512110727, ""ap"": 0.7987328803968424, ""neg_fail"": 0.0, ""n_test"": 170}, ""hasIntensity"": {""auc"": 0.5689795918367347, ""ap"": 0.5288939473081923, ""neg_fail"": 0.0, ""n_test"": 175}, ""hasMechanic"": {""auc"": 0.8211424451209741, ""ap"": 0.8239346251063256, ""neg_fail"": 0.0, ""n_test"": 158}, ""hasType"": {""auc"": 0.8215510204081633, ""ap"": 0.7963296821270456, ""neg_fail"": 0.0, ""n_test"": 175}, ""isVariationOf"": {""auc"": 0.8017751479289941, ""ap"": 0.7334143332845331, ""neg_fail"": 0.0, ""n_test"": 26}, ""recruits"": {""auc"": 0.8154040642925328, ""ap"": 0.7827336614521387, ""neg_fail"": 0.0, ""n_test"": 341}, ""requires"": {""auc"": 0.5969632653061224, ""ap"": 0.5804497669815207, ""neg_fail"": 0.0, ""n_test"": 175}, ""supportsGoal"": {""auc"": 0.876354453627181, ""ap"": 0.8832995272670551, ""neg_fail"": 0.0, ""n_test"": 330}, ""targets"": {""auc"": 0.7699591836734694, ""ap"": 0.7139924976285075, ""neg_fail"": 0.0, ""n_test"": 175}}"
gcn_distmult,GCN + relation-aware decoder,0.3,13,67904,0.7813082410984509,0.7745317370300357,0.7413972508429829,0.5553267002105713,0.6197021764032073,0.3048153519630432,0.8471935853379152,0.052289098501205444,"{""hasForce"": {""auc"": 0.7556401384083045, ""ap"": 0.7168255227588205, ""neg_fail"": 0.0, ""n_test"": 170}, ""hasIntensity"": {""auc"": 0.5751836734693878, ""ap"": 0.5445263216926459, ""neg_fail"": 0.0, ""n_test"": 175}, ""hasMechanic"": {""auc"": 0.8229049831757731, ""ap"": 0.8172790821648719, ""neg_fail"": 0.0, ""n_test"": 158}, ""hasType"": {""auc"": 0.8301387755102042, ""ap"": 0.7840064366420002, ""neg_fail"": 0.0, ""n_test"": 175}, ""isVariationOf"": {""auc"": 0.8180473372781065, ""ap"": 0.8290918278625847, ""neg_fail"": 0.0, ""n_test"": 26}, ""recruits"": {""auc"": 0.8142860828510247, ""ap"": 0.7817741997133163, ""neg_fail"": 0.0, ""n_test"": 341}, ""requires"": {""auc"": 0.6863020408163265, ""ap"": 0.6799172478824627, ""neg_fail"": 0.0, ""n_test"": 175}, ""supportsGoal"": {""auc"": 0.8435629017447199, ""ap"": 0.8263951865498566, ""neg_fail"": 0.0, ""n_test"": 330}, ""targets"": {""auc"": 0.7357061224489796, ""ap"": 0.6907455827609018, ""neg_fail"": 0.0, ""n_test"": 175}}"
gcn_distmult,GCN + relation-aware decoder,0.3,14,67904,0.8018023157883298,0.7742896030245746,0.7544979200405534,0.4866311252117157,0.6011454753722795,0.2999936640262604,0.8325315005727377,0.05259798467159271,"{""hasForce"": {""auc"": 0.8759861591695501, ""ap"": 0.873017070767332, ""neg_fail"": 0.0, ""n_test"": 170}, ""hasIntensity"": {""auc"": 0.5911836734693877, ""ap"": 0.5886786479929904, ""neg_fail"": 0.0, ""n_test"": 175}, ""hasMechanic"": {""auc"": 0.7514821342733536, ""ap"": 0.7637530972875641, ""neg_fail"": 0.0, ""n_test"": 158}, ""hasType"": {""auc"": 0.8293877551020408, ""ap"": 0.8076876901938654, ""neg_fail"": 0.0, ""n_test"": 175}, ""isVariationOf"": {""auc"": 0.7381656804733728, ""ap"": 0.7942780731217758, ""neg_fail"": 0.0, ""n_test"": 26}, ""recruits"": {""auc"": 0.7945666101942708, ""ap"": 0.763967361923379, ""neg_fail"": 0.0, ""n_test"": 341}, ""requires"": {""auc"": 0.6065959183673469, ""ap"": 0.5761506299657166, ""neg_fail"": 0.0, ""n_test"": 175}, ""supportsGoal"": {""auc"": 0.8823232323232323, ""ap"": 0.8918038028296673, ""neg_fail"": 0.0, ""n_test"": 330}, ""targets"": {""auc"": 0.6996571428571429, ""ap"": 0.6545427545801504, ""neg_fail"": 0.0, ""n_test"": 175}}"
gcn_distmult,GCN + relation-aware decoder,0.3,15,67904,0.7887997783102678,0.7753890359168243,0.7481604318631965,0.5001116991043091,0.6128293241695304,0.3162807524204254,0.852233676975945,0.04642850533127785,"{""hasForce"": {""auc"": 0.873114186851211, ""ap"": 0.8873881693057736, ""neg_fail"": 0.0, ""n_test"": 170}, ""hasIntensity"": {""auc"": 0.5382204081632653, ""ap"": 0.4938357622302022, ""neg_fail"": 0.0, ""n_test"": 175}, ""hasMechanic"": {""auc"": 0.6742108636436469, ""ap"": 0.694243196688177, ""neg_fail"": 0.0, ""n_test"": 158}, ""hasType"": {""auc"": 0.8595591836734693, ""ap"": 0.8231059629583912, ""neg_fail"": 0.0, ""n_test"": 175}, ""isVariationOf"": {""auc"": 0.8343195266272189, ""ap"": 0.8617843383630917, ""neg_fail"": 0.0, ""n_test"": 26}, ""recruits"": {""auc"": 0.7952115994874487, ""ap"": 0.764560492952701, ""neg_fail"": 0.0, ""n_test"": 341}, ""requires"": {""auc"": 0.664065306122449, ""ap"": 0.6241422184654347, ""neg_fail"": 0.0, ""n_test"": 175}, ""supportsGoal"": {""auc"": 0.8640955004591367, ""ap"": 0.8349697998760934, ""neg_fail"": 0.0, ""n_test"": 330}, ""targets"": {""auc"": 0.7694693877551021, ""ap"": 0.6988454077292573, ""neg_fail"": 0.0, ""n_test"": 175}}"
gcn_distmult,GCN + relation-aware decoder,0.3,16,67904,0.8146758059345471,0.7665179584120984,0.7324236111418416,0.5514344573020935,0.6011454753722795,0.2821120619773865,0.847651775486827,-0.001709598582237959,"{""hasForce"": {""auc"": 0.855121107266436, ""ap"": 0.8264551107270235, ""neg_fail"": 0.0, ""n_test"": 170}, ""hasIntensity"": {""auc"": 0.5606857142857142, ""ap"": 0.5309909709490768, ""neg_fail"": 0.0, ""n_test"": 175}, ""hasMechanic"": {""auc"": 0.7633392084601827, ""ap"": 0.7714417732945371, ""neg_fail"": 0.0, ""n_test"": 158}, ""hasType"": {""auc"": 0.7871673469387755, ""ap"": 0.7412044545450927, ""neg_fail"": 0.0, ""n_test"": 175}, ""isVariationOf"": {""auc"": 0.6804733727810651, ""ap"": 0.663750321613379, ""neg_fail"": 0.0, ""n_test"": 26}, ""recruits"": {""auc"": 0.788409112408734, ""ap"": 0.7609707722951653, ""neg_fail"": 0.0, ""n_test"": 341}, ""requires"": {""auc"": 0.5902367346938775, ""ap"": 0.5403633451907619, ""neg_fail"": 0.0, ""n_test"": 175}, ""supportsGoal"": {""auc"": 0.8694123048668503, ""ap"": 0.8568745302480997, ""neg_fail"": 0.0, ""n_test"": 330}, ""targets"": {""auc"": 0.7697306122448979, ""ap"": 0.7121526976269972, ""neg_fail"": 0.0, ""n_test"": 175}}"
gcn_distmult,GCN + relation-aware decoder,0.3,17,67904,0.8083171684570286,0.7818579290065113,0.7610196977138515,0.5076326727867126,0.620389461626575,0.36777323484420776,0.8478808705612829,0.08095230162143707,"{""hasForce"": {""auc"": 0.8280276816608997, ""ap"": 0.8378410197041526, ""neg_fail"": 0.0, ""n_test"": 170}, ""hasIntensity"": {""auc"": 0.5002448979591837, ""ap"": 0.477599787067679, ""neg_fail"": 0.0, ""n_test"": 175}, ""hasMechanic"": {""auc"": 0.8354430379746836, ""ap"": 0.838454490406729, ""neg_fail"": 0.0, ""n_test"": 158}, ""hasType"": {""auc"": 0.8596571428571429, ""ap"": 0.8030129528274322, ""neg_fail"": 0.0, ""n_test"": 175}, ""isVariationOf"": {""auc"": 0.8150887573964496, ""ap"": 0.8094965473712149, ""neg_fail"": 0.0, ""n_test"": 26}, ""recruits"": {""auc"": 0.8123339152570067, ""ap"": 0.7771131374631735, ""neg_fail"": 0.0, ""n_test"": 341}, ""requires"": {""auc"": 0.5757061224489797, ""ap"": 0.600700739722949, ""neg_fail"": 0.0, ""n_test"": 175}, ""supportsGoal"": {""auc"": 0.8766115702479338, ""ap"": 0.8567201563481188, ""neg_fail"": 0.0, ""n_test"": 330}, ""targets"": {""auc"": 0.7590530612244899, ""ap"": 0.6918514462088303, ""neg_fail"": 0.0, ""n_test"": 175}}"
gcn_distmult,GCN + relation-aware decoder,0.3,18,67904,0.8156008715449274,0.7946360848561227,0.7519657516670559,0.5042129158973694,0.6252004581901489,0.2920645773410797,0.8558991981672394,0.05544810742139816,"{""hasForce"": {""auc"": 0.9079584775086504, ""ap"": 0.917001066478767, ""neg_fail"": 0.0, ""n_test"": 170}, ""hasIntensity"": {""auc"": 0.40999183673469386, ""ap"": 0.4347958905507314, ""neg_fail"": 0.0, ""n_test"": 175}, ""hasMechanic"": {""auc"": 0.8491828232655023, ""ap"": 0.8229477220577227, ""neg_fail"": 0.0, ""n_test"": 158}, ""hasType"": {""auc"": 0.8364408163265306, ""ap"": 0.8030390037664334, ""neg_fail"": 0.0, ""n_test"": 175}, ""isVariationOf"": {""auc"": 0.8002958579881656, ""ap"": 0.7464097395814352, ""neg_fail"": 0.0, ""n_test"": 26}, ""recruits"": {""auc"": 0.7908170724365975, ""ap"": 0.7327379702654747, ""neg_fail"": 0.0, ""n_test"": 341}, ""requires"": {""auc"": 0.6640326530612245, ""ap"": 0.6393374231947041, ""neg_fail"": 0.0, ""n_test"": 175}, ""supportsGoal"": {""auc"": 0.9107897153351698, ""ap"": 0.8825963070287511, ""neg_fail"": 0.0, ""n_test"": 330}, ""targets"": {""auc"": 0.7661387755102042, ""ap"": 0.7190046799795571, ""neg_fail"": 0.0, ""n_test"": 175}}"
gcn_distmult,GCN + relation-aware decoder,0.3,19,67904,0.7856306475187593,0.7740548624238605,0.7485726683389146,0.4804535508155823,0.6116838487972509,0.30080127716064453,0.829553264604811,0.07504240423440933,"{""hasForce"": {""auc"": 0.8732871972318339, ""ap"": 0.8849039538089105, ""neg_fail"": 0.0, ""n_test"": 170}, ""hasIntensity"": {""auc"": 0.42070204081632656, ""ap"": 0.4431844043857912, ""neg_fail"": 0.0, ""n_test"": 175}, ""hasMechanic"": {""auc"": 0.7692677455535971, ""ap"": 0.776559092757509, ""neg_fail"": 0.0, ""n_test"": 158}, ""hasType"": {""auc"": 0.857991836734694, ""ap"": 0.8472905178714669, ""neg_fail"": 0.0, ""n_test"": 175}, ""isVariationOf"": {""auc"": 0.8875739644970414, ""ap"": 0.9134933541910285, ""neg_fail"": 0.0, ""n_test"": 26}, ""recruits"": {""auc"": 0.7926316423147377, ""ap"": 0.7351601976562163, ""neg_fail"": 0.0, ""n_test"": 341}, ""requires"": {""auc"": 0.5821387755102041, ""ap"": 0.5435683917223584, ""neg_fail"": 0.0, ""n_test"": 175}, ""supportsGoal"": {""auc"": 0.8834159779614325, ""ap"": 0.8793222736787679, ""neg_fail"": 0.0, ""n_test"": 330}, ""targets"": {""auc"": 0.7506938775510203, ""ap"": 0.7143723010101, ""neg_fail"": 0.0, ""n_test"": 175}}"
gcn_distmult,GCN + relation-aware decoder,0.3,20,67904,0.7715318869165023,0.7567038857382903,0.7288184943611269,0.4377633333206177,0.5961053837342497,0.2297976166009903,0.8421534936998855,0.02092554420232773,"{""hasForce"": {""auc"": 0.7655363321799308, ""ap"": 0.7723187413143489, ""neg_fail"": 0.0, ""n_test"": 170}, ""hasIntensity"": {""auc"": 0.5752489795918367, ""ap"": 0.5489010802962286, ""neg_fail"": 0.0, ""n_test"": 175}, ""hasMechanic"": {""auc"": 0.7634593815093735, ""ap"": 0.7705626225702473, ""neg_fail"": 0.0, ""n_test"": 158}, ""hasType"": {""auc"": 0.8772244897959184, ""ap"": 0.8347611959132509, ""neg_fail"": 0.0, ""n_test"": 175}, ""isVariationOf"": {""auc"": 0.6538461538461539, ""ap"": 0.6028797894617356, ""neg_fail"": 0.0, ""n_test"": 26}, ""recruits"": {""auc"": 0.7637361219803751, ""ap"": 0.7205807764476309, ""neg_fail"": 0.0, ""n_test"": 341}, ""requires"": {""auc"": 0.5811265306122448, ""ap"": 0.5857734009493827, ""neg_fail"": 0.0, ""n_test"": 175}, ""supportsGoal"": {""auc"": 0.8903397612488522, ""ap"": 0.8914265065744298, ""neg_fail"": 0.0, ""n_test"": 330}, ""targets"": {""auc"": 0.7331591836734694, ""ap"": 0.667916724183328, ""neg_fail"": 0.0, ""n_test"": 175}}"
gcn_distmult,GCN + relation-aware decoder,0.3,21,67904,0.7864117234746606,0.7738488552825037,0.7528666794521777,0.4553675353527069,0.6087056128293241,0.32022300362586975,0.8380297823596793,0.04498845338821411,"{""hasForce"": {""auc"": 0.8996885813148788, ""ap"": 0.8893722547621039, ""neg_fail"": 0.0, ""n_test"": 170}, ""hasIntensity"": {""auc"": 0.45580408163265307, ""ap"": 0.4600277420514452, ""neg_fail"": 0.0, ""n_test"": 175}, ""hasMechanic"": {""auc"": 0.8358035571222561, ""ap"": 0.8309711440108964, ""neg_fail"": 0.0, ""n_test"": 158}, ""hasType"": {""auc"": 0.8545959183673468, ""ap"": 0.8415190470057202, ""neg_fail"": 0.0, ""n_test"": 175}, ""isVariationOf"": {""auc"": 0.7884615384615384, ""ap"": 0.7735249633837096, ""neg_fail"": 0.0, ""n_test"": 26}, ""recruits"": {""auc"": 0.823642727530723, ""ap"": 0.7667432565031509, ""neg_fail"": 0.0, ""n_test"": 341}, ""requires"": {""auc"": 0.5113795918367348, ""ap"": 0.5419194811237553, ""neg_fail"": 0.0, ""n_test"": 175}, ""supportsGoal"": {""auc"": 0.8737832874196512, ""ap"": 0.8798449302424493, ""neg_fail"": 0.0, ""n_test"": 330}, ""targets"": {""auc"": 0.7012244897959184, ""ap"": 0.647438645634061, ""neg_fail"": 0.0, ""n_test"": 175}}"
gcn_distmult,GCN + relation-aware decoder,0.3,22,67904,0.7633828875087617,0.7405183784919135,0.7210328793392884,0.5552891492843628,0.5906071019473081,0.2873624265193939,0.813516609392898,0.004184573423117399,"{""hasForce"": {""auc"": 0.750553633217993, ""ap"": 0.7316121249086097, ""neg_fail"": 0.0, ""n_test"": 170}, ""hasIntensity"": {""auc"": 0.4972408163265306, ""ap"": 0.49011452081210605, ""neg_fail"": 0.0, ""n_test"": 175}, ""hasMechanic"": {""auc"": 0.7612161512578113, ""ap"": 0.7833318149924104, ""neg_fail"": 0.0, ""n_test"": 158}, ""hasType"": {""auc"": 0.8041469387755102, ""ap"": 0.80476001177858, ""neg_fail"": 0.0, ""n_test"": 175}, ""isVariationOf"": {""auc"": 0.7781065088757397, ""ap"": 0.8033947745530242, ""neg_fail"": 0.0, ""n_test"": 26}, ""recruits"": {""auc"": 0.8199017896302921, ""ap"": 0.7773892817835948, ""neg_fail"": 0.0, ""n_test"": 341}, ""requires"": {""auc"": 0.5963102040816327, ""ap"": 0.578816671263957, ""neg_fail"": 0.0, ""n_test"": 175}, ""supportsGoal"": {""auc"": 0.7671533516988063, ""ap"": 0.7430333310933908, ""neg_fail"": 0.0, ""n_test"": 330}, ""targets"": {""auc"": 0.7605551020408163, ""ap"": 0.7293501949416987, ""neg_fail"": 0.0, ""n_test"": 175}}"
gcn_distmult,GCN + relation-aware decoder,0.3,23,67904,0.800994071973093,0.780252215921025,0.7627467803538832,0.5033197999000549,0.6277205040091638,0.4180999994277954,0.843069873997709,0.10630130767822266,"{""hasForce"": {""auc"": 0.8786159169550173, ""ap"": 0.8835351565865397, ""neg_fail"": 0.0, ""n_test"": 170}, ""hasIntensity"": {""auc"": 0.5362285714285715, ""ap"": 0.5127298596796321, ""neg_fail"": 0.0, ""n_test"": 175}, ""hasMechanic"": {""auc"": 0.8221438871975645, ""ap"": 0.8255007934941294, ""neg_fail"": 0.0, ""n_test"": 158}, ""hasType"": {""auc"": 0.8841142857142857, ""ap"": 0.8525165961278233, ""neg_fail"": 0.0, ""n_test"": 175}, ""isVariationOf"": {""auc"": 0.826923076923077, ""ap"": 0.8640224341424863, ""neg_fail"": 0.0, ""n_test"": 26}, ""recruits"": {""auc"": 0.7873513299679226, ""ap"": 0.7601324247118038, ""neg_fail"": 0.0, ""n_test"": 341}, ""requires"": {""auc"": 0.6242285714285715, ""ap"": 0.6282595294042063, ""neg_fail"": 0.0, ""n_test"": 175}, ""supportsGoal"": {""auc"": 0.8802662993572085, ""ap"": 0.8666047925024672, ""neg_fail"": 0.0, ""n_test"": 330}, ""targets"": {""auc"": 0.7989877551020409, ""ap"": 0.770446969145184, ""neg_fail"": 0.0, ""n_test"": 175}}"
gcn_distmult,GCN + relation-aware decoder,0.3,24,67904,0.7953662499117045,0.7974808653644192,0.768902744139293,0.5171835422515869,0.6098510882016037,0.32933738827705383,0.8581901489117983,0.06498317420482635,"{""hasForce"": {""auc"": 0.8362975778546713, ""ap"": 0.8178495905198717, ""neg_fail"": 0.0, ""n_test"": 170}, ""hasIntensity"": {""auc"": 0.5321469387755102, ""ap"": 0.5187801616881504, ""neg_fail"": 0.0, ""n_test"": 175}, ""hasMechanic"": {""auc"": 0.8759413555519948, ""ap"": 0.8768590861195923, ""neg_fail"": 0.0, ""n_test"": 158}, ""hasType"": {""auc"": 0.8747428571428572, ""ap"": 0.8495304406392836, ""neg_fail"": 0.0, ""n_test"": 175}, ""isVariationOf"": {""auc"": 0.7958579881656804, ""ap"": 0.7280169533919967, ""neg_fail"": 0.0, ""n_test"": 26}, ""recruits"": {""auc"": 0.8202113844910174, ""ap"": 0.7706582218276549, ""neg_fail"": 0.0, ""n_test"": 341}, ""requires"": {""auc"": 0.5688816326530612, ""ap"": 0.5555404568470077, ""neg_fail"": 0.0, ""n_test"": 175}, ""supportsGoal"": {""auc"": 0.8839118457300275, ""ap"": 0.8836211120215463, ""neg_fail"": 0.0, ""n_test"": 330}, ""targets"": {""auc"": 0.8088816326530613, ""ap"": 0.728047021027251, ""neg_fail"": 0.0, ""n_test"": 175}}"
gcn_distmult,GCN + relation-aware decoder,0.3,25,67904,0.8099499568031037,0.7861760134425541,0.7588286207852486,0.5131114721298218,0.6492554410080184,0.3321741819381714,0.8343642611683849,0.09055473655462265,"{""hasForce"": {""auc"": 0.861833910034602, ""ap"": 0.8373399844478311, ""neg_fail"": 0.0, ""n_test"": 170}, ""hasIntensity"": {""auc"": 0.5031836734693877, ""ap"": 0.4763114008540051, ""neg_fail"": 0.0, ""n_test"": 175}, ""hasMechanic"": {""auc"": 0.8144528120493512, ""ap"": 0.8125090138977713, ""neg_fail"": 0.0, ""n_test"": 158}, ""hasType"": {""auc"": 0.8270693877551021, ""ap"": 0.7777385789479448, ""neg_fail"": 0.0, ""n_test"": 175}, ""isVariationOf"": {""auc"": 0.8801775147928994, ""ap"": 0.8712704781051798, ""neg_fail"": 0.0, ""n_test"": 26}, ""recruits"": {""auc"": 0.8098915558001738, ""ap"": 0.7768918575909857, ""neg_fail"": 0.0, ""n_test"": 341}, ""requires"": {""auc"": 0.6464326530612245, ""ap"": 0.6370755599807688, ""neg_fail"": 0.0, ""n_test"": 175}, ""supportsGoal"": {""auc"": 0.8615610651974288, ""ap"": 0.8408631066240881, ""neg_fail"": 0.0, ""n_test"": 330}, ""targets"": {""auc"": 0.793338775510204, ""ap"": 0.7306719888796119, ""neg_fail"": 0.0, ""n_test"": 175}}"
gcn_distmult,GCN + relation-aware decoder,0.3,26,67904,0.8218915893741068,0.7945023314429741,0.7630319581578099,0.5012699961662292,0.60893470790378,0.3580912947654724,0.8602520045819015,0.0661744475364685,"{""hasForce"": {""auc"": 0.8490311418685121, ""ap"": 0.8712406258834096, ""neg_fail"": 0.0, ""n_test"": 170}, ""hasIntensity"": {""auc"": 0.5483102040816326, ""ap"": 0.5046804526120044, ""neg_fail"": 0.0, ""n_test"": 175}, ""hasMechanic"": {""auc"": 0.8560727447524435, ""ap"": 0.856795773250644, ""neg_fail"": 0.0, ""n_test"": 158}, ""hasType"": {""auc"": 0.8768979591836734, ""ap"": 0.8698455372017286, ""neg_fail"": 0.0, ""n_test"": 175}, ""isVariationOf"": {""auc"": 0.8076923076923077, ""ap"": 0.8069510146154402, ""neg_fail"": 0.0, ""n_test"": 26}, ""recruits"": {""auc"": 0.801549694275075, ""ap"": 0.7718018518113287, ""neg_fail"": 0.0, ""n_test"": 341}, ""requires"": {""auc"": 0.5728979591836734, ""ap"": 0.5424907838326314, ""neg_fail"": 0.0, ""n_test"": 175}, ""supportsGoal"": {""auc"": 0.9358218549127639, ""ap"": 0.930478457099019, ""neg_fail"": 0.0, ""n_test"": 330}, ""targets"": {""auc"": 0.7313306122448979, ""ap"": 0.6744910104634022, ""neg_fail"": 0.0, ""n_test"": 175}}"
gcn_distmult,GCN + relation-aware decoder,0.3,27,67904,0.803761118446433,0.7805427431211929,0.7434321449000248,0.539365291595459,0.5928980526918671,0.3243635296821594,0.8192439862542955,0.04948458448052406,"{""hasForce"": {""auc"": 0.9074740484429066, ""ap"": 0.8808699237291241, ""neg_fail"": 0.0, ""n_test"": 170}, ""hasIntensity"": {""auc"": 0.5182040816326531, ""ap"": 0.5368946694450392, ""neg_fail"": 0.0, ""n_test"": 175}, ""hasMechanic"": {""auc"": 0.9161192116647974, ""ap"": 0.9179777350030862, ""neg_fail"": 0.0, ""n_test"": 158}, ""hasType"": {""auc"": 0.7942530612244897, ""ap"": 0.7485289474261404, ""neg_fail"": 0.0, ""n_test"": 175}, ""isVariationOf"": {""auc"": 0.9112426035502958, ""ap"": 0.8958707704812963, ""neg_fail"": 0.0, ""n_test"": 26}, ""recruits"": {""auc"": 0.8028396728614305, ""ap"": 0.748676199437758, ""neg_fail"": 0.0, ""n_test"": 341}, ""requires"": {""auc"": 0.6371755102040817, ""ap"": 0.6477166708400163, ""neg_fail"": 0.0, ""n_test"": 175}, ""supportsGoal"": {""auc"": 0.8484756657483931, ""ap"": 0.8412079171668794, ""neg_fail"": 0.0, ""n_test"": 330}, ""targets"": {""auc"": 0.7362285714285715, ""ap"": 0.6880690046564026, ""neg_fail"": 0.0, ""n_test"": 175}}"
gcn_distmult,GCN + relation-aware decoder,0.3,28,67904,0.763007971049929,0.7550097878596933,0.7288560654463503,0.5404593348503113,0.6176403207331043,0.27965351939201355,0.8258877434135166,0.028695179149508476,"{""hasForce"": {""auc"": 0.8440484429065743, ""ap"": 0.8522773946293523, ""neg_fail"": 0.0, ""n_test"": 170}, ""hasIntensity"": {""auc"": 0.6216816326530614, ""ap"": 0.5879460475233425, ""neg_fail"": 0.0, ""n_test"": 175}, ""hasMechanic"": {""auc"": 0.6808203813491427, ""ap"": 0.7018305535744427, ""neg_fail"": 0.0, ""n_test"": 158}, ""hasType"": {""auc"": 0.7922285714285713, ""ap"": 0.7743822546971127, ""neg_fail"": 0.0, ""n_test"": 175}, ""isVariationOf"": {""auc"": 0.834319526627219, ""ap"": 0.8610923028041415, ""neg_fail"": 0.0, ""n_test"": 26}, ""recruits"": {""auc"": 0.7996061265382993, ""ap"": 0.7523768542026594, ""neg_fail"": 0.0, ""n_test"": 341}, ""requires"": {""auc"": 0.6654367346938774, ""ap"": 0.6424041379966159, ""neg_fail"": 0.0, ""n_test"": 175}, ""supportsGoal"": {""auc"": 0.844793388429752, ""ap"": 0.841503974019415, ""neg_fail"": 0.0, ""n_test"": 330}, ""targets"": {""auc"": 0.7264, ""ap"": 0.6612567397313635, ""neg_fail"": 0.0, ""n_test"": 175}}"
gcn_distmult,GCN + relation-aware decoder,0.3,29,67904,0.801826766861732,0.7764147027935306,0.7602521529377092,0.5534681677818298,0.6018327605956472,0.3782949149608612,0.8684994272623139,0.08100424706935883,"{""hasForce"": {""auc"": 0.8024913494809689, ""ap"": 0.8011601353898019, ""neg_fail"": 0.0, ""n_test"": 170}, ""hasIntensity"": {""auc"": 0.4673632653061225, ""ap"": 0.46984457250844647, ""neg_fail"": 0.0, ""n_test"": 175}, ""hasMechanic"": {""auc"": 0.8595978208620413, ""ap"": 0.8636017640400555, ""neg_fail"": 0.0, ""n_test"": 158}, ""hasType"": {""auc"": 0.9115102040816326, ""ap"": 0.879929379882057, ""neg_fail"": 0.0, ""n_test"": 175}, ""isVariationOf"": {""auc"": 0.8284023668639054, ""ap"": 0.856733174199001, ""neg_fail"": 0.0, ""n_test"": 26}, ""recruits"": {""auc"": 0.7939732200445473, ""ap"": 0.7770726870463558, ""neg_fail"": 0.0, ""n_test"": 341}, ""requires"": {""auc"": 0.6286693877551021, ""ap"": 0.6465237986608584, ""neg_fail"": 0.0, ""n_test"": 175}, ""supportsGoal"": {""auc"": 0.8573829201101928, ""ap"": 0.8374803378172575, ""neg_fail"": 0.0, ""n_test"": 330}, ""targets"": {""auc"": 0.7562775510204081, ""ap"": 0.7103847555397911, ""neg_fail"": 0.0, ""n_test"": 175}}"
rgcn,R-GCN (relation-aware propagation),0.0,0,215360,0.8651007112545575,0.8412518378491913,0.8192341053919777,0.2762156128883362,0.4533791523482245,0.9588534235954285,0.9532646048109966,0.4539373219013214,"{""hasForce"": {""auc"": 0.8472664359861592, ""ap"": 0.8454688192297211, ""neg_fail"": 0.0, ""n_test"": 170}, ""hasIntensity"": {""auc"": 0.7554612244897959, ""ap"": 0.735511254590841, ""neg_fail"": 0.0, ""n_test"": 175}, ""hasMechanic"": {""auc"": 0.8348421727287293, ""ap"": 0.8297362269241401, ""neg_fail"": 0.0, ""n_test"": 158}, ""hasType"": {""auc"": 0.9403102040816327, ""ap"": 0.9094359304291405, ""neg_fail"": 0.0, ""n_test"": 175}, ""isVariationOf"": {""auc"": 0.7603550295857988, ""ap"": 0.7272871953945692, ""neg_fail"": 0.0, ""n_test"": 26}, ""recruits"": {""auc"": 0.7949278041984503, ""ap"": 0.7852545926977875, ""neg_fail"": 0.0, ""n_test"": 341}, ""requires"": {""auc"": 0.6902857142857142, ""ap"": 0.6346891561388711, ""neg_fail"": 0.0, ""n_test"": 175}, ""supportsGoal"": {""auc"": 0.940477502295684, ""ap"": 0.9049976967496878, ""neg_fail"": 0.0030303029343485832, ""n_test"": 330}, ""targets"": {""auc"": 0.7459265306122449, ""ap"": 0.6934649069159797, ""neg_fail"": 0.0, ""n_test"": 175}}"
rgcn,R-GCN (relation-aware propagation),0.0,1,215360,0.8533166522677013,0.8235523629489603,0.7989839346819267,0.3247421085834503,0.4306987399770905,0.970665454864502,0.9539518900343643,0.4408710300922394,"{""hasForce"": {""auc"": 0.7780622837370244, ""ap"": 0.7679555280504542, ""neg_fail"": 0.0, ""n_test"": 170}, ""hasIntensity"": {""auc"": 0.7095510204081632, ""ap"": 0.6397283148146434, ""neg_fail"": 0.0, ""n_test"": 175}, ""hasMechanic"": {""auc"": 0.8771430860439032, ""ap"": 0.8778970931366918, ""neg_fail"": 0.0, ""n_test"": 158}, ""hasType"": {""auc"": 0.9551346938775511, ""ap"": 0.9281030792118484, ""neg_fail"": 0.0, ""n_test"": 175}, ""isVariationOf"": {""auc"": 0.6346153846153847, ""ap"": 0.6477178130633582, ""neg_fail"": 0.0, ""n_test"": 26}, ""recruits"": {""auc"": 0.78273320662877, ""ap"": 0.7768820821378786, ""neg_fail"": 0.0, ""n_test"": 341}, ""requires"": {""auc"": 0.6869877551020408, ""ap"": 0.6600672510756069, ""neg_fail"": 0.0, ""n_test"": 175}, ""supportsGoal"": {""auc"": 0.9277594123048668, ""ap"": 0.8855079289453766, ""neg_fail"": 0.0, ""n_test"": 330}, ""targets"": {""auc"": 0.7162775510204082, ""ap"": 0.6583438200663742, ""neg_fail"": 0.0, ""n_test"": 175}}"
rgcn,R-GCN (relation-aware propagation),0.0,2,215360,0.842062366537891,0.8358859063222012,0.8131397118370449,0.301971971988678,0.41191294387170674,1.0250909328460693,0.9516609392898052,0.44798099994659424,"{""hasForce"": {""auc"": 0.7953287197231834, ""ap"": 0.7941163544715972, ""neg_fail"": 0.0, ""n_test"": 170}, ""hasIntensity"": {""auc"": 0.718465306122449, ""ap"": 0.6245483867693571, ""neg_fail"": 0.0, ""n_test"": 175}, ""hasMechanic"": {""auc"": 0.8881589488863963, ""ap"": 0.8853227757039444, ""neg_fail"": 0.0, ""n_test"": 158}, ""hasType"": {""auc"": 0.9319510204081632, ""ap"": 0.89708731067014, ""neg_fail"": 0.0, ""n_test"": 175}, ""isVariationOf"": {""auc"": 0.6538461538461537, ""ap"": 0.6868749530526267, ""neg_fail"": 0.0, ""n_test"": 26}, ""recruits"": {""auc"": 0.7860871509532941, ""ap"": 0.771406202747428, ""neg_fail"": 0.0, ""n_test"": 341}, ""requires"": {""auc"": 0.729665306122449, ""ap"": 0.6918625220992606, ""neg_fail"": 0.0, ""n_test"": 175}, ""supportsGoal"": {""auc"": 0.9568135904499541, ""ap"": 0.9241033632306975, ""neg_fail"": 0.0, ""n_test"": 330}, ""targets"": {""auc"": 0.7266285714285714, ""ap"": 0.6703685574565977, ""neg_fail"": 0.0, ""n_test"": 175}}"
rgcn,R-GCN (relation-aware propagation),0.0,3,215360,0.8352921359914367,0.8335805082965764,0.8076992107511755,0.3268499970436096,0.4213058419243986,0.9379032850265503,0.9491408934707903,0.43765830993652344,"{""hasForce"": {""auc"": 0.7929411764705883, ""ap"": 0.7942069941905299, ""neg_fail"": 0.0, ""n_test"": 170}, ""hasIntensity"": {""auc"": 0.7106285714285714, ""ap"": 0.6514226749045035, ""neg_fail"": 0.0, ""n_test"": 175}, ""hasMechanic"": {""auc"": 0.8658868771030285, ""ap"": 0.8541625667990909, ""neg_fail"": 0.0, ""n_test"": 158}, ""hasType"": {""auc"": 0.9367836734693878, ""ap"": 0.9026335794492383, ""neg_fail"": 0.0, ""n_test"": 175}, ""isVariationOf"": {""auc"": 0.5517751479289941, ""ap"": 0.5350856675168753, ""neg_fail"": 0.0, ""n_test"": 26}, ""recruits"": {""auc"": 0.7923908463119512, ""ap"": 0.7549183196432552, ""neg_fail"": 0.0, ""n_test"": 341}, ""requires"": {""auc"": 0.6996897959183673, ""ap"": 0.695305359937137, ""neg_fail"": 0.0, ""n_test"": 175}, ""supportsGoal"": {""auc"": 0.9410835629017448, ""ap"": 0.9077614938126086, ""neg_fail"": 0.0, ""n_test"": 330}, ""targets"": {""auc"": 0.7517714285714285, ""ap"": 0.7132930467661756, ""neg_fail"": 0.0, ""n_test"": 175}}"
rgcn,R-GCN (relation-aware propagation),0.0,4,215360,0.8422647670899419,0.8328415038857384,0.8243001440220175,0.24539394676685333,0.45017182130584193,0.8768854141235352,0.9479954180985108,0.46392926573753357,"{""hasForce"": {""auc"": 0.8448442906574394, ""ap"": 0.8462585393959975, ""neg_fail"": 0.0, ""n_test"": 170}, ""hasIntensity"": {""auc"": 0.7186938775510204, ""ap"": 0.7104260181970421, ""neg_fail"": 0.0, ""n_test"": 175}, ""hasMechanic"": {""auc"": 0.8696522993110078, ""ap"": 0.8720649937923949, ""neg_fail"": 0.0, ""n_test"": 158}, ""hasType"": {""auc"": 0.9319510204081634, ""ap"": 0.9263316359393258, ""neg_fail"": 0.0, ""n_test"": 175}, ""isVariationOf"": {""auc"": 0.6316568047337279, ""ap"": 0.666677292159251, ""neg_fail"": 0.0, ""n_test"": 26}, ""recruits"": {""auc"": 0.7855969590904792, ""ap"": 0.7725375805676931, ""neg_fail"": 0.0, ""n_test"": 341}, ""requires"": {""auc"": 0.6567510204081632, ""ap"": 0.6081446619348111, ""neg_fail"": 0.0, ""n_test"": 175}, ""supportsGoal"": {""auc"": 0.9621028466483011, ""ap"": 0.9583052023344651, ""neg_fail"": 0.0, ""n_test"": 330}, ""targets"": {""auc"": 0.7136, ""ap"": 0.6599593691536706, ""neg_fail"": 0.0, ""n_test"": 175}}"
rgcn,R-GCN (relation-aware propagation),0.0,5,215360,0.8588133894077951,0.8392546103759713,0.8325711211041732,0.2837335467338562,0.4733104238258877,0.7761387228965759,0.9495990836197021,0.43201306462287903,"{""hasForce"": {""auc"": 0.9084429065743944, ""ap"": 0.9116534255415224, ""neg_fail"": 0.0, ""n_test"": 170}, ""hasIntensity"": {""auc"": 0.6427755102040817, ""ap"": 0.644918608046036, ""neg_fail"": 0.0, ""n_test"": 175}, ""hasMechanic"": {""auc"": 0.9123938471398815, ""ap"": 0.9099680280763779, ""neg_fail"": 0.0, ""n_test"": 158}, ""hasType"": {""auc"": 0.9140244897959184, ""ap"": 0.8986696379744336, ""neg_fail"": 0.0, ""n_test"": 175}, ""isVariationOf"": {""auc"": 0.7662721893491125, ""ap"": 0.7457123852764832, ""neg_fail"": 0.0, ""n_test"": 26}, ""recruits"": {""auc"": 0.8048176400271756, ""ap"": 0.7768577766398146, ""neg_fail"": 0.0, ""n_test"": 341}, ""requires"": {""auc"": 0.678661224489796, ""ap"": 0.6584899579521908, ""neg_fail"": 0.0, ""n_test"": 175}, ""supportsGoal"": {""auc"": 0.9537649219467401, ""ap"": 0.954708940080793, ""neg_fail"": 0.0, ""n_test"": 330}, ""targets"": {""auc"": 0.7388734693877552, ""ap"": 0.7148044534956248, ""neg_fail"": 0.0, ""n_test"": 175}}"
rgcn,R-GCN (relation-aware propagation),0.0,6,215360,0.830434522742215,0.8256554505356019,0.821656199934531,0.22162580490112305,0.48934707903780067,0.8064852356910706,0.954639175257732,0.4304238259792328,"{""hasForce"": {""auc"": 0.7689965397923876, ""ap"": 0.7728597226059055, ""neg_fail"": 0.0, ""n_test"": 170}, ""hasIntensity"": {""auc"": 0.6941387755102042, ""ap"": 0.6345009201542259, ""neg_fail"": 0.0, ""n_test"": 175}, ""hasMechanic"": {""auc"": 0.9081477327351386, ""ap"": 0.9017218301614244, ""neg_fail"": 0.0, ""n_test"": 158}, ""hasType"": {""auc"": 0.9575183673469388, ""ap"": 0.953615592560463, ""neg_fail"": 0.0, ""n_test"": 175}, ""isVariationOf"": {""auc"": 0.48372781065088755, ""ap"": 0.5218404152267143, ""neg_fail"": 0.0, ""n_test"": 26}, ""recruits"": {""auc"": 0.7774098949957431, ""ap"": 0.78073225637497, ""neg_fail"": 0.0, ""n_test"": 341}, ""requires"": {""auc"": 0.6736326530612244, ""ap"": 0.6343815582650294, ""neg_fail"": 0.0, ""n_test"": 175}, ""supportsGoal"": {""auc"": 0.9617171717171717, ""ap"": 0.9606525681054265, ""neg_fail"": 0.0030303029343485832, ""n_test"": 330}, ""targets"": {""auc"": 0.6681142857142858, ""ap"": 0.5863000185918545, ""neg_fail"": 0.0, ""n_test"": 175}}"
rgcn,R-GCN (relation-aware propagation),0.0,7,215360,0.8189601773517857,0.804435706784289,0.7924291090587636,0.21811267733573914,0.49896907216494846,0.7110077738761902,0.9502863688430698,0.41736429929733276,"{""hasForce"": {""auc"": 0.7319031141868513, ""ap"": 0.733993135710009, ""neg_fail"": 0.0, ""n_test"": 170}, ""hasIntensity"": {""auc"": 0.5696, ""ap"": 0.5123643909672462, ""neg_fail"": 0.0, ""n_test"": 175}, ""hasMechanic"": {""auc"": 0.9309405543983336, ""ap"": 0.9309219261784828, ""neg_fail"": 0.0, ""n_test"": 158}, ""hasType"": {""auc"": 0.9460244897959185, ""ap"": 0.940076616136263, ""neg_fail"": 0.0, ""n_test"": 175}, ""isVariationOf"": {""auc"": 0.7011834319526628, ""ap"": 0.7365698732255646, ""neg_fail"": 0.0, ""n_test"": 26}, ""recruits"": {""auc"": 0.7675286590242603, ""ap"": 0.7501733640110417, ""neg_fail"": 0.0, ""n_test"": 341}, ""requires"": {""auc"": 0.5991183673469387, ""ap"": 0.5370786518867143, ""neg_fail"": 0.0, ""n_test"": 175}, ""supportsGoal"": {""auc"": 0.9724609733700643, ""ap"": 0.9710319464085806, ""neg_fail"": 0.0, ""n_test"": 330}, ""targets"": {""auc"": 0.6433632653061224, ""ap"": 0.5699043431569075, ""neg_fail"": 0.0, ""n_test"": 175}}"
rgcn,R-GCN (relation-aware propagation),0.0,8,215360,0.828656386348694,0.8172817475320311,0.8058796674046035,0.2807847261428833,0.4531500572737686,0.8860121965408325,0.9461626575028637,0.40665990114212036,"{""hasForce"": {""auc"": 0.8070588235294118, ""ap"": 0.7704855153193433, ""neg_fail"": 0.0, ""n_test"": 170}, ""hasIntensity"": {""auc"": 0.7012244897959183, ""ap"": 0.650642555207603, ""neg_fail"": 0.0, ""n_test"": 175}, ""hasMechanic"": {""auc"": 0.8143726966832239, ""ap"": 0.8099673591970353, ""neg_fail"": 0.0, ""n_test"": 158}, ""hasType"": {""auc"": 0.9388734693877551, ""ap"": 0.9023565931705768, ""neg_fail"": 0.0, ""n_test"": 175}, ""isVariationOf"": {""auc"": 0.5281065088757397, ""ap"": 0.49646236688286993, ""neg_fail"": 0.0, ""n_test"": 26}, ""recruits"": {""auc"": 0.7460720152045475, ""ap"": 0.723756724541047, ""neg_fail"": 0.0, ""n_test"": 341}, ""requires"": {""auc"": 0.6718693877551021, ""ap"": 0.6074787742492898, ""neg_fail"": 0.0, ""n_test"": 175}, ""supportsGoal"": {""auc"": 0.9649219467401285, ""ap"": 0.9635018730418415, ""neg_fail"": 0.0, ""n_test"": 330}, ""targets"": {""auc"": 0.705534693877551, ""ap"": 0.7253689923501909, ""neg_fail"": 0.0, ""n_test"": 175}}"
rgcn,R-GCN (relation-aware propagation),0.0,9,215360,0.8424481501404577,0.8316269691241336,0.8035895291550561,0.31650593876838684,0.4570446735395189,0.9665082693099976,0.9372279495990836,0.42144033312797546,"{""hasForce"": {""auc"": 0.8253287197231834, ""ap"": 0.8167505507066849, ""neg_fail"": 0.0, ""n_test"": 170}, ""hasIntensity"": {""auc"": 0.7619265306122449, ""ap"": 0.6827039992347581, ""neg_fail"": 0.0, ""n_test"": 175}, ""hasMechanic"": {""auc"": 0.9066255407787214, ""ap"": 0.8978975923415313, ""neg_fail"": 0.0, ""n_test"": 158}, ""hasType"": {""auc"": 0.9236897959183674, ""ap"": 0.8807499462612558, ""neg_fail"": 0.0, ""n_test"": 175}, ""isVariationOf"": {""auc"": 0.7884615384615385, ""ap"": 0.7610151870374393, ""neg_fail"": 0.0, ""n_test"": 26}, ""recruits"": {""auc"": 0.7649745014232763, ""ap"": 0.7377749498043287, ""neg_fail"": 0.0, ""n_test"": 341}, ""requires"": {""auc"": 0.6906448979591837, ""ap"": 0.6728326941085225, ""neg_fail"": 0.0, ""n_test"": 175}, ""supportsGoal"": {""auc"": 0.9377226813590449, ""ap"": 0.9026259169906906, ""neg_fail"": 0.0, ""n_test"": 330}, ""targets"": {""auc"": 0.7213061224489796, ""ap"": 0.6781650160204197, ""neg_fail"": 0.0, ""n_test"": 175}}"
rgcn,R-GCN (relation-aware propagation),0.0,10,215360,0.8645532788889433,0.8555957151858854,0.8477028535890039,0.28634998202323914,0.47101947308132874,0.8645283579826355,0.9583046964490264,0.44571247696876526,"{""hasForce"": {""auc"": 0.8626643598615917, ""ap"": 0.8624394751073622, ""neg_fail"": 0.0, ""n_test"": 170}, ""hasIntensity"": {""auc"": 0.7418775510204082, ""ap"": 0.7151680044192869, ""neg_fail"": 0.0, ""n_test"": 175}, ""hasMechanic"": {""auc"": 0.8894007370613684, ""ap"": 0.8906318423371666, ""neg_fail"": 0.0, ""n_test"": 158}, ""hasType"": {""auc"": 0.9442285714285714, ""ap"": 0.9395111064942936, ""neg_fail"": 0.0, ""n_test"": 175}, ""isVariationOf"": {""auc"": 0.5650887573964498, ""ap"": 0.5952820311369588, ""neg_fail"": 0.0, ""n_test"": 26}, ""recruits"": {""auc"": 0.8136926927013013, ""ap"": 0.797154093088053, ""neg_fail"": 0.0, ""n_test"": 341}, ""requires"": {""auc"": 0.7159836734693876, ""ap"": 0.7085020257067128, ""neg_fail"": 0.0, ""n_test"": 175}, ""supportsGoal"": {""auc"": 0.9699265381083564, ""ap"": 0.9677141803418887, ""neg_fail"": 0.0, ""n_test"": 330}, ""targets"": {""auc"": 0.7694693877551021, ""ap"": 0.755269730950718, ""neg_fail"": 0.0, ""n_test"": 175}}"
rgcn,R-GCN (relation-aware propagation),0.0,11,215360,0.8424345662107899,0.828562738920395,0.8074237106660478,0.3046509623527527,0.43986254295532645,0.9016551971435547,0.9484536082474226,0.426177442073822,"{""hasForce"": {""auc"": 0.8066089965397923, ""ap"": 0.819465583457579, ""neg_fail"": 0.0, ""n_test"": 170}, ""hasIntensity"": {""auc"": 0.6890448979591837, ""ap"": 0.6385453766286304, ""neg_fail"": 0.0, ""n_test"": 175}, ""hasMechanic"": {""auc"": 0.9206457298509855, ""ap"": 0.9228306142069527, ""neg_fail"": 0.0, ""n_test"": 158}, ""hasType"": {""auc"": 0.9143836734693879, ""ap"": 0.8894538519860419, ""neg_fail"": 0.0, ""n_test"": 175}, ""isVariationOf"": {""auc"": 0.7189349112426036, ""ap"": 0.7095959733039698, ""neg_fail"": 0.0, ""n_test"": 26}, ""recruits"": {""auc"": 0.7965101779310463, ""ap"": 0.7607334239991971, ""neg_fail"": 0.0, ""n_test"": 341}, ""requires"": {""auc"": 0.6714448979591836, ""ap"": 0.6479570512209085, ""neg_fail"": 0.0, ""n_test"": 175}, ""supportsGoal"": {""auc"": 0.9476675849403122, ""ap"": 0.9296480650133447, ""neg_fail"": 0.0, ""n_test"": 330}, ""targets"": {""auc"": 0.7611428571428571, ""ap"": 0.7341491098089464, ""neg_fail"": 0.0, ""n_test"": 175}}"
rgcn,R-GCN (relation-aware propagation),0.0,12,215360,0.8626963557033486,0.8327776517538332,0.8141657711200085,0.33501002192497253,0.4054982817869416,0.9262839555740356,0.9484536082474226,0.43838804960250854,"{""hasForce"": {""auc"": 0.7717993079584775, ""ap"": 0.749485921121263, ""neg_fail"": 0.0, ""n_test"": 170}, ""hasIntensity"": {""auc"": 0.6961632653061225, ""ap"": 0.6313328285314314, ""neg_fail"": 0.0, ""n_test"": 175}, ""hasMechanic"": {""auc"": 0.8835122576510176, ""ap"": 0.8854910394777753, ""neg_fail"": 0.0, ""n_test"": 158}, ""hasType"": {""auc"": 0.9313632653061223, ""ap"": 0.8942422647610123, ""neg_fail"": 0.0, ""n_test"": 175}, ""isVariationOf"": {""auc"": 0.6582840236686391, ""ap"": 0.6243120691865374, ""neg_fail"": 0.0, ""n_test"": 26}, ""recruits"": {""auc"": 0.7813916288989603, ""ap"": 0.7631712157719097, ""neg_fail"": 0.0, ""n_test"": 341}, ""requires"": {""auc"": 0.6799673469387755, ""ap"": 0.6466700942529492, ""neg_fail"": 0.0, ""n_test"": 175}, ""supportsGoal"": {""auc"": 0.953443526170799, ""ap"": 0.9391134521632957, ""neg_fail"": 0.0, ""n_test"": 330}, ""targets"": {""auc"": 0.7671183673469387, ""ap"": 0.7346346539085895, ""neg_fail"": 0.0, ""n_test"": 175}}"
rgcn,R-GCN (relation-aware propagation),0.0,13,215360,0.8585912921577257,0.8467565637471121,0.8390253042150698,0.2449047565460205,0.4662084765177549,0.7955725789070129,0.949828178694158,0.40599316358566284,"{""hasForce"": {""auc"": 0.7858131487889273, ""ap"": 0.7605243489072717, ""neg_fail"": 0.0, ""n_test"": 170}, ""hasIntensity"": {""auc"": 0.7627102040816327, ""ap"": 0.7457969776425737, ""neg_fail"": 0.0, ""n_test"": 175}, ""hasMechanic"": {""auc"": 0.8701329915077711, ""ap"": 0.8659690105934752, ""neg_fail"": 0.0, ""n_test"": 158}, ""hasType"": {""auc"": 0.932930612244898, ""ap"": 0.9240530315425203, ""neg_fail"": 0.0, ""n_test"": 175}, ""isVariationOf"": {""auc"": 0.6952662721893491, ""ap"": 0.6784520716223238, ""neg_fail"": 0.0, ""n_test"": 26}, ""recruits"": {""auc"": 0.8203231826351683, ""ap"": 0.8070097583766516, ""neg_fail"": 0.0, ""n_test"": 341}, ""requires"": {""auc"": 0.7002122448979591, ""ap"": 0.6712816222742711, ""neg_fail"": 0.0, ""n_test"": 175}, ""supportsGoal"": {""auc"": 0.9677777777777777, ""ap"": 0.9672624991721102, ""neg_fail"": 0.0, ""n_test"": 330}, ""targets"": {""auc"": 0.7460571428571429, ""ap"": 0.692923085837778, ""neg_fail"": 0.0, ""n_test"": 175}}"
rgcn,R-GCN (relation-aware propagation),0.0,14,215360,0.8516852223145929,0.8361732409157739,0.8208798557539643,0.26269203424453735,0.4547537227949599,0.9179345965385437,0.9447880870561283,0.47146904468536377,"{""hasForce"": {""auc"": 0.8350173010380623, ""ap"": 0.8278945636912559, ""neg_fail"": 0.0, ""n_test"": 170}, ""hasIntensity"": {""auc"": 0.7231999999999998, ""ap"": 0.7122852757195455, ""neg_fail"": 0.0, ""n_test"": 175}, ""hasMechanic"": {""auc"": 0.9293382470757892, ""ap"": 0.9295744878857387, ""neg_fail"": 0.0, ""n_test"": 158}, ""hasType"": {""auc"": 0.9426938775510203, ""ap"": 0.932928650651295, ""neg_fail"": 0.0, ""n_test"": 175}, ""isVariationOf"": {""auc"": 0.6360946745562132, ""ap"": 0.6317740564527619, ""neg_fail"": 0.0, ""n_test"": 26}, ""recruits"": {""auc"": 0.7857345568063571, ""ap"": 0.7757839506278077, ""neg_fail"": 0.0, ""n_test"": 341}, ""requires"": {""auc"": 0.6722285714285714, ""ap"": 0.6121676430602954, ""neg_fail"": 0.0, ""n_test"": 175}, ""supportsGoal"": {""auc"": 0.9507346189164371, ""ap"": 0.94171031992556, ""neg_fail"": 0.0, ""n_test"": 330}, ""targets"": {""auc"": 0.7379265306122449, ""ap"": 0.7272256802028352, ""neg_fail"": 0.0, ""n_test"": 175}}"
rgcn,R-GCN (relation-aware propagation),0.0,15,215360,0.8563553773343984,0.8329433312329343,0.8190924452632011,0.30791884660720825,0.4235967926689576,0.8842939138412476,0.9457044673539519,0.4104127585887909,"{""hasForce"": {""auc"": 0.8799653979238754, ""ap"": 0.881450172051364, ""neg_fail"": 0.0, ""n_test"": 170}, ""hasIntensity"": {""auc"": 0.7550693877551021, ""ap"": 0.7223763622926122, ""neg_fail"": 0.0, ""n_test"": 175}, ""hasMechanic"": {""auc"": 0.8703733376061529, ""ap"": 0.8698830578636647, ""neg_fail"": 0.0, ""n_test"": 158}, ""hasType"": {""auc"": 0.9291755102040816, ""ap"": 0.9096471738850412, ""neg_fail"": 0.0, ""n_test"": 175}, ""isVariationOf"": {""auc"": 0.4866863905325444, ""ap"": 0.4880698080713505, ""neg_fail"": 0.0, ""n_test"": 26}, ""recruits"": {""auc"": 0.7747611389650931, ""ap"": 0.7717472664527393, ""neg_fail"": 0.0, ""n_test"": 341}, ""requires"": {""auc"": 0.6937795918367348, ""ap"": 0.6575582074620788, ""neg_fail"": 0.0, ""n_test"": 175}, ""supportsGoal"": {""auc"": 0.9508448117539027, ""ap"": 0.9394654636851798, ""neg_fail"": 0.0, ""n_test"": 330}, ""targets"": {""auc"": 0.7286204081632653, ""ap"": 0.6617467103780458, ""neg_fail"": 0.0, ""n_test"": 175}}"
rgcn,R-GCN (relation-aware propagation),0.0,16,215360,0.8700792214778229,0.8483249737450115,0.8202453103359882,0.3347628712654114,0.43711340206185567,0.945026695728302,0.9537227949599084,0.4194909334182739,"{""hasForce"": {""auc"": 0.8070588235294119, ""ap"": 0.780013407718512, ""neg_fail"": 0.0, ""n_test"": 170}, ""hasIntensity"": {""auc"": 0.6969795918367347, ""ap"": 0.6374220658993173, ""neg_fail"": 0.0, ""n_test"": 175}, ""hasMechanic"": {""auc"": 0.858075628905624, ""ap"": 0.8473754172835815, ""neg_fail"": 0.0, ""n_test"": 158}, ""hasType"": {""auc"": 0.9378285714285713, ""ap"": 0.8853678417884097, ""neg_fail"": 0.0, ""n_test"": 175}, ""isVariationOf"": {""auc"": 0.8357988165680473, ""ap"": 0.7271275766340192, ""neg_fail"": 0.0, ""n_test"": 26}, ""recruits"": {""auc"": 0.8071568011971002, ""ap"": 0.7632656429984181, ""neg_fail"": 0.0, ""n_test"": 341}, ""requires"": {""auc"": 0.7095510204081632, ""ap"": 0.6870501259079596, ""neg_fail"": 0.0, ""n_test"": 175}, ""supportsGoal"": {""auc"": 0.954178145087236, ""ap"": 0.9151522302781679, ""neg_fail"": 0.0, ""n_test"": 330}, ""targets"": {""auc"": 0.7468408163265308, ""ap"": 0.7132528357501992, ""neg_fail"": 0.0, ""n_test"": 175}}"
rgcn,R-GCN (relation-aware propagation),0.0,17,215360,0.8322737868192412,0.8305663516068054,0.8245116829071923,0.23216350376605988,0.44902634593356244,0.8196353912353516,0.9372279495990836,0.4106441140174866,"{""hasForce"": {""auc"": 0.7874048442906575, ""ap"": 0.7664746833005819, ""neg_fail"": 0.0, ""n_test"": 170}, ""hasIntensity"": {""auc"": 0.6304979591836735, ""ap"": 0.578148373752916, ""neg_fail"": 0.0, ""n_test"": 175}, ""hasMechanic"": {""auc"": 0.9108716551834642, ""ap"": 0.9085892870491364, ""neg_fail"": 0.0, ""n_test"": 158}, ""hasType"": {""auc"": 0.9529469387755102, ""ap"": 0.9504232899122935, ""neg_fail"": 0.0, ""n_test"": 175}, ""isVariationOf"": {""auc"": 0.6079881656804733, ""ap"": 0.6114739238754796, ""neg_fail"": 0.0, ""n_test"": 26}, ""recruits"": {""auc"": 0.7758275212631471, ""ap"": 0.7622530852468474, ""neg_fail"": 0.0, ""n_test"": 341}, ""requires"": {""auc"": 0.714187755102041, ""ap"": 0.6825241973859564, ""neg_fail"": 0.0, ""n_test"": 175}, ""supportsGoal"": {""auc"": 0.9597061524334252, ""ap"": 0.9586420816400765, ""neg_fail"": 0.0, ""n_test"": 330}, ""targets"": {""auc"": 0.7297959183673469, ""ap"": 0.6969681200302232, ""neg_fail"": 0.0, ""n_test"": 175}}"
rgcn,R-GCN (relation-aware propagation),0.0,18,215360,0.826734260300694,0.812218945599664,0.7939902337156377,0.3114021420478821,0.43963344788087055,1.0056660175323486,0.9484536082474226,0.47230127453804016,"{""hasForce"": {""auc"": 0.7778200692041523, ""ap"": 0.7680056348158091, ""neg_fail"": 0.0, ""n_test"": 170}, ""hasIntensity"": {""auc"": 0.6846040816326531, ""ap"": 0.6183271714434355, ""neg_fail"": 0.0, ""n_test"": 175}, ""hasMechanic"": {""auc"": 0.875821182502804, ""ap"": 0.8796291454326217, ""neg_fail"": 0.0, ""n_test"": 158}, ""hasType"": {""auc"": 0.9079510204081632, ""ap"": 0.860041250648395, ""neg_fail"": 0.0, ""n_test"": 175}, ""isVariationOf"": {""auc"": 0.43934911242603547, ""ap"": 0.4468128106210275, ""neg_fail"": 0.0, ""n_test"": 26}, ""recruits"": {""auc"": 0.7432770616007774, ""ap"": 0.7372538149039172, ""neg_fail"": 0.0, ""n_test"": 341}, ""requires"": {""auc"": 0.6743510204081633, ""ap"": 0.5994423845827932, ""neg_fail"": 0.0, ""n_test"": 175}, ""supportsGoal"": {""auc"": 0.949641873278237, ""ap"": 0.9348451669688259, ""neg_fail"": 0.0, ""n_test"": 330}, ""targets"": {""auc"": 0.7168326530612246, ""ap"": 0.6455355204313502, ""neg_fail"": 0.0, ""n_test"": 175}}"
rgcn,R-GCN (relation-aware propagation),0.0,19,215360,0.8378921001298625,0.8129868515017853,0.7956779906145018,0.2449313998222351,0.44673539518900346,0.945784866809845,0.9441008018327606,0.46764180064201355,"{""hasForce"": {""auc"": 0.7712802768166089, ""ap"": 0.7443231823707188, ""neg_fail"": 0.0, ""n_test"": 170}, ""hasIntensity"": {""auc"": 0.708865306122449, ""ap"": 0.6335945227280128, ""neg_fail"": 0.0, ""n_test"": 175}, ""hasMechanic"": {""auc"": 0.9290979009774074, ""ap"": 0.9307693912440567, ""neg_fail"": 0.0, ""n_test"": 158}, ""hasType"": {""auc"": 0.9401469387755101, ""ap"": 0.9288397610932598, ""neg_fail"": 0.0, ""n_test"": 175}, ""isVariationOf"": {""auc"": 0.6272189349112426, ""ap"": 0.6488676076807804, ""neg_fail"": 0.0, ""n_test"": 26}, ""recruits"": {""auc"": 0.7067792674641602, ""ap"": 0.7183450435116843, ""neg_fail"": 0.0, ""n_test"": 341}, ""requires"": {""auc"": 0.6770938775510204, ""ap"": 0.6325206025186416, ""neg_fail"": 0.0, ""n_test"": 175}, ""supportsGoal"": {""auc"": 0.9419100091827364, ""ap"": 0.9206611793292863, ""neg_fail"": 0.0, ""n_test"": 330}, ""targets"": {""auc"": 0.6861714285714287, ""ap"": 0.677729006463682, ""neg_fail"": 0.0, ""n_test"": 175}}"
rgcn,R-GCN (relation-aware propagation),0.0,20,215360,0.8447873028292608,0.8201060281453476,0.8003431578601878,0.27542439103126526,0.44100801832760594,1.003600835800171,0.9493699885452462,0.473070353269577,"{""hasForce"": {""auc"": 0.7374048442906573, ""ap"": 0.7237293811765552, ""neg_fail"": 0.0, ""n_test"": 170}, ""hasIntensity"": {""auc"": 0.6668408163265306, ""ap"": 0.6269253483335475, ""neg_fail"": 0.0, ""n_test"": 175}, ""hasMechanic"": {""auc"": 0.8558323986540619, ""ap"": 0.850639438248554, ""neg_fail"": 0.0, ""n_test"": 158}, ""hasType"": {""auc"": 0.9029877551020408, ""ap"": 0.8381797815868044, ""neg_fail"": 0.0, ""n_test"": 175}, ""isVariationOf"": {""auc"": 0.6035502958579881, ""ap"": 0.6032328918155383, ""neg_fail"": 0.0, ""n_test"": 26}, ""recruits"": {""auc"": 0.8014722955598936, ""ap"": 0.7859819437954704, ""neg_fail"": 0.0, ""n_test"": 341}, ""requires"": {""auc"": 0.6694530612244898, ""ap"": 0.6199013368652723, ""neg_fail"": 0.0, ""n_test"": 175}, ""supportsGoal"": {""auc"": 0.9551239669421487, ""ap"": 0.9284695147959962, ""neg_fail"": 0.0, ""n_test"": 330}, ""targets"": {""auc"": 0.7372734693877551, ""ap"": 0.7156257481180874, ""neg_fail"": 0.0, ""n_test"": 175}}"
rgcn,R-GCN (relation-aware propagation),0.0,21,215360,0.8341157676822013,0.8153614786809494,0.7848389689360484,0.3067660927772522,0.4265750286368843,0.9576042890548706,0.9402061855670103,0.44102180004119873,"{""hasForce"": {""auc"": 0.8017993079584775, ""ap"": 0.7975084169065697, ""neg_fail"": 0.0, ""n_test"": 170}, ""hasIntensity"": {""auc"": 0.7030857142857143, ""ap"": 0.6264978047510773, ""neg_fail"": 0.0, ""n_test"": 175}, ""hasMechanic"": {""auc"": 0.853028360839609, ""ap"": 0.856203201341041, ""neg_fail"": 0.0, ""n_test"": 158}, ""hasType"": {""auc"": 0.9214367346938775, ""ap"": 0.8877903655311589, ""neg_fail"": 0.0, ""n_test"": 175}, ""isVariationOf"": {""auc"": 0.7248520710059171, ""ap"": 0.7153818890683356, ""neg_fail"": 0.0, ""n_test"": 26}, ""recruits"": {""auc"": 0.7753975284010285, ""ap"": 0.7444591778974594, ""neg_fail"": 0.0, ""n_test"": 341}, ""requires"": {""auc"": 0.6562612244897958, ""ap"": 0.6259462828710263, ""neg_fail"": 0.0, ""n_test"": 175}, ""supportsGoal"": {""auc"": 0.9247015610651974, ""ap"": 0.8825264243642625, ""neg_fail"": 0.0, ""n_test"": 330}, ""targets"": {""auc"": 0.7280979591836736, ""ap"": 0.6750534894328376, ""neg_fail"": 0.0, ""n_test"": 175}}"
rgcn,R-GCN (relation-aware propagation),0.0,22,215360,0.8441991186746433,0.8292479731148918,0.8065996526122833,0.3218146860599518,0.4611683848797251,0.9336632490158081,0.9406643757159221,0.42003875970840454,"{""hasForce"": {""auc"": 0.8020069204152249, ""ap"": 0.7881358716270576, ""neg_fail"": 0.0, ""n_test"": 170}, ""hasIntensity"": {""auc"": 0.7115428571428571, ""ap"": 0.6542207235651769, ""neg_fail"": 0.0, ""n_test"": 175}, ""hasMechanic"": {""auc"": 0.8417721518987341, ""ap"": 0.8317288410298865, ""neg_fail"": 0.0, ""n_test"": 158}, ""hasType"": {""auc"": 0.9113469387755102, ""ap"": 0.8551064995854212, ""neg_fail"": 0.0, ""n_test"": 175}, ""isVariationOf"": {""auc"": 0.7766272189349113, ""ap"": 0.8161849843273685, ""neg_fail"": 0.0, ""n_test"": 26}, ""recruits"": {""auc"": 0.804293048735391, ""ap"": 0.7838130030017411, ""neg_fail"": 0.0, ""n_test"": 341}, ""requires"": {""auc"": 0.7094204081632653, ""ap"": 0.6945173563032994, ""neg_fail"": 0.0, ""n_test"": 175}, ""supportsGoal"": {""auc"": 0.9413498622589531, ""ap"": 0.9192672708736347, ""neg_fail"": 0.0, ""n_test"": 330}, ""targets"": {""auc"": 0.7509551020408164, ""ap"": 0.6725404378606058, ""neg_fail"": 0.0, ""n_test"": 175}}"
rgcn,R-GCN (relation-aware propagation),0.0,23,215360,0.8317874821371325,0.8267086746481831,0.8199098416649456,0.23346740007400513,0.43871706758304696,0.9486097693443298,0.9512027491408934,0.47478681802749634,"{""hasForce"": {""auc"": 0.8158823529411765, ""ap"": 0.8192065451602202, ""neg_fail"": 0.0, ""n_test"": 170}, ""hasIntensity"": {""auc"": 0.6524408163265306, ""ap"": 0.6286939026511249, ""neg_fail"": 0.0, ""n_test"": 175}, ""hasMechanic"": {""auc"": 0.9173209421567057, ""ap"": 0.9113928622432406, ""neg_fail"": 0.0, ""n_test"": 158}, ""hasType"": {""auc"": 0.9629714285714286, ""ap"": 0.9543485431829064, ""neg_fail"": 0.0, ""n_test"": 175}, ""isVariationOf"": {""auc"": 0.42603550295857995, ""ap"": 0.4902150926932557, ""neg_fail"": 0.0, ""n_test"": 26}, ""recruits"": {""auc"": 0.7842467815034271, ""ap"": 0.769673756922832, ""neg_fail"": 0.0, ""n_test"": 341}, ""requires"": {""auc"": 0.6885551020408163, ""ap"": 0.6414569531016987, ""neg_fail"": 0.0, ""n_test"": 175}, ""supportsGoal"": {""auc"": 0.9556382001836548, ""ap"": 0.9531190925865181, ""neg_fail"": 0.0030303029343485832, ""n_test"": 330}, ""targets"": {""auc"": 0.6426775510204081, ""ap"": 0.619381286980993, ""neg_fail"": 0.0, ""n_test"": 175}}"
rgcn,R-GCN (relation-aware propagation),0.0,24,215360,0.8304399563140822,0.8271556395715185,0.8083284279330915,0.3035457134246826,0.4531500572737686,1.0304481983184814,0.947537227949599,0.5017134547233582,"{""hasForce"": {""auc"": 0.80121107266436, ""ap"": 0.787963427910981, ""neg_fail"": 0.0, ""n_test"": 170}, ""hasIntensity"": {""auc"": 0.7467102040816327, ""ap"": 0.680449348488601, ""neg_fail"": 0.0, ""n_test"": 175}, ""hasMechanic"": {""auc"": 0.9020589649094697, ""ap"": 0.9034427306893248, ""neg_fail"": 0.0, ""n_test"": 158}, ""hasType"": {""auc"": 0.9150367346938775, ""ap"": 0.8659802288805071, ""neg_fail"": 0.0, ""n_test"": 175}, ""isVariationOf"": {""auc"": 0.48372781065088755, ""ap"": 0.559946495241625, ""neg_fail"": 0.0, ""n_test"": 26}, ""recruits"": {""auc"": 0.7689648351837359, ""ap"": 0.7667898338074844, ""neg_fail"": 0.0, ""n_test"": 341}, ""requires"": {""auc"": 0.6459102040816326, ""ap"": 0.5747096895356943, ""neg_fail"": 0.0, ""n_test"": 175}, ""supportsGoal"": {""auc"": 0.9425711662075298, ""ap"": 0.9260177378541181, ""neg_fail"": 0.0, ""n_test"": 330}, ""targets"": {""auc"": 0.804734693877551, ""ap"": 0.7635625455970547, ""neg_fail"": 0.0, ""n_test"": 175}}"
rgcn,R-GCN (relation-aware propagation),0.0,25,215360,0.84577621290908,0.8193334173492963,0.802741246871373,0.246967613697052,0.4820160366552119,0.9363998174667358,0.9450171821305842,0.44768401980400085,"{""hasForce"": {""auc"": 0.8059169550173011, ""ap"": 0.80073471936762, ""neg_fail"": 0.0, ""n_test"": 170}, ""hasIntensity"": {""auc"": 0.6693224489795918, ""ap"": 0.6051614639886012, ""neg_fail"": 0.0, ""n_test"": 175}, ""hasMechanic"": {""auc"": 0.8834321422848902, ""ap"": 0.8808890186524332, ""neg_fail"": 0.0, ""n_test"": 158}, ""hasType"": {""auc"": 0.9466775510204082, ""ap"": 0.9233224927455688, ""neg_fail"": 0.0, ""n_test"": 175}, ""isVariationOf"": {""auc"": 0.7337278106508875, ""ap"": 0.6784394566080323, ""neg_fail"": 0.0, ""n_test"": 26}, ""recruits"": {""auc"": 0.7710460006363894, ""ap"": 0.7543916401784325, ""neg_fail"": 0.0, ""n_test"": 341}, ""requires"": {""auc"": 0.6577632653061225, ""ap"": 0.6203462535470317, ""neg_fail"": 0.0, ""n_test"": 175}, ""supportsGoal"": {""auc"": 0.9522130394857667, ""ap"": 0.948137058295643, ""neg_fail"": 0.0, ""n_test"": 330}, ""targets"": {""auc"": 0.6752326530612245, ""ap"": 0.6058805581586048, ""neg_fail"": 0.0, ""n_test"": 175}}"
rgcn,R-GCN (relation-aware propagation),0.0,26,215360,0.844036111518629,0.8222672547784078,0.8044120511172008,0.3105112612247467,0.4515463917525773,0.9649360775947571,0.9544100801832761,0.4391358494758606,"{""hasForce"": {""auc"": 0.7511764705882352, ""ap"": 0.7496683169851077, ""neg_fail"": 0.0, ""n_test"": 170}, ""hasIntensity"": {""auc"": 0.7119673469387756, ""ap"": 0.6851090091874319, ""neg_fail"": 0.0, ""n_test"": 175}, ""hasMechanic"": {""auc"": 0.8516663996154462, ""ap"": 0.8599442904894712, ""neg_fail"": 0.0, ""n_test"": 158}, ""hasType"": {""auc"": 0.9279673469387755, ""ap"": 0.8752584737465975, ""neg_fail"": 0.0, ""n_test"": 175}, ""isVariationOf"": {""auc"": 0.7603550295857988, ""ap"": 0.7347223042535657, ""neg_fail"": 0.0, ""n_test"": 26}, ""recruits"": {""auc"": 0.7648283038501561, ""ap"": 0.7553523413682808, ""neg_fail"": 0.0, ""n_test"": 341}, ""requires"": {""auc"": 0.7034448979591836, ""ap"": 0.6438295798690117, ""neg_fail"": 0.0, ""n_test"": 175}, ""supportsGoal"": {""auc"": 0.9487603305785123, ""ap"": 0.9307244196880333, ""neg_fail"": 0.0, ""n_test"": 330}, ""targets"": {""auc"": 0.7204571428571429, ""ap"": 0.6432915216717406, ""neg_fail"": 0.0, ""n_test"": 175}}"
rgcn,R-GCN (relation-aware propagation),0.0,27,215360,0.8355977744089631,0.807184709094728,0.804301882806173,0.17901402711868286,0.44329896907216493,0.7842134237289429,0.9418098510882016,0.44068607687950134,"{""hasForce"": {""auc"": 0.7699653979238754, ""ap"": 0.7452413241137024, ""neg_fail"": 0.0, ""n_test"": 170}, ""hasIntensity"": {""auc"": 0.782595918367347, ""ap"": 0.7796388728764571, ""neg_fail"": 0.0, ""n_test"": 175}, ""hasMechanic"": {""auc"": 0.8225845217112643, ""ap"": 0.8182934281674421, ""neg_fail"": 0.0, ""n_test"": 158}, ""hasType"": {""auc"": 0.9598367346938775, ""ap"": 0.9567750869320729, ""neg_fail"": 0.0, ""n_test"": 175}, ""isVariationOf"": {""auc"": 0.5029585798816567, ""ap"": 0.4937086104925097, ""neg_fail"": 0.0, ""n_test"": 26}, ""recruits"": {""auc"": 0.7673566618794129, ""ap"": 0.7681774122832559, ""neg_fail"": 0.0, ""n_test"": 341}, ""requires"": {""auc"": 0.6028734693877551, ""ap"": 0.5712522174785195, ""neg_fail"": 0.0, ""n_test"": 175}, ""supportsGoal"": {""auc"": 0.9689348025711663, ""ap"": 0.9694186524195402, ""neg_fail"": 0.0, ""n_test"": 330}, ""targets"": {""auc"": 0.6105795918367346, ""ap"": 0.5731425830614307, ""neg_fail"": 0.0, ""n_test"": 175}}"
rgcn,R-GCN (relation-aware propagation),0.0,28,215360,0.8408221537592167,0.8326801932367148,0.8143906260404967,0.2776763439178467,0.4526918671248568,0.9645480513572693,0.9317296678121421,0.4353368580341339,"{""hasForce"": {""auc"": 0.7735640138408305, ""ap"": 0.7409078671615652, ""neg_fail"": 0.0, ""n_test"": 170}, ""hasIntensity"": {""auc"": 0.7506938775510205, ""ap"": 0.6755240297883496, ""neg_fail"": 0.0, ""n_test"": 175}, ""hasMechanic"": {""auc"": 0.8771430860439032, ""ap"": 0.8781442264454713, ""neg_fail"": 0.0, ""n_test"": 158}, ""hasType"": {""auc"": 0.9403102040816326, ""ap"": 0.9208341312365143, ""neg_fail"": 0.0, ""n_test"": 175}, ""isVariationOf"": {""auc"": 0.6168639053254439, ""ap"": 0.6205342831261103, ""neg_fail"": 0.0, ""n_test"": 26}, ""recruits"": {""auc"": 0.789062701559154, ""ap"": 0.7864795479978988, ""neg_fail"": 0.0, ""n_test"": 341}, ""requires"": {""auc"": 0.7388081632653061, ""ap"": 0.7120111629190995, ""neg_fail"": 0.0, ""n_test"": 175}, ""supportsGoal"": {""auc"": 0.940752984389348, ""ap"": 0.9184273908799347, ""neg_fail"": 0.0, ""n_test"": 330}, ""targets"": {""auc"": 0.7376979591836734, ""ap"": 0.6965370632727741, ""neg_fail"": 0.0, ""n_test"": 175}}"
rgcn,R-GCN (relation-aware propagation),0.0,29,215360,0.8535530126439217,0.8368648603234614,0.8223706906661179,0.30375993251800537,0.42955326460481097,0.9269900321960449,0.9560137457044674,0.4657825827598572,"{""hasForce"": {""auc"": 0.8384083044982699, ""ap"": 0.850368832740112, ""neg_fail"": 0.0, ""n_test"": 170}, ""hasIntensity"": {""auc"": 0.7118367346938775, ""ap"": 0.6627840873965032, ""neg_fail"": 0.0, ""n_test"": 175}, ""hasMechanic"": {""auc"": 0.8936468514661112, ""ap"": 0.896377701657485, ""neg_fail"": 0.0, ""n_test"": 158}, ""hasType"": {""auc"": 0.9635591836734695, ""ap"": 0.9635587925456103, ""neg_fail"": 0.0, ""n_test"": 175}, ""isVariationOf"": {""auc"": 0.8313609467455622, ""ap"": 0.7788585305070845, ""neg_fail"": 0.0, ""n_test"": 26}, ""recruits"": {""auc"": 0.7819678193341991, ""ap"": 0.7658873541047797, ""neg_fail"": 0.0, ""n_test"": 341}, ""requires"": {""auc"": 0.6457142857142857, ""ap"": 0.5968099463915074, ""neg_fail"": 0.0, ""n_test"": 175}, ""supportsGoal"": {""auc"": 0.9475298438934803, ""ap"": 0.932137694348432, ""neg_fail"": 0.0, ""n_test"": 330}, ""targets"": {""auc"": 0.7939591836734694, ""ap"": 0.7641341071377492, ""neg_fail"": 0.0, ""n_test"": 175}}"
rgcn,R-GCN (relation-aware propagation),0.3,0,215360,0.8408425296537185,0.8109674438143247,0.7988532691881002,0.5663284659385681,0.7924398625429553,0.41802218556404114,0.8994272623138603,0.12042149156332016,"{""hasForce"": {""auc"": 0.8790311418685122, ""ap"": 0.8772489029184686, ""neg_fail"": 0.0, ""n_test"": 170}, ""hasIntensity"": {""auc"": 0.5473959183673469, ""ap"": 0.4985982774594562, ""neg_fail"": 0.0, ""n_test"": 175}, ""hasMechanic"": {""auc"": 0.8669684345457459, ""ap"": 0.8658167824699646, ""neg_fail"": 0.0, ""n_test"": 158}, ""hasType"": {""auc"": 0.9195102040816326, ""ap"": 0.8897298330069165, ""neg_fail"": 0.0, ""n_test"": 175}, ""isVariationOf"": {""auc"": 0.8017751479289942, ""ap"": 0.8146677966141035, ""neg_fail"": 0.0, ""n_test"": 26}, ""recruits"": {""auc"": 0.814991271144899, ""ap"": 0.809388213472003, ""neg_fail"": 0.0, ""n_test"": 341}, ""requires"": {""auc"": 0.5923265306122449, ""ap"": 0.5616956413841981, ""neg_fail"": 0.0, ""n_test"": 175}, ""supportsGoal"": {""auc"": 0.917584940312213, ""ap"": 0.9047579222331221, ""neg_fail"": 0.0, ""n_test"": 330}, ""targets"": {""auc"": 0.7527183673469388, ""ap"": 0.735766328508358, ""neg_fail"": 0.0, ""n_test"": 175}}"
rgcn,R-GCN (relation-aware propagation),0.3,1,215360,0.5393512858547824,0.5226754043268221,0.5106054606606203,0.1498282551765442,0.720504009163803,0.011614888906478882,0.8547537227949599,0.0072139594703912735,"{""hasForce"": {""auc"": 0.5067474048442907, ""ap"": 0.5162293699123419, ""neg_fail"": 0.0, ""n_test"": 170}, ""hasIntensity"": {""auc"": 0.4313469387755102, ""ap"": 0.4366502740809768, ""neg_fail"": 0.0, ""n_test"": 175}, ""hasMechanic"": {""auc"": 0.550032046146451, ""ap"": 0.516127020189459, ""neg_fail"": 0.0, ""n_test"": 158}, ""hasType"": {""auc"": 0.5907918367346938, ""ap"": 0.5713299275860311, ""neg_fail"": 0.0, ""n_test"": 175}, ""isVariationOf"": {""auc"": 0.5207100591715976, ""ap"": 0.5538380318473214, ""neg_fail"": 0.0, ""n_test"": 26}, ""recruits"": {""auc"": 0.5264918602351201, ""ap"": 0.5196292157816398, ""neg_fail"": 0.0, ""n_test"": 341}, ""requires"": {""auc"": 0.4544979591836735, ""ap"": 0.4532892409378412, ""neg_fail"": 0.0, ""n_test"": 175}, ""supportsGoal"": {""auc"": 0.5788246097337008, ""ap"": 0.5671870952189781, ""neg_fail"": 0.0, ""n_test"": 330}, ""targets"": {""auc"": 0.5106285714285714, ""ap"": 0.5379704624737147, ""neg_fail"": 0.0, ""n_test"": 175}}"
rgcn,R-GCN (relation-aware propagation),0.3,2,215360,0.8589077977189864,0.83381911363159,0.8041147978675325,0.5750206708908081,0.7706758304696449,0.48608124256134033,0.9104238258877434,0.15030385553836823,"{""hasForce"": {""auc"": 0.8887889273356402, ""ap"": 0.8866458615741234, ""neg_fail"": 0.0, ""n_test"": 170}, ""hasIntensity"": {""auc"": 0.628995918367347, ""ap"": 0.5625405422146073, ""neg_fail"": 0.0, ""n_test"": 175}, ""hasMechanic"": {""auc"": 0.9112722320141003, ""ap"": 0.9085426093171585, ""neg_fail"": 0.0, ""n_test"": 158}, ""hasType"": {""auc"": 0.8878367346938776, ""ap"": 0.832315554839537, ""neg_fail"": 0.0, ""n_test"": 175}, ""isVariationOf"": {""auc"": 0.9363905325443787, ""ap"": 0.9365510435211246, ""neg_fail"": 0.0, ""n_test"": 26}, ""recruits"": {""auc"": 0.8116803261065867, ""ap"": 0.8099676981124752, ""neg_fail"": 0.0, ""n_test"": 341}, ""requires"": {""auc"": 0.713926530612245, ""ap"": 0.6718940761739134, ""neg_fail"": 0.0, ""n_test"": 175}, ""supportsGoal"": {""auc"": 0.9457208448117539, ""ap"": 0.9226738797583577, ""neg_fail"": 0.0, ""n_test"": 330}, ""targets"": {""auc"": 0.7491591836734693, ""ap"": 0.6843952017672063, ""neg_fail"": 0.0, ""n_test"": 175}}"
rgcn,R-GCN (relation-aware propagation),0.3,3,215360,0.8307659706261106,0.8332478050829657,0.815702084094527,0.6011144518852234,0.7780068728522337,0.44776779413223267,0.9012600229095075,0.13838030397891998,"{""hasForce"": {""auc"": 0.9087543252595155, ""ap"": 0.912420164832598, ""neg_fail"": 0.0, ""n_test"": 170}, ""hasIntensity"": {""auc"": 0.6304000000000001, ""ap"": 0.5928797788468649, ""neg_fail"": 0.0, ""n_test"": 175}, ""hasMechanic"": {""auc"": 0.8471799391123218, ""ap"": 0.8389602283841868, ""neg_fail"": 0.0, ""n_test"": 158}, ""hasType"": {""auc"": 0.9434775510204081, ""ap"": 0.9002766422777397, ""neg_fail"": 0.0, ""n_test"": 175}, ""isVariationOf"": {""auc"": 0.8801775147928994, ""ap"": 0.86670188254865, ""neg_fail"": 0.0, ""n_test"": 26}, ""recruits"": {""auc"": 0.8331283700690569, ""ap"": 0.8285562765401355, ""neg_fail"": 0.0, ""n_test"": 341}, ""requires"": {""auc"": 0.6803591836734694, ""ap"": 0.7018052722319956, ""neg_fail"": 0.0, ""n_test"": 175}, ""supportsGoal"": {""auc"": 0.9288246097337007, ""ap"": 0.9033492187924695, ""neg_fail"": 0.0, ""n_test"": 330}, ""targets"": {""auc"": 0.7675428571428572, ""ap"": 0.7283968130782577, ""neg_fail"": 0.0, ""n_test"": 175}}"
rgcn,R-GCN (relation-aware propagation),0.3,4,215360,0.8348085480952614,0.8083753833228313,0.7848307184198005,0.5627952814102173,0.7857961053837342,0.4352070093154907,0.8941580756013746,0.11869179457426071,"{""hasForce"": {""auc"": 0.8598615916955017, ""ap"": 0.8426032978779001, ""neg_fail"": 0.0, ""n_test"": 170}, ""hasIntensity"": {""auc"": 0.5796571428571429, ""ap"": 0.538287682000278, ""neg_fail"": 0.0, ""n_test"": 175}, ""hasMechanic"": {""auc"": 0.8953292741547829, ""ap"": 0.899980565795607, ""neg_fail"": 0.0, ""n_test"": 158}, ""hasType"": {""auc"": 0.8973387755102041, ""ap"": 0.8416649011043547, ""neg_fail"": 0.0, ""n_test"": 175}, ""isVariationOf"": {""auc"": 0.7781065088757396, ""ap"": 0.8041461933282708, ""neg_fail"": 0.0, ""n_test"": 26}, ""recruits"": {""auc"": 0.7978861550898255, ""ap"": 0.7764868554828515, ""neg_fail"": 0.0, ""n_test"": 341}, ""requires"": {""auc"": 0.6050285714285715, ""ap"": 0.579040911535433, ""neg_fail"": 0.0, ""n_test"": 175}, ""supportsGoal"": {""auc"": 0.9006060606060606, ""ap"": 0.8596697953870523, ""neg_fail"": 0.0, ""n_test"": 330}, ""targets"": {""auc"": 0.7545469387755102, ""ap"": 0.7258899892855895, ""neg_fail"": 0.0, ""n_test"": 175}}"
rgcn,R-GCN (relation-aware propagation),0.3,5,215360,0.835228291521998,0.8238917874396136,0.8065308964474849,0.5466213226318359,0.7766323024054983,0.3653026521205902,0.8833906071019473,0.11245325207710266,"{""hasForce"": {""auc"": 0.9258131487889273, ""ap"": 0.9130466508605172, ""neg_fail"": 0.0, ""n_test"": 170}, ""hasIntensity"": {""auc"": 0.5867428571428571, ""ap"": 0.5251480218864815, ""neg_fail"": 0.0, ""n_test"": 175}, ""hasMechanic"": {""auc"": 0.9048630027239225, ""ap"": 0.9064242918328913, ""neg_fail"": 0.0, ""n_test"": 158}, ""hasType"": {""auc"": 0.8541714285714286, ""ap"": 0.8061051501027712, ""neg_fail"": 0.0, ""n_test"": 175}, ""isVariationOf"": {""auc"": 0.8402366863905326, ""ap"": 0.8409684384645979, ""neg_fail"": 0.0, ""n_test"": 26}, ""recruits"": {""auc"": 0.83078060904189, ""ap"": 0.8235338449617411, ""neg_fail"": 0.0, ""n_test"": 341}, ""requires"": {""auc"": 0.6248489795918367, ""ap"": 0.6088550768075617, ""neg_fail"": 0.0, ""n_test"": 175}, ""supportsGoal"": {""auc"": 0.92078971533517, ""ap"": 0.9079920482479306, ""neg_fail"": 0.0, ""n_test"": 330}, ""targets"": {""auc"": 0.769534693877551, ""ap"": 0.7637534154336674, ""neg_fail"": 0.0, ""n_test"": 175}}"
rgcn,R-GCN (relation-aware propagation),0.3,6,215360,0.818486098206378,0.8075782398655744,0.7897878086606873,0.5778114199638367,0.7990836197021765,0.43627914786338806,0.9037800687285223,0.11443502455949783,"{""hasForce"": {""auc"": 0.8825259515570933, ""ap"": 0.8808391373807903, ""neg_fail"": 0.0, ""n_test"": 170}, ""hasIntensity"": {""auc"": 0.5753795918367347, ""ap"": 0.5486921339179645, ""neg_fail"": 0.0, ""n_test"": 175}, ""hasMechanic"": {""auc"": 0.86612722320141, ""ap"": 0.8697712090015961, ""neg_fail"": 0.0, ""n_test"": 158}, ""hasType"": {""auc"": 0.888065306122449, ""ap"": 0.8302731605508706, ""neg_fail"": 0.0, ""n_test"": 175}, ""isVariationOf"": {""auc"": 0.8032544378698224, ""ap"": 0.8254914426036073, ""neg_fail"": 0.0, ""n_test"": 26}, ""recruits"": {""auc"": 0.8043876471650571, ""ap"": 0.7875653308653099, ""neg_fail"": 0.0, ""n_test"": 341}, ""requires"": {""auc"": 0.6573714285714286, ""ap"": 0.6503694093061733, ""neg_fail"": 0.0, ""n_test"": 175}, ""supportsGoal"": {""auc"": 0.914674012855831, ""ap"": 0.8956070852783007, ""neg_fail"": 0.0, ""n_test"": 330}, ""targets"": {""auc"": 0.7815183673469388, ""ap"": 0.743039384340511, ""neg_fail"": 0.0, ""n_test"": 175}}"
rgcn,R-GCN (relation-aware propagation),0.3,7,215360,0.5426983661249396,0.522772190716236,0.514940019598989,0.15375638008117676,0.6549828178694158,0.07907268404960632,0.8744558991981672,0.04352762550115585,"{""hasForce"": {""auc"": 0.46598615916955016, ""ap"": 0.4694536322524209, ""neg_fail"": 0.0, ""n_test"": 170}, ""hasIntensity"": {""auc"": 0.4977306122448979, ""ap"": 0.4969694187388349, ""neg_fail"": 0.0, ""n_test"": 175}, ""hasMechanic"": {""auc"": 0.5816776157667041, ""ap"": 0.5956038186378381, ""neg_fail"": 0.0, ""n_test"": 158}, ""hasType"": {""auc"": 0.5954285714285714, ""ap"": 0.6047797209357679, ""neg_fail"": 0.0, ""n_test"": 175}, ""isVariationOf"": {""auc"": 0.613905325443787, ""ap"": 0.6413084708512267, ""neg_fail"": 0.0, ""n_test"": 26}, ""recruits"": {""auc"": 0.545024552592427, ""ap"": 0.5277508084169358, ""neg_fail"": 0.0, ""n_test"": 341}, ""requires"": {""auc"": 0.4635755102040816, ""ap"": 0.4638600898228181, ""neg_fail"": 0.0, ""n_test"": 175}, ""supportsGoal"": {""auc"": 0.534040404040404, ""ap"": 0.535398275268933, ""neg_fail"": 0.0, ""n_test"": 330}, ""targets"": {""auc"": 0.4714775510204082, ""ap"": 0.48004450406938204, ""neg_fail"": 0.0, ""n_test"": 175}}"
rgcn,R-GCN (relation-aware propagation),0.3,8,215360,0.835188898125961,0.8184828397395505,0.8021517819275149,0.5867458581924438,0.7825887743413517,0.48939159512519836,0.8957617411225659,0.13456526398658752,"{""hasForce"": {""auc"": 0.8891695501730104, ""ap"": 0.8837086977674841, ""neg_fail"": 0.0, ""n_test"": 170}, ""hasIntensity"": {""auc"": 0.649991836734694, ""ap"": 0.6281211219828453, ""neg_fail"": 0.0, ""n_test"": 175}, ""hasMechanic"": {""auc"": 0.8209020990225925, ""ap"": 0.8264686172871538, ""neg_fail"": 0.0, ""n_test"": 158}, ""hasType"": {""auc"": 0.9050775510204082, ""ap"": 0.8413756002148935, ""neg_fail"": 0.0, ""n_test"": 175}, ""isVariationOf"": {""auc"": 0.8224852071005917, ""ap"": 0.7843024036491748, ""neg_fail"": 0.0, ""n_test"": 26}, ""recruits"": {""auc"": 0.7946784083384216, ""ap"": 0.7879401829069874, ""neg_fail"": 0.0, ""n_test"": 341}, ""requires"": {""auc"": 0.6955755102040818, ""ap"": 0.6802172041273327, ""neg_fail"": 0.0, ""n_test"": 175}, ""supportsGoal"": {""auc"": 0.921505968778696, ""ap"": 0.9029586047919052, ""neg_fail"": 0.0, ""n_test"": 330}, ""targets"": {""auc"": 0.7546448979591837, ""ap"": 0.7218914291044993, ""neg_fail"": 0.0, ""n_test"": 175}}"
rgcn,R-GCN (relation-aware propagation),0.3,9,215360,0.8227147755119784,0.8200095778197858,0.8031812181156304,0.5788967609405518,0.7963344788087056,0.47827935218811035,0.8849942726231386,0.1430586874485016,"{""hasForce"": {""auc"": 0.8277854671280276, ""ap"": 0.8258537229975028, ""neg_fail"": 0.0, ""n_test"": 170}, ""hasIntensity"": {""auc"": 0.5897142857142857, ""ap"": 0.5628742659943418, ""neg_fail"": 0.0, ""n_test"": 175}, ""hasMechanic"": {""auc"": 0.875420605672168, ""ap"": 0.867166302984653, ""neg_fail"": 0.0, ""n_test"": 158}, ""hasType"": {""auc"": 0.9128163265306123, ""ap"": 0.8684090374615622, ""neg_fail"": 0.0, ""n_test"": 175}, ""isVariationOf"": {""auc"": 0.871301775147929, ""ap"": 0.8815910950431634, ""neg_fail"": 0.0, ""n_test"": 26}, ""recruits"": {""auc"": 0.8190848031922671, ""ap"": 0.8151491518373323, ""neg_fail"": 0.0, ""n_test"": 341}, ""requires"": {""auc"": 0.6591020408163267, ""ap"": 0.673142107767368, ""neg_fail"": 0.0, ""n_test"": 175}, ""supportsGoal"": {""auc"": 0.9157300275482093, ""ap"": 0.8710352804148439, ""neg_fail"": 0.0, ""n_test"": 330}, ""targets"": {""auc"": 0.8026448979591837, ""ap"": 0.763549941737468, ""neg_fail"": 0.0, ""n_test"": 175}}"
rgcn,R-GCN (relation-aware propagation),0.3,10,215360,0.8426043653316382,0.8335264020163831,0.8101345927122989,0.5852394104003906,0.790836197021764,0.48859691619873047,0.9046964490263459,0.16544955968856812,"{""hasForce"": {""auc"": 0.8944290657439447, ""ap"": 0.8907085636838289, ""neg_fail"": 0.0, ""n_test"": 170}, ""hasIntensity"": {""auc"": 0.6961632653061225, ""ap"": 0.6398111375048625, ""neg_fail"": 0.0, ""n_test"": 175}, ""hasMechanic"": {""auc"": 0.91748117288896, ""ap"": 0.9218071972009576, ""neg_fail"": 0.0, ""n_test"": 158}, ""hasType"": {""auc"": 0.9101387755102042, ""ap"": 0.8496026782951847, ""neg_fail"": 0.0, ""n_test"": 175}, ""isVariationOf"": {""auc"": 0.9600591715976331, ""ap"": 0.9505855749191141, ""neg_fail"": 0.0, ""n_test"": 26}, ""recruits"": {""auc"": 0.8089799709324824, ""ap"": 0.8044728507604506, ""neg_fail"": 0.0, ""n_test"": 341}, ""requires"": {""auc"": 0.6843755102040816, ""ap"": 0.6709830137234776, ""neg_fail"": 0.0, ""n_test"": 175}, ""supportsGoal"": {""auc"": 0.9209917355371902, ""ap"": 0.8900691798764484, ""neg_fail"": 0.0, ""n_test"": 330}, ""targets"": {""auc"": 0.7928489795918368, ""ap"": 0.7621171180444857, ""neg_fail"": 0.0, ""n_test"": 175}}"
rgcn,R-GCN (relation-aware propagation),0.3,11,215360,0.8301533353980907,0.8132217601344255,0.795402071193802,0.5593671202659607,0.7926689576174112,0.39390209317207336,0.8875143184421534,0.12286060303449631,"{""hasForce"": {""auc"": 0.8773010380622838, ""ap"": 0.8826673778855736, ""neg_fail"": 0.0, ""n_test"": 170}, ""hasIntensity"": {""auc"": 0.511804081632653, ""ap"": 0.4934489982972814, ""neg_fail"": 0.0, ""n_test"": 175}, ""hasMechanic"": {""auc"": 0.8954494472039739, ""ap"": 0.8958766267729906, ""neg_fail"": 0.0, ""n_test"": 158}, ""hasType"": {""auc"": 0.8453551020408164, ""ap"": 0.7807102127794706, ""neg_fail"": 0.0, ""n_test"": 175}, ""isVariationOf"": {""auc"": 0.8860946745562129, ""ap"": 0.9118475137092197, ""neg_fail"": 0.0, ""n_test"": 26}, ""recruits"": {""auc"": 0.8313739991916134, ""ap"": 0.8078228059902243, ""neg_fail"": 0.0, ""n_test"": 341}, ""requires"": {""auc"": 0.6256326530612245, ""ap"": 0.5921996161791957, ""neg_fail"": 0.0, ""n_test"": 175}, ""supportsGoal"": {""auc"": 0.9314784205693297, ""ap"": 0.9253885108646093, ""neg_fail"": 0.0030303029343485832, ""n_test"": 330}, ""targets"": {""auc"": 0.7574857142857143, ""ap"": 0.7073771384448237, ""neg_fail"": 0.0, ""n_test"": 175}}"
rgcn,R-GCN (relation-aware propagation),0.3,12,215360,0.8383485201667019,0.8113643352236926,0.7892021523900221,0.5341732501983643,0.7945017182130584,0.3972199857234955,0.8845360824742268,0.13554327189922333,"{""hasForce"": {""auc"": 0.874636678200692, ""ap"": 0.8795627345079479, ""neg_fail"": 0.0, ""n_test"": 170}, ""hasIntensity"": {""auc"": 0.5808979591836735, ""ap"": 0.5282790541826669, ""neg_fail"": 0.0, ""n_test"": 175}, ""hasMechanic"": {""auc"": 0.9040618490626502, ""ap"": 0.8985868779208599, ""neg_fail"": 0.0, ""n_test"": 158}, ""hasType"": {""auc"": 0.8586448979591838, ""ap"": 0.78116612061823, ""neg_fail"": 0.0, ""n_test"": 175}, ""isVariationOf"": {""auc"": 0.6952662721893491, ""ap"": 0.6369176396264239, ""neg_fail"": 0.0, ""n_test"": 26}, ""recruits"": {""auc"": 0.8060560194700769, ""ap"": 0.7733550749223006, ""neg_fail"": 0.0, ""n_test"": 341}, ""requires"": {""auc"": 0.5915755102040816, ""ap"": 0.5515703342226661, ""neg_fail"": 0.0, ""n_test"": 175}, ""supportsGoal"": {""auc"": 0.9233884297520661, ""ap"": 0.9116502609451793, ""neg_fail"": 0.0, ""n_test"": 330}, ""targets"": {""auc"": 0.7920326530612245, ""ap"": 0.7556377407484685, ""neg_fail"": 0.0, ""n_test"": 175}}"
rgcn,R-GCN (relation-aware propagation),0.3,13,215360,0.8323675159339495,0.8268108380592313,0.8132209645229314,0.5665724873542786,0.7912943871706758,0.452927827835083,0.8950744558991982,0.14808601140975952,"{""hasForce"": {""auc"": 0.8636332179930797, ""ap"": 0.8600891387968369, ""neg_fail"": 0.0, ""n_test"": 170}, ""hasIntensity"": {""auc"": 0.6543346938775509, ""ap"": 0.5955477477399084, ""neg_fail"": 0.0, ""n_test"": 175}, ""hasMechanic"": {""auc"": 0.8940073706136837, ""ap"": 0.8968180626984498, ""neg_fail"": 0.0, ""n_test"": 158}, ""hasType"": {""auc"": 0.9206530612244899, ""ap"": 0.8947838616695596, ""neg_fail"": 0.0, ""n_test"": 175}, ""isVariationOf"": {""auc"": 0.8905325443786982, ""ap"": 0.9101986831247297, ""neg_fail"": 0.0, ""n_test"": 26}, ""recruits"": {""auc"": 0.8099173553719008, ""ap"": 0.8052623642293053, ""neg_fail"": 0.0, ""n_test"": 341}, ""requires"": {""auc"": 0.676865306122449, ""ap"": 0.6562248027819236, ""neg_fail"": 0.0, ""n_test"": 175}, ""supportsGoal"": {""auc"": 0.9207070707070708, ""ap"": 0.8989185334486518, ""neg_fail"": 0.0030303029343485832, ""n_test"": 330}, ""targets"": {""auc"": 0.771004081632653, ""ap"": 0.7165792395030699, ""neg_fail"": 0.0, ""n_test"": 175}}"
rgcn,R-GCN (relation-aware propagation),0.3,14,215360,0.8394311593612294,0.8268961982776727,0.807794585084373,0.5556970834732056,0.7860252004581901,0.4470194876194,0.8946162657502864,0.1486785113811493,"{""hasForce"": {""auc"": 0.877439446366782, ""ap"": 0.8434799171437282, ""neg_fail"": 0.0, ""n_test"": 170}, ""hasIntensity"": {""auc"": 0.6244571428571428, ""ap"": 0.5917754242417574, ""neg_fail"": 0.0, ""n_test"": 175}, ""hasMechanic"": {""auc"": 0.8953292741547828, ""ap"": 0.9006922967585702, ""neg_fail"": 0.0, ""n_test"": 158}, ""hasType"": {""auc"": 0.916408163265306, ""ap"": 0.8681548659641203, ""neg_fail"": 0.0, ""n_test"": 175}, ""isVariationOf"": {""auc"": 0.7884615384615384, ""ap"": 0.7880914759277268, ""neg_fail"": 0.0, ""n_test"": 26}, ""recruits"": {""auc"": 0.8403952494388593, ""ap"": 0.8408725112033589, ""neg_fail"": 0.0, ""n_test"": 341}, ""requires"": {""auc"": 0.6673632653061224, ""ap"": 0.6465504317701327, ""neg_fail"": 0.0, ""n_test"": 175}, ""supportsGoal"": {""auc"": 0.890651974288338, ""ap"": 0.8511562077519421, ""neg_fail"": 0.0030303029343485832, ""n_test"": 330}, ""targets"": {""auc"": 0.7818448979591837, ""ap"": 0.7857453168601334, ""neg_fail"": 0.0, ""n_test"": 175}}"
rgcn,R-GCN (relation-aware propagation),0.3,15,215360,0.8257861020098782,0.8015805082965763,0.7787654994877068,0.5908665657043457,0.7754868270332188,0.44172245264053345,0.884077892325315,0.119507797062397,"{""hasForce"": {""auc"": 0.8930103806228373, ""ap"": 0.888235822985042, ""neg_fail"": 0.0, ""n_test"": 170}, ""hasIntensity"": {""auc"": 0.5901714285714286, ""ap"": 0.5315338241713738, ""neg_fail"": 0.0, ""n_test"": 175}, ""hasMechanic"": {""auc"": 0.8652860118570742, ""ap"": 0.872419666915386, ""neg_fail"": 0.0, ""n_test"": 158}, ""hasType"": {""auc"": 0.8841469387755102, ""ap"": 0.8371138659850498, ""neg_fail"": 0.0, ""n_test"": 175}, ""isVariationOf"": {""auc"": 0.8402366863905326, ""ap"": 0.856437132734922, ""neg_fail"": 0.0, ""n_test"": 26}, ""recruits"": {""auc"": 0.7970089696511039, ""ap"": 0.7834368928357869, ""neg_fail"": 0.0, ""n_test"": 341}, ""requires"": {""auc"": 0.6030367346938775, ""ap"": 0.5704165755622355, ""neg_fail"": 0.0, ""n_test"": 175}, ""supportsGoal"": {""auc"": 0.8884481175390266, ""ap"": 0.8745495738075212, ""neg_fail"": 0.0, ""n_test"": 330}, ""targets"": {""auc"": 0.7900734693877551, ""ap"": 0.7233006012656125, ""neg_fail"": 0.0, ""n_test"": 175}}"
rgcn,R-GCN (relation-aware propagation),0.3,16,215360,0.8618541520639422,0.8323659735349717,0.8066571146702266,0.5687573552131653,0.795418098510882,0.4473823010921478,0.8971363115693013,0.14385102689266205,"{""hasForce"": {""auc"": 0.8630795847750865, ""ap"": 0.8290594084856245, ""neg_fail"": 0.0, ""n_test"": 170}, ""hasIntensity"": {""auc"": 0.6230204081632653, ""ap"": 0.5678268315316514, ""neg_fail"": 0.0, ""n_test"": 175}, ""hasMechanic"": {""auc"": 0.867369011376382, ""ap"": 0.8681426609536428, ""neg_fail"": 0.0, ""n_test"": 158}, ""hasType"": {""auc"": 0.9060244897959182, ""ap"": 0.8475354677040909, ""neg_fail"": 0.0, ""n_test"": 175}, ""isVariationOf"": {""auc"": 0.8579881656804733, ""ap"": 0.8346000466190737, ""neg_fail"": 0.0, ""n_test"": 26}, ""recruits"": {""auc"": 0.8296454278858971, ""ap"": 0.8195358018684223, ""neg_fail"": 0.0, ""n_test"": 341}, ""requires"": {""auc"": 0.6572734693877551, ""ap"": 0.6152461020694385, ""neg_fail"": 0.0, ""n_test"": 175}, ""supportsGoal"": {""auc"": 0.9290266299357208, ""ap"": 0.8988121855498279, ""neg_fail"": 0.0, ""n_test"": 330}, ""targets"": {""auc"": 0.7937306122448979, ""ap"": 0.7791166702331409, ""neg_fail"": 0.0, ""n_test"": 175}}"
rgcn,R-GCN (relation-aware propagation),0.3,17,215360,0.8323539320042816,0.8118986767485823,0.7953472334685119,0.566407322883606,0.7993127147766323,0.41755539178848267,0.8925544100801833,0.12484735995531082,"{""hasForce"": {""auc"": 0.9303114186851211, ""ap"": 0.9407495910028604, ""neg_fail"": 0.0, ""n_test"": 170}, ""hasIntensity"": {""auc"": 0.5951673469387755, ""ap"": 0.5451560193421908, ""neg_fail"": 0.0, ""n_test"": 175}, ""hasMechanic"": {""auc"": 0.890161833039577, ""ap"": 0.8874779876828316, ""neg_fail"": 0.0, ""n_test"": 158}, ""hasType"": {""auc"": 0.8813061224489795, ""ap"": 0.8170835636765229, ""neg_fail"": 0.0, ""n_test"": 175}, ""isVariationOf"": {""auc"": 0.9230769230769231, ""ap"": 0.9357208735973936, ""neg_fail"": 0.0, ""n_test"": 26}, ""recruits"": {""auc"": 0.8005951101211719, ""ap"": 0.7984688705925, ""neg_fail"": 0.0, ""n_test"": 341}, ""requires"": {""auc"": 0.6190367346938775, ""ap"": 0.5773836672834048, ""neg_fail"": 0.0, ""n_test"": 175}, ""supportsGoal"": {""auc"": 0.9064921946740129, ""ap"": 0.8946680564554772, ""neg_fail"": 0.0, ""n_test"": 330}, ""targets"": {""auc"": 0.7852734693877551, ""ap"": 0.7486112943144327, ""neg_fail"": 0.0, ""n_test"": 175}}"
rgcn,R-GCN (relation-aware propagation),0.3,18,215360,0.5608899647361185,0.5407801722327241,0.5568772527784469,0.20764389634132385,0.7067583046964491,0.07303109765052795,0.874914089347079,0.029209084808826447,"{""hasForce"": {""auc"": 0.5171280276816609, ""ap"": 0.5225563064278882, ""neg_fail"": 0.0, ""n_test"": 170}, ""hasIntensity"": {""auc"": 0.49560816326530616, ""ap"": 0.5287523339809759, ""neg_fail"": 0.0, ""n_test"": 175}, ""hasMechanic"": {""auc"": 0.5504326229770871, ""ap"": 0.5612571008409146, ""neg_fail"": 0.0, ""n_test"": 158}, ""hasType"": {""auc"": 0.5041959183673469, ""ap"": 0.5188471786146134, ""neg_fail"": 0.0, ""n_test"": 175}, ""isVariationOf"": {""auc"": 0.4970414201183431, ""ap"": 0.4970378665624302, ""neg_fail"": 0.0, ""n_test"": 26}, ""recruits"": {""auc"": 0.5115883076340932, ""ap"": 0.5074764335974724, ""neg_fail"": 0.0, ""n_test"": 341}, ""requires"": {""auc"": 0.4964897959183674, ""ap"": 0.4964452607116563, ""neg_fail"": 0.0, ""n_test"": 175}, ""supportsGoal"": {""auc"": 0.7151147842056932, ""ap"": 0.73630363811621, ""neg_fail"": 0.0, ""n_test"": 330}, ""targets"": {""auc"": 0.4662530612244898, ""ap"": 0.4642952389860871, ""neg_fail"": 0.0, ""n_test"": 175}}"
rgcn,R-GCN (relation-aware propagation),0.3,19,215360,0.8414999918496422,0.8269140096618358,0.8081746661470984,0.5675555467605591,0.7967926689576174,0.4756159782409668,0.8969072164948454,0.15324872732162476,"{""hasForce"": {""auc"": 0.862491349480969, ""ap"": 0.8362985260020042, ""neg_fail"": 0.0, ""n_test"": 170}, ""hasIntensity"": {""auc"": 0.6136816326530612, ""ap"": 0.5228570861280625, ""neg_fail"": 0.0, ""n_test"": 175}, ""hasMechanic"": {""auc"": 0.8989344656305078, ""ap"": 0.8973685379313252, ""neg_fail"": 0.0, ""n_test"": 158}, ""hasType"": {""auc"": 0.9110857142857143, ""ap"": 0.870644143264603, ""neg_fail"": 0.0, ""n_test"": 175}, ""isVariationOf"": {""auc"": 0.7233727810650887, ""ap"": 0.7440212142787457, ""neg_fail"": 0.0, ""n_test"": 26}, ""recruits"": {""auc"": 0.8237717253893586, ""ap"": 0.8299705718127872, ""neg_fail"": 0.0, ""n_test"": 341}, ""requires"": {""auc"": 0.6910367346938776, ""ap"": 0.6988412187998179, ""neg_fail"": 0.0, ""n_test"": 175}, ""supportsGoal"": {""auc"": 0.9274380165289257, ""ap"": 0.9052008837225102, ""neg_fail"": 0.0, ""n_test"": 330}, ""targets"": {""auc"": 0.7428571428571429, ""ap"": 0.6930927741002164, ""neg_fail"": 0.0, ""n_test"": 175}}"
rgcn,R-GCN (relation-aware propagation),0.3,20,215360,0.8525844784586043,0.8358590212140307,0.8155417141408396,0.5722432732582092,0.7933562428407789,0.48942166566848755,0.9099656357388316,0.16163472831249237,"{""hasForce"": {""auc"": 0.8402076124567475, ""ap"": 0.8032408126863184, ""neg_fail"": 0.0, ""n_test"": 170}, ""hasIntensity"": {""auc"": 0.5812897959183674, ""ap"": 0.5436178325331225, ""neg_fail"": 0.0, ""n_test"": 175}, ""hasMechanic"": {""auc"": 0.8819500080115367, ""ap"": 0.8784870322885256, ""neg_fail"": 0.0, ""n_test"": 158}, ""hasType"": {""auc"": 0.9379918367346938, ""ap"": 0.8968922368861564, ""neg_fail"": 0.0, ""n_test"": 175}, ""isVariationOf"": {""auc"": 0.849112426035503, ""ap"": 0.8239927441572927, ""neg_fail"": 0.0, ""n_test"": 26}, ""recruits"": {""auc"": 0.8389848728511107, ""ap"": 0.8266898180158939, ""neg_fail"": 0.0, ""n_test"": 341}, ""requires"": {""auc"": 0.6732081632653062, ""ap"": 0.6511363772752922, ""neg_fail"": 0.0, ""n_test"": 175}, ""supportsGoal"": {""auc"": 0.9334986225895316, ""ap"": 0.9073614119999776, ""neg_fail"": 0.0, ""n_test"": 330}, ""targets"": {""auc"": 0.7756408163265307, ""ap"": 0.7561293852794728, ""neg_fail"": 0.0, ""n_test"": 175}}"
rgcn,R-GCN (relation-aware propagation),0.3,21,215360,0.5443012698257452,0.5328749422390254,0.5336065360840391,0.12033197283744812,0.6082474226804123,0.07042822241783142,0.8723940435280642,0.01612827181816101,"{""hasForce"": {""auc"": 0.4965743944636678, ""ap"": 0.5062326525518162, ""neg_fail"": 0.0, ""n_test"": 170}, ""hasIntensity"": {""auc"": 0.5232979591836735, ""ap"": 0.5135159273603922, ""neg_fail"": 0.0, ""n_test"": 175}, ""hasMechanic"": {""auc"": 0.4702771991668002, ""ap"": 0.465521049477028, ""neg_fail"": 0.0, ""n_test"": 158}, ""hasType"": {""auc"": 0.5165061224489796, ""ap"": 0.5169976459989325, ""neg_fail"": 0.0, ""n_test"": 175}, ""isVariationOf"": {""auc"": 0.4363905325443787, ""ap"": 0.4907216027578494, ""neg_fail"": 0.0, ""n_test"": 26}, ""recruits"": {""auc"": 0.5631530516593425, ""ap"": 0.5408429535470616, ""neg_fail"": 0.0, ""n_test"": 341}, ""requires"": {""auc"": 0.5064816326530612, ""ap"": 0.5338737248741088, ""neg_fail"": 0.0, ""n_test"": 175}, ""supportsGoal"": {""auc"": 0.6076216712580349, ""ap"": 0.6192026522106423, ""neg_fail"": 0.0, ""n_test"": 330}, ""targets"": {""auc"": 0.4995265306122449, ""ap"": 0.5049903942500543, ""neg_fail"": 0.0, ""n_test"": 175}}"
rgcn,R-GCN (relation-aware propagation),0.3,22,215360,0.8308040056291806,0.8037773576979625,0.7825369856964031,0.6157738566398621,0.7970217640320734,0.43471789360046387,0.8946162657502864,0.12877461314201355,"{""hasForce"": {""auc"": 0.8553287197231835, ""ap"": 0.8622037001507031, ""neg_fail"": 0.0, ""n_test"": 170}, ""hasIntensity"": {""auc"": 0.5904979591836734, ""ap"": 0.5552241879509341, ""neg_fail"": 0.0, ""n_test"": 175}, ""hasMechanic"": {""auc"": 0.8601185707418683, ""ap"": 0.8610116761219775, ""neg_fail"": 0.0, ""n_test"": 158}, ""hasType"": {""auc"": 0.880065306122449, ""ap"": 0.8354817252277473, ""neg_fail"": 0.0, ""n_test"": 175}, ""isVariationOf"": {""auc"": 0.8668639053254438, ""ap"": 0.8987324039196507, ""neg_fail"": 0.0, ""n_test"": 26}, ""recruits"": {""auc"": 0.8242705171094159, ""ap"": 0.819457558704421, ""neg_fail"": 0.0, ""n_test"": 341}, ""requires"": {""auc"": 0.6238040816326531, ""ap"": 0.5770189760728069, ""neg_fail"": 0.0, ""n_test"": 175}, ""supportsGoal"": {""auc"": 0.8889256198347107, ""ap"": 0.853683369578173, ""neg_fail"": 0.0030303029343485832, ""n_test"": 330}, ""targets"": {""auc"": 0.7997387755102041, ""ap"": 0.7555666599239883, ""neg_fail"": 0.0, ""n_test"": 175}}"
rgcn,R-GCN (relation-aware propagation),0.3,23,215360,0.8282882618546954,0.8044152068893089,0.7933129301761578,0.5535852909088135,0.7780068728522337,0.471301794052124,0.8996563573883162,0.15815208852291107,"{""hasForce"": {""auc"": 0.899204152249135, ""ap"": 0.8851053581243912, ""neg_fail"": 0.0, ""n_test"": 170}, ""hasIntensity"": {""auc"": 0.5515755102040817, ""ap"": 0.5359330597641172, ""neg_fail"": 0.0, ""n_test"": 175}, ""hasMechanic"": {""auc"": 0.8771030283608395, ""ap"": 0.874852243526843, ""neg_fail"": 0.0, ""n_test"": 158}, ""hasType"": {""auc"": 0.8989061224489796, ""ap"": 0.8451942074627625, ""neg_fail"": 0.0, ""n_test"": 175}, ""isVariationOf"": {""auc"": 0.8150887573964497, ""ap"": 0.8281793443115987, ""neg_fail"": 0.0, ""n_test"": 26}, ""recruits"": {""auc"": 0.7882199155494019, ""ap"": 0.77243553730525, ""neg_fail"": 0.0, ""n_test"": 341}, ""requires"": {""auc"": 0.6400979591836735, ""ap"": 0.6245806379258547, ""neg_fail"": 0.0, ""n_test"": 175}, ""supportsGoal"": {""auc"": 0.9045362718089991, ""ap"": 0.8907612568985817, ""neg_fail"": 0.0, ""n_test"": 330}, ""targets"": {""auc"": 0.7214367346938776, ""ap"": 0.6785208962482349, ""neg_fail"": 0.0, ""n_test"": 175}}"
rgcn,R-GCN (relation-aware propagation),0.3,24,215360,0.8298449801946306,0.8240151228733459,0.8087691377099009,0.5963818430900574,0.7945017182130584,0.42589807510375977,0.89553264604811,0.1320137083530426,"{""hasForce"": {""auc"": 0.8738062283737024, ""ap"": 0.8643962773485112, ""neg_fail"": 0.0, ""n_test"": 170}, ""hasIntensity"": {""auc"": 0.5441632653061224, ""ap"": 0.5345172919539529, ""neg_fail"": 0.0, ""n_test"": 175}, ""hasMechanic"": {""auc"": 0.8969716391603909, ""ap"": 0.8922731647058535, ""neg_fail"": 0.0, ""n_test"": 158}, ""hasType"": {""auc"": 0.9284244897959183, ""ap"": 0.8909001895352034, ""neg_fail"": 0.0, ""n_test"": 175}, ""isVariationOf"": {""auc"": 0.8801775147928994, ""ap"": 0.8937895284909748, ""neg_fail"": 0.0, ""n_test"": 26}, ""recruits"": {""auc"": 0.8276588608629096, ""ap"": 0.8199162090337728, ""neg_fail"": 0.0, ""n_test"": 341}, ""requires"": {""auc"": 0.6499918367346937, ""ap"": 0.6301886458432497, ""neg_fail"": 0.0, ""n_test"": 175}, ""supportsGoal"": {""auc"": 0.9155739210284664, ""ap"": 0.9018947745852463, ""neg_fail"": 0.0, ""n_test"": 330}, ""targets"": {""auc"": 0.7914448979591837, ""ap"": 0.7488926910341114, ""neg_fail"": 0.0, ""n_test"": 175}}"
rgcn,R-GCN (relation-aware propagation),0.3,25,215360,0.8425119946098967,0.8251214450745643,0.806175515767046,0.5955865979194641,0.8006872852233677,0.47689709067344666,0.9008018327605957,0.1396305114030838,"{""hasForce"": {""auc"": 0.8441868512110726, ""ap"": 0.8083428888559259, ""neg_fail"": 0.0, ""n_test"": 170}, ""hasIntensity"": {""auc"": 0.6120816326530611, ""ap"": 0.5603172568453758, ""neg_fail"": 0.0, ""n_test"": 175}, ""hasMechanic"": {""auc"": 0.8573946482935427, ""ap"": 0.851635185542799, ""neg_fail"": 0.0, ""n_test"": 158}, ""hasType"": {""auc"": 0.9141551020408162, ""ap"": 0.8654803672978381, ""neg_fail"": 0.0, ""n_test"": 175}, ""isVariationOf"": {""auc"": 0.9260355029585798, ""ap"": 0.9138593854486174, ""neg_fail"": 0.0, ""n_test"": 26}, ""recruits"": {""auc"": 0.8314341981923099, ""ap"": 0.8238630278851626, ""neg_fail"": 0.0, ""n_test"": 341}, ""requires"": {""auc"": 0.689795918367347, ""ap"": 0.6613502816850756, ""neg_fail"": 0.0, ""n_test"": 175}, ""supportsGoal"": {""auc"": 0.9121028466483012, ""ap"": 0.8912710217162357, ""neg_fail"": 0.0, ""n_test"": 330}, ""targets"": {""auc"": 0.7862530612244899, ""ap"": 0.7591563417542463, ""neg_fail"": 0.0, ""n_test"": 175}}"
rgcn,R-GCN (relation-aware propagation),0.3,26,215360,0.8169823571921474,0.7990939718546524,0.7842201682940304,0.5702822208404541,0.7949599083619702,0.41449812054634094,0.897823596792669,0.11885398626327515,"{""hasForce"": {""auc"": 0.8292387543252595, ""ap"": 0.8363806991106997, ""neg_fail"": 0.0, ""n_test"": 170}, ""hasIntensity"": {""auc"": 0.5179102040816326, ""ap"": 0.47859873439992, ""neg_fail"": 0.0, ""n_test"": 175}, ""hasMechanic"": {""auc"": 0.873658067617369, ""ap"": 0.8740113765149571, ""neg_fail"": 0.0, ""n_test"": 158}, ""hasType"": {""auc"": 0.8673632653061225, ""ap"": 0.8255719716954464, ""neg_fail"": 0.0, ""n_test"": 175}, ""isVariationOf"": {""auc"": 0.8002958579881656, ""ap"": 0.7906810610021725, ""neg_fail"": 0.0, ""n_test"": 26}, ""recruits"": {""auc"": 0.7875319269700123, ""ap"": 0.7614120734961342, ""neg_fail"": 0.0, ""n_test"": 341}, ""requires"": {""auc"": 0.6671673469387754, ""ap"": 0.6449798136059448, ""neg_fail"": 0.0, ""n_test"": 175}, ""supportsGoal"": {""auc"": 0.9168503213957759, ""ap"": 0.9056229630808206, ""neg_fail"": 0.0, ""n_test"": 330}, ""targets"": {""auc"": 0.7479510204081634, ""ap"": 0.6970842577492333, ""neg_fail"": 0.0, ""n_test"": 175}}"
rgcn,R-GCN (relation-aware propagation),0.3,27,215360,0.837176227036367,0.8147918504515859,0.7926075565622848,0.5807048678398132,0.7945017182130584,0.41755083203315735,0.8751431844215349,0.11628858000040054,"{""hasForce"": {""auc"": 0.9168166089965397, ""ap"": 0.9079442644230925, ""neg_fail"": 0.0, ""n_test"": 170}, ""hasIntensity"": {""auc"": 0.5677714285714286, ""ap"": 0.5316784039660825, ""neg_fail"": 0.0, ""n_test"": 175}, ""hasMechanic"": {""auc"": 0.8698926454093895, ""ap"": 0.8715553436770674, ""neg_fail"": 0.0, ""n_test"": 158}, ""hasType"": {""auc"": 0.8934857142857143, ""ap"": 0.8357609080131181, ""neg_fail"": 0.0, ""n_test"": 175}, ""isVariationOf"": {""auc"": 0.8017751479289941, ""ap"": 0.8220775837940508, ""neg_fail"": 0.0, ""n_test"": 26}, ""recruits"": {""auc"": 0.7919694533070751, ""ap"": 0.755704711841906, ""neg_fail"": 0.0, ""n_test"": 341}, ""requires"": {""auc"": 0.6407510204081632, ""ap"": 0.621478924610223, ""neg_fail"": 0.0, ""n_test"": 175}, ""supportsGoal"": {""auc"": 0.9102479338842976, ""ap"": 0.8864314441078964, ""neg_fail"": 0.0, ""n_test"": 330}, ""targets"": {""auc"": 0.772734693877551, ""ap"": 0.7552193108532275, ""neg_fail"": 0.0, ""n_test"": 175}}"
rgcn,R-GCN (relation-aware propagation),0.3,28,215360,0.8403358490771078,0.8282885108170552,0.8021624005876709,0.5946846008300781,0.7798396334478809,0.4460093379020691,0.890950744558992,0.12882386147975922,"{""hasForce"": {""auc"": 0.8847058823529411, ""ap"": 0.8897902730724314, ""neg_fail"": 0.0, ""n_test"": 170}, ""hasIntensity"": {""auc"": 0.6929306122448979, ""ap"": 0.6633849741111009, ""neg_fail"": 0.0, ""n_test"": 175}, ""hasMechanic"": {""auc"": 0.8962906585483096, ""ap"": 0.9007834537218086, ""neg_fail"": 0.0, ""n_test"": 158}, ""hasType"": {""auc"": 0.8927673469387755, ""ap"": 0.8346232862649672, ""neg_fail"": 0.0, ""n_test"": 175}, ""isVariationOf"": {""auc"": 0.8121301775147929, ""ap"": 0.8425724259438796, ""neg_fail"": 0.0, ""n_test"": 26}, ""recruits"": {""auc"": 0.8384860811310533, ""ap"": 0.8223336746019603, ""neg_fail"": 0.0, ""n_test"": 341}, ""requires"": {""auc"": 0.6809142857142857, ""ap"": 0.6368991689832778, ""neg_fail"": 0.0, ""n_test"": 175}, ""supportsGoal"": {""auc"": 0.910808080808081, ""ap"": 0.8950805879899508, ""neg_fail"": 0.0, ""n_test"": 330}, ""targets"": {""auc"": 0.760130612244898, ""ap"": 0.6829888883435473, ""neg_fail"": 0.0, ""n_test"": 175}}"
rgcn,R-GCN (relation-aware propagation),0.3,29,215360,0.8426695681940437,0.8174927956311699,0.794776020421295,0.5807735919952393,0.790836197021764,0.46733859181404114,0.8994272623138603,0.1566099226474762,"{""hasForce"": {""auc"": 0.8650173010380623, ""ap"": 0.8539045980132828, ""neg_fail"": 0.0, ""n_test"": 170}, ""hasIntensity"": {""auc"": 0.6263510204081633, ""ap"": 0.5912786930834673, ""neg_fail"": 0.0, ""n_test"": 175}, ""hasMechanic"": {""auc"": 0.9151978849543343, ""ap"": 0.9173280628757938, ""neg_fail"": 0.0, ""n_test"": 158}, ""hasType"": {""auc"": 0.9235918367346939, ""ap"": 0.873126009859383, ""neg_fail"": 0.0, ""n_test"": 175}, ""isVariationOf"": {""auc"": 0.8905325443786983, ""ap"": 0.9091040561057866, ""neg_fail"": 0.0, ""n_test"": 26}, ""recruits"": {""auc"": 0.8067096086204969, ""ap"": 0.8022447541800567, ""neg_fail"": 0.0, ""n_test"": 341}, ""requires"": {""auc"": 0.5867428571428572, ""ap"": 0.5449813254737166, ""neg_fail"": 0.0, ""n_test"": 175}, ""supportsGoal"": {""auc"": 0.8965472910927457, ""ap"": 0.8686434120671116, ""neg_fail"": 0.0, ""n_test"": 330}, ""targets"": {""auc"": 0.7989551020408163, ""ap"": 0.7434235438281227, ""neg_fail"": 0.0, ""n_test"": 175}}"
